Workbook

Sheet LCRG Progress
B1: Tower | C1: Area | D1: Apartment Progress | E1: External development | F1: Ground Floor | G1: Roof Top | H1: Common Area | I1: Cleaning | J1: Progress %
C2: LCRG-Over All | D2: =D8*60%+D13*40% -> 0.59426624 | E2: =E8*60%+E13*40% -> 0.65766667 | F2: =F8*60%+F13*40% -> 0.48652 | G2: =G8*60%+G13*40% -> 0.44728 | H2: =H8*60%+H13*40% -> 0.669116 | I2: =I8*60%+I13*40% -> 0.46 | J2: =(J8*60%+J13*40%)*1.05 -> 0.6286399
C3: Weightages-Finishes | D3: 0.59 | E3: 0.1 | F3: 0.1 | G3: 0.1 | H3: 0.1 | I3: 0.01
C4: I Tower-Over All | D4: =D9*60%+D14*40% -> 0.81129287 | E4: =E9*60%+E14*40% -> 0.65766667 | F4: =F9*60%+F14*40% -> 0.6163 | G4: =G9*60%+G14*40% -> 0.5182 | H4: =H9*60%+H14*40% -> 0.72699714 | I4: =I9*60%+I14*40% -> 0.46 | J4: =J9*60%+J14*40% -> 0.77875247
C5: L1 Tower Over All | D5: =D10*60%+D15*40% -> 0.47576364 | E5: =E10*60%+E15*40% -> 0.65766667 | F5: =F10*60%+F15*40% -> 0.4 | G5: =G10*60%+G15*40% -> 0.4 | H5: =H10*60%+H15*40% -> 0.63524286 | I5: =I10*60%+I15*40% -> 0.46 | J5: =J10*60%+J15*40% -> 0.4945915
C6: L2 Tower Over All | D6: =D11*60%+D16*40% -> 0.4234 | E6: =E11*60%+E16*40% -> 0.65766667 | F6: =F11*60%+F16*40% -> 0.4 | G6: =G11*60%+G16*40% -> 0.4 | H6: =H11*60%+H16*40% -> 0.62581429 | I6: =I11*60%+I16*40% -> 0.46 | J6: =J11*60%+J16*40% -> 0.4627541
C7: FINISHES
C8: Finishes-LCRG | D8: =D9*40%+D10*30%+D11*30% -> 0.32377707 | E8: =E9*40%+E10*30%+E11*30% -> 0.42944444 | F8: =F9*40%+F10*30%+F11*30% -> 0.1442 | G8: =G9*40%+G10*30%+G11*30% -> 0.0788 | H8: =H9*40%+H10*30%+H11*30% -> 0.44852667 | I8: =I9*40%+I10*30%+I11*30% -> 0.1 | J8: =J9*40%+J10*30%+J11*30% -> 0.33117444
B9: I | C9: I Tower Progress | D9: ='Apartment Progress'!Q3 -> 0.68548812 | E9: ='External Development'!I3 -> 0.42944444 | F9: ='Ground Floor'!O3 -> 0.3605 | G9: ='Roof top'!P3 -> 0.197 | H9: ='Common Area'!I4 -> 0.54499524 | I9: 0.1 | J9: =SUMPRODUCT(D9:I9, D$3:I$3)*1.13 -> 0.63125411
B10: L1 | C10: L1 Tower Progress | D10: ='Apartment Progress'!Q192 -> 0.12627273 | E10: ='External Development'!I13 -> 0.42944444 | F10: ='Ground Floor'!O9 -> 0 | G10: ='Roof top'!P5 -> 0 | H10: ='Common Area'!I18 -> 0.39207143 | I10: 0.1 | J10: =SUMPRODUCT(D10:I10, D$3:I$3) -> 0.1576525
B11: L2 | C11: L2 Tower Progress | D11: ='Apartment Progress'!Q380 -> 0.039 | E11: ='External Development'!I23 -> 0.42944444 | F11: ='Ground Floor'!O15 -> 0 | G11: ='Roof top'!P7 -> 0 | H11: ='Common Area'!I31 -> 0.37635714 | I11: 0.1 | J11: =SUMPRODUCT(D11:I11, D$3:I$3) -> 0.10459016
C12: Structure
C13: Structure-LCRG | D13: =D14*40%+D15*30%+D16*30% -> 1 | E13: =E14*40%+E15*30%+E16*30% -> 1 | F13: =F14*40%+F15*30%+F16*30% -> 1 | G13: =G14*40%+G15*30%+G16*30% -> 1 | H13: =H14*40%+H15*30%+H16*30% -> 1 | I13: =I14*40%+I15*30%+I16*30% -> 1 | J13: =J14*40%+J15*30%+J16*30% -> 1
B14: I | C14: I Tower Progress | D14: 1 | E14: 1 | F14: 1 | G14: 1 | H14: 1 | I14: 1 | J14: =SUMPRODUCT(D14:I14, D$3:I$3) -> 1
B15: L1 | C15: L1 Tower Progress | D15: 1 | E15: 1 | F15: 1 | G15: 1 | H15: 1 | I15: 1 | J15: =SUMPRODUCT(D15:I15, D$3:I$3) -> 1
B16: L2 | C16: L2 Tower Progress | D16: 1 | E16: 1 | F16: 1 | G16: 1 | H16: 1 | I16: 1 | J16: =SUMPRODUCT(D16:I16, D$3:I$3) -> 1

Sheet Apartment Progress
B1: Tower | C1: Floor | D1: Apartment No | E1: MEP Work | F1: Ceiling | G1: Tile Work | H1: Paint Work | I1: Aluminum Work | J1: Wood Work | K1: MEP Fixtures | L1: MS Work | M1: External Plaster | N1: External Travertine | O1: External Paint | P1: Cleaning | Q1: Progress %
E2: 0.12 | F2: 0.15 | G2: 0.22 | H2: 0.1 | I2: 0.1 | J2: 0.2 | K2: 0.05 | L2: 0.02 | M2: 0.01 | N2: 0.01 | O2: 0.01 | P2: 0.01
B3: I | D3: I Tower Progress | E3: =AVERAGE(E4,E21,E55,E89,E72,E38,E106,E123,E140,E157,E174) -> 0.99090909 | F3: =AVERAGE(F4,F21,F55,F89,F72,F38,F106,F123,F140,F157,F174)*1.18 -> 0.83075576 | G3: =AVERAGE(G4,G21,G55,G89,G72,G38,G106,G123,G140,G157,G174)*1.05 -> 0.89499773 | H3: =AVERAGE(H4,H21,H55,H89,H72,H38,H106,H123,H140,H157,H174)*1.15 -> 0.33768182 | I3: =AVERAGE(I4,I21,I55,I89,I72,I38,I106,I123,I140,I157,I174)*1.1 -> 0.63636667 | J3: =AVERAGE(J4,J21,J55,J89,J72,J38,J106,J123,J140,J157,J174)*1.1 -> 0.4126 | K3: =AVERAGE(K4,K21,K55,K89,K72,K38,K106,K123,K140,K157,K174)*1.15 -> 0.15347273 | L3: =AVERAGE(L4,L21,L55,L89,L72,L38,L106,L123,L140,L157,L174) -> 0.0072727273 | M3: =AVERAGE(M4,M21,M55,M89,M72,M38,M106,M123,M140,M157,M174) -> 0.7 | N3: =AVERAGE(N4,N21,N55,N89,N72,N38,N106,N123,N140,N157,N174) -> 1 | O3: =AVERAGE(O4,O21,O55,O89,O72,O38,O106,O123,O140,O157,O174) -> 0.2 | P3: =AVERAGE(P4,P21,P55,P89,P72,P38,P106,P123,P140,P157,P174) -> 0.71818182 | Q3: =SUMPRODUCT(E3:P3, E$2:P$2)*1.04759 -> 0.68548812
C4: Floor 1 | E4: =AVERAGE(E6:E20) -> 1 | F4: =AVERAGE(F6:F20) -> 1 | G4: =AVERAGE(G6:G20) -> 1 | H4: =AVERAGE(H6:H20) -> 0.7 | I4: =AVERAGE(I6:I20) -> 0.91133333 | J4: =AVERAGE(J6:J20) -> 0.97366667 | K4: =AVERAGE(K6:K20) -> 0.72 | L4: =AVERAGE(L6:L20) -> 0.03 | ... P4: =AVERAGE(P6:P20) -> 0.9 | Q4: =SUMPRODUCT(E4:P4, E$2:P$2) -> 0.91046667
B5: I | C5: 1 | D5: 101 | E5: ='Work Progress (%)'!G14 -> 1 | F5: ='Work Progress (%)'!L14 -> 1 | G5: ='Work Progress (%)'!Y14 -> 1 | H5: ='Work Progress (%)'!AD14 -> 0.7 | I5: ='Work Progress (%)'!AI14 -> 0.55 | J5: ='Work Progress (%)'!AQ14 -> 0.8325 | K5: ='Work Progress (%)'!AV14 -> 0.7 | L5: ='Work Progress (%)'!BD14 -> 0 | M5: 0.7 | N5: 1 | O5: 0.2 | P5: 0.9 | Q5: =SUMPRODUCT(E5:P5, E$2:P$2) -> 0.8445
B6: I | C6: 1 | D6: 102 | E6: ='Work Progress (%)'!G15 -> 1 | F6: ='Work Progress (%)'!L15 -> 1 | G6: ='Work Progress (%)'!Y15 -> 1 | H6: ='Work Progress (%)'!AD15 -> 0.7 | I6: ='Work Progress (%)'!AI15 -> 0.685 | J6: ='Work Progress (%)'!AQ15 -> 0.9825 | K6: ='Work Progress (%)'!AV15 -> 0.7 | L6: ='Work Progress (%)'!BD15 -> 0 | M6: 0.7 | N6: 1 | O6: 0.2 | P6: 0.9 | Q6: =SUMPRODUCT(E6:P6, E$2:P$2) -> 0.888
B7: I | C7: 1 | D7: 103 | E7: ='Work Progress (%)'!G16 -> 1 | F7: ='Work Progress (%)'!L16 -> 1 | G7: ='Work Progress (%)'!Y16 -> 1 | H7: ='Work Progress (%)'!AD16 -> 0.7 | I7: ='Work Progress (%)'!AI16 -> 1 | J7: ='Work Progress (%)'!AQ16 -> 0.9825 | K7: ='Work Progress (%)'!AV16 -> 0.7 | L7: ='Work Progress (%)'!BD16 -> 0 | M7: 0.7 | N7: 1 | O7: 0.2 | P7: 0.9 | Q7: =SUMPRODUCT(E7:P7, E$2:P$2) -> 0.9195
B8: I | C8: 1 | D8: 104 | E8: ='Work Progress (%)'!G17 -> 1 | F8: ='Work Progress (%)'!L17 -> 1 | G8: ='Work Progress (%)'!Y17 -> 1 | H8: ='Work Progress (%)'!AD17 -> 0.5 | I8: ='Work Progress (%)'!AI17 -> 0.695 | J8: ='Work Progress (%)'!AQ17 -> 0.9825 | K8: ='Work Progress (%)'!AV17 -> 0.7 | L8: ='Work Progress (%)'!BD17 -> 0 | M8: 0.7 | N8: 1 | O8: 0.2 | P8: 0.9 | Q8: =SUMPRODUCT(E8:P8, E$2:P$2) -> 0.869
B9: I | C9: 1 | D9: 105 | E9: ='Work Progress (%)'!G18 -> 1 | F9: ='Work Progress (%)'!L18 -> 1 | G9: ='Work Progress (%)'!Y18 -> 1 | H9: ='Work Progress (%)'!AD18 -> 0.7 | I9: ='Work Progress (%)'!AI18 -> 0.785 | J9: ='Work Progress (%)'!AQ18 -> 0.9825 | K9: ='Work Progress (%)'!AV18 -> 0.7 | L9: ='Work Progress (%)'!BD18 -> 0 | M9: 0.7 | N9: 1 | O9: 0.2 | P9: 0.9 | Q9: =SUMPRODUCT(E9:P9, E$2:P$2) -> 0.898
B10: I | C10: 1 | D10: 106 | E10: ='Work Progress (%)'!G19 -> 1 | F10: ='Work Progress (%)'!L19 -> 1 | G10: ='Work Progress (%)'!Y19 -> 1 | H10: ='Work Progress (%)'!AD19 -> 0.7 | I10: ='Work Progress (%)'!AI19 -> 1 | J10: ='Work Progress (%)'!AQ19 -> 0.9825 | K10: ='Work Progress (%)'!AV19 -> 0.85 | L10: ='Work Progress (%)'!BD19 -> 0 | M10: 0.7 | N10: 1 | O10: 0.2 | P10: 0.9 | Q10: =SUMPRODUCT(E10:P10, E$2:P$2) -> 0.927
B11: I | C11: 1 | D11: 107 | E11: ='Work Progress (%)'!G20 -> 1 | F11: ='Work Progress (%)'!L20 -> 1 | G11: ='Work Progress (%)'!Y20 -> 1 | H11: ='Work Progress (%)'!AD20 -> 0.7 | I11: ='Work Progress (%)'!AI20 -> 1 | J11: ='Work Progress (%)'!AQ20 -> 0.9825 | K11: ='Work Progress (%)'!AV20 -> 0.7 | L11: ='Work Progress (%)'!BD20 -> 0 | M11: 0.7 | N11: 1 | O11: 0.2 | P11: 0.9 | Q11: =SUMPRODUCT(E11:P11, E$2:P$2) -> 0.9195
B12: I | C12: 1 | D12: 108 | E12: ='Work Progress (%)'!G21 -> 1 | F12: ='Work Progress (%)'!L21 -> 1 | G12: ='Work Progress (%)'!Y21 -> 1 | H12: ='Work Progress (%)'!AD21 -> 0.8 | I12: ='Work Progress (%)'!AI21 -> 1 | J12: ='Work Progress (%)'!AQ21 -> 0.9825 | K12: ='Work Progress (%)'!AV21 -> 0.85 | L12: ='Work Progress (%)'!BD21 -> 0 | M12: 0.7 | N12: 1 | O12: 0.2 | P12: 0.9 | Q12: =SUMPRODUCT(E12:P12, E$2:P$2) -> 0.937
B13: I | C13: 1 | D13: 109 | E13: ='Work Progress (%)'!G22 -> 1 | F13: ='Work Progress (%)'!L22 -> 1 | G13: ='Work Progress (%)'!Y22 -> 1 | H13: ='Work Progress (%)'!AD22 -> 0.7 | I13: ='Work Progress (%)'!AI22 -> 1 | J13: ='Work Progress (%)'!AQ22 -> 0.9825 | K13: ='Work Progress (%)'!AV22 -> 0.7 | L13: ='Work Progress (%)'!BD22 -> 0 | M13: 0.7 | N13: 1 | O13: 0.2 | P13: 0.9 | Q13: =SUMPRODUCT(E13:P13, E$2:P$2) -> 0.9195
B14: I | C14: 1 | D14: 110 | E14: ='Work Progress (%)'!G23 -> 1 | F14: ='Work Progress (%)'!L23 -> 1 | G14: ='Work Progress (%)'!Y23 -> 1 | H14: ='Work Progress (%)'!AD23 -> 0.8 | I14: ='Work Progress (%)'!AI23 -> 0.91 | J14: ='Work Progress (%)'!AQ23 -> 0.9825 | K14: ='Work Progress (%)'!AV23 -> 0.7 | L14: ='Work Progress (%)'!BD23 -> 0.45 | M14: 0.7 | N14: 1 | O14: 0.2 | P14: 0.9 | Q14: =SUMPRODUCT(E14:P14, E$2:P$2) -> 0.9295
B15: I | C15: 1 | D15: 111 | E15: ='Work Progress (%)'!G24 -> 1 | F15: ='Work Progress (%)'!L24 -> 1 | G15: ='Work Progress (%)'!Y24 -> 1 | H15: ='Work Progress (%)'!AD24 -> 0.7 | I15: ='Work Progress (%)'!AI24 -> 0.91 | J15: ='Work Progress (%)'!AQ24 -> 0.9825 | K15: ='Work Progress (%)'!AV24 -> 0.7 | L15: ='Work Progress (%)'!BD24 -> 0 | M15: 0.7 | N15: 1 | O15: 0.2 | P15: 0.9 | Q15: =SUMPRODUCT(E15:P15, E$2:P$2) -> 0.9105
B16: I | C16: 1 | D16: 112 | E16: ='Work Progress (%)'!G25 -> 1 | F16: ='Work Progress (%)'!L25 -> 1 | G16: ='Work Progress (%)'!Y25 -> 1 | H16: ='Work Progress (%)'!AD25 -> 0.8 | I16: ='Work Progress (%)'!AI25 -> 1 | J16: ='Work Progress (%)'!AQ25 -> 1 | K16: ='Work Progress (%)'!AV25 -> 0.7 | L16: ='Work Progress (%)'!BD25 -> 0 | M16: 0.7 | N16: 1 | O16: 0.2 | P16: 0.9 | Q16: =SUMPRODUCT(E16:P16, E$2:P$2) -> 0.933
... B20: I | C20: 1 | D20: 116 | E20: ='Work Progress (%)'!G29 -> 1 | F20: ='Work Progress (%)'!L29 -> 1 | G20: ='Work Progress (%)'!Y29 -> 1 | H20: ='Work Progress (%)'!AD29 -> 0.7 | I20: ='Work Progress (%)'!AI29 -> 1 | J20: ='Work Progress (%)'!AQ29 -> 0.9825 | K20: ='Work Progress (%)'!AV29 -> 0.7 | L20: ='Work Progress (%)'!BD29 -> 0 | M20: 0.7 | N20: 1 | O20: 0.2 | P20: 0.9 | Q20: =SUMPRODUCT(E20:P20, E$2:P$2) -> 0.9195
B21: I | D21: Floor 2 | E21: =AVERAGE(E23:E37) -> 1 | F21: =AVERAGE(F23:F37) -> 1 | G21: =AVERAGE(G23:G37) -> 1 | H21: =AVERAGE(H23:H37) -> 0.5 | I21: =AVERAGE(I23:I37) -> 0.86166667 | J21: =AVERAGE(J23:J37) -> 0.9725 | K21: =AVERAGE(K23:K37) -> 0.55 | L21: =AVERAGE(L23:L37) -> 0 | ... P21: =AVERAGE(P23:P37) -> 0.7 | Q21: =SUMPRODUCT(E21:P21, E$2:P$2) -> 0.87416667
B22: I | C22: 2 | D22: 201 | E22: ='Work Progress (%)'!G31 -> 1 | F22: ='Work Progress (%)'!L31 -> 1 | G22: ='Work Progress (%)'!Y31 -> 1 | H22: ='Work Progress (%)'!AD31 -> 0.5 | I22: ='Work Progress (%)'!AI31 -> 0.375 | J22: ='Work Progress (%)'!AQ31 -> 0.8325 | K22: ='Work Progress (%)'!AV31 -> 0.55 | L22: ='Work Progress (%)'!BD31 -> 0 | M22: 0.7 | N22: 1 | O22: 0.2 | P22: 0.7 | Q22: =SUMPRODUCT(E22:P22, E$2:P$2) -> 0.7975
B23: I | C23: 2 | D23: 202 | E23: ='Work Progress (%)'!G32 -> 1 | F23: ='Work Progress (%)'!L32 -> 1 | G23: ='Work Progress (%)'!Y32 -> 1 | H23: ='Work Progress (%)'!AD32 -> 0.5 | I23: ='Work Progress (%)'!AI32 -> 0.55 | J23: ='Work Progress (%)'!AQ32 -> 0.9825 | K23: ='Work Progress (%)'!AV32 -> 0.55 | L23: ='Work Progress (%)'!BD32 -> 0 | M23: 0.7 | N23: 1 | O23: 0.2 | P23: 0.7 | Q23: =SUMPRODUCT(E23:P23, E$2:P$2) -> 0.845
B24: I | C24: 2 | D24: 203 | E24: ='Work Progress (%)'!G33 -> 1 | F24: ='Work Progress (%)'!L33 -> 1 | G24: ='Work Progress (%)'!Y33 -> 1 | H24: ='Work Progress (%)'!AD33 -> 0.5 | I24: ='Work Progress (%)'!AI33 -> 0.595 | J24: ='Work Progress (%)'!AQ33 -> 0.9825 | K24: ='Work Progress (%)'!AV33 -> 0.55 | L24: ='Work Progress (%)'!BD33 -> 0 | M24: 0.7 | N24: 1 | O24: 0.2 | P24: 0.7 | Q24: =SUMPRODUCT(E24:P24, E$2:P$2) -> 0.8495
B25: I | C25: 2 | D25: 204 | E25: ='Work Progress (%)'!G34 -> 1 | F25: ='Work Progress (%)'!L34 -> 1 | G25: ='Work Progress (%)'!Y34 -> 1 | H25: ='Work Progress (%)'!AD34 -> 0.5 | I25: ='Work Progress (%)'!AI34 -> 0.7 | J25: ='Work Progress (%)'!AQ34 -> 0.9825 | K25: ='Work Progress (%)'!AV34 -> 0.55 | L25: ='Work Progress (%)'!BD34 -> 0 | M25: 0.7 | N25: 1 | O25: 0.2 | P25: 0.7 | Q25: =SUMPRODUCT(E25:P25, E$2:P$2) -> 0.86
B26: I | C26: 2 | D26: 205 | E26: ='Work Progress (%)'!G35 -> 1 | F26: ='Work Progress (%)'!L35 -> 1 | G26: ='Work Progress (%)'!Y35 -> 1 | H26: ='Work Progress (%)'!AD35 -> 0.5 | I26: ='Work Progress (%)'!AI35 -> 0.85 | J26: ='Work Progress (%)'!AQ35 -> 0.9825 | K26: ='Work Progress (%)'!AV35 -> 0.55 | L26: ='Work Progress (%)'!BD35 -> 0 | M26: 0.7 | N26: 1 | O26: 0.2 | P26: 0.7 | Q26: =SUMPRODUCT(E26:P26, E$2:P$2) -> 0.875
B27: I | C27: 2 | D27: 206 | E27: ='Work Progress (%)'!G36 -> 1 | F27: ='Work Progress (%)'!L36 -> 1 | G27: ='Work Progress (%)'!Y36 -> 1 | H27: ='Work Progress (%)'!AD36 -> 0.5 | I27: ='Work Progress (%)'!AI36 -> 1 | J27: ='Work Progress (%)'!AQ36 -> 0.9825 | K27: ='Work Progress (%)'!AV36 -> 0.55 | L27: ='Work Progress (%)'!BD36 -> 0 | M27: 0.7 | N27: 1 | O27: 0.2 | P27: 0.7 | Q27: =SUMPRODUCT(E27:P27, E$2:P$2) -> 0.89
B28: I | C28: 2 | D28: 207 | E28: ='Work Progress (%)'!G37 -> 1 | F28: ='Work Progress (%)'!L37 -> 1 | G28: ='Work Progress (%)'!Y37 -> 1 | H28: ='Work Progress (%)'!AD37 -> 0.5 | I28: ='Work Progress (%)'!AI37 -> 0.905 | J28: ='Work Progress (%)'!AQ37 -> 0.9825 | K28: ='Work Progress (%)'!AV37 -> 0.55 | L28: ='Work Progress (%)'!BD37 -> 0 | M28: 0.7 | N28: 1 | O28: 0.2 | P28: 0.7 | Q28: =SUMPRODUCT(E28:P28, E$2:P$2) -> 0.8805
B29: I | C29: 2 | D29: 208 | E29: ='Work Progress (%)'!G38 -> 1 | F29: ='Work Progress (%)'!L38 -> 1 | G29: ='Work Progress (%)'!Y38 -> 1 | H29: ='Work Progress (%)'!AD38 -> 0.5 | I29: ='Work Progress (%)'!AI38 -> 1 | J29: ='Work Progress (%)'!AQ38 -> 0.9825 | K29: ='Work Progress (%)'!AV38 -> 0.55 | L29: ='Work Progress (%)'!BD38 -> 0 | M29: 0.7 | N29: 1 | O29: 0.2 | P29: 0.7 | Q29: =SUMPRODUCT(E29:P29, E$2:P$2) -> 0.89
B30: I | C30: 2 | D30: 209 | E30: ='Work Progress (%)'!G39 -> 1 | F30: ='Work Progress (%)'!L39 -> 1 | G30: ='Work Progress (%)'!Y39 -> 1 | H30: ='Work Progress (%)'!AD39 -> 0.5 | I30: ='Work Progress (%)'!AI39 -> 0.91 | J30: ='Work Progress (%)'!AQ39 -> 0.9825 | K30: ='Work Progress (%)'!AV39 -> 0.55 | L30: ='Work Progress (%)'!BD39 -> 0 | M30: 0.7 | N30: 1 | O30: 0.2 | P30: 0.7 | Q30: =SUMPRODUCT(E30:P30, E$2:P$2) -> 0.881
B31: I | C31: 2 | D31: 210 | E31: ='Work Progress (%)'!G40 -> 1 | F31: ='Work Progress (%)'!L40 -> 1 | G31: ='Work Progress (%)'!Y40 -> 1 | H31: ='Work Progress (%)'!AD40 -> 0.5 | I31: ='Work Progress (%)'!AI40 -> 1 | J31: ='Work Progress (%)'!AQ40 -> 0.9825 | K31: ='Work Progress (%)'!AV40 -> 0.55 | L31: ='Work Progress (%)'!BD40 -> 0 | M31: 0.7 | N31: 1 | O31: 0.2 | P31: 0.7 | Q31: =SUMPRODUCT(E31:P31, E$2:P$2) -> 0.89
B32: I | C32: 2 | D32: 211 | E32: ='Work Progress (%)'!G41 -> 1 | F32: ='Work Progress (%)'!L41 -> 1 | G32: ='Work Progress (%)'!Y41 -> 1 | H32: ='Work Progress (%)'!AD41 -> 0.5 | I32: ='Work Progress (%)'!AI41 -> 0.82 | J32: ='Work Progress (%)'!AQ41 -> 0.9825 | K32: ='Work Progress (%)'!AV41 -> 0.55 | L32: ='Work Progress (%)'!BD41 -> 0 | M32: 0.7 | N32: 1 | O32: 0.2 | P32: 0.7 | Q32: =SUMPRODUCT(E32:P32, E$2:P$2) -> 0.872
B33: I | C33: 2 | D33: 212 | E33: ='Work Progress (%)'!G42 -> 1 | F33: ='Work Progress (%)'!L42 -> 1 | G33: ='Work Progress (%)'!Y42 -> 1 | H33: ='Work Progress (%)'!AD42 -> 0.5 | I33: ='Work Progress (%)'!AI42 -> 1 | J33: ='Work Progress (%)'!AQ42 -> 0.9825 | K33: ='Work Progress (%)'!AV42 -> 0.55 | L33: ='Work Progress (%)'!BD42 -> 0 | M33: 0.7 | N33: 1 | O33: 0.2 | P33: 0.7 | Q33: =SUMPRODUCT(E33:P33, E$2:P$2) -> 0.89
... B37: I | C37: 2 | D37: 216 | E37: ='Work Progress (%)'!G46 -> 1 | F37: ='Work Progress (%)'!L46 -> 1 | G37: ='Work Progress (%)'!Y46 -> 1 | H37: ='Work Progress (%)'!AD46 -> 0.5 | I37: ='Work Progress (%)'!AI46 -> 0.91 | J37: ='Work Progress (%)'!AQ46 -> 0.9825 | K37: ='Work Progress (%)'!AV46 -> 0.55 | L37: ='Work Progress (%)'!BD46 -> 0 | M37: 0.7 | N37: 1 | O37: 0.2 | P37: 0.7 | Q37: =SUMPRODUCT(E37:P37, E$2:P$2) -> 0.881
B38: I | D38: Floor 3 | E38: =AVERAGE(E40:E54) -> 1 | F38: =AVERAGE(F40:F54) -> 0.962 | G38: =AVERAGE(G40:G54) -> 0.99083333 | H38: =AVERAGE(H40:H54) -> 0.5 | I38: =AVERAGE(I40:I54) -> 0.87866667 | J38: =AVERAGE(J40:J54) -> 0.9635 | K38: =AVERAGE(K40:K54) -> 0.198 | L38: =AVERAGE(L40:L54) -> 0.05 | ... P38: =AVERAGE(P40:P54) -> 0.7 | Q38: =SUMPRODUCT(E38:P38, E$2:P$2) -> 0.84975
B39: I | C39: 3 | D39: 301 | E39: ='Work Progress (%)'!G48 -> 1 | F39: ='Work Progress (%)'!L48 -> 1 | G39: ='Work Progress (%)'!Y48 -> 0.9975 | H39: ='Work Progress (%)'!AD48 -> 0.5 | I39: ='Work Progress (%)'!AI48 -> 0.715 | J39: ='Work Progress (%)'!AQ48 -> 0.7275 | K39: ='Work Progress (%)'!AV48 -> 0.21 | L39: ='Work Progress (%)'!BD48 -> 0 | M39: 0.7 | N39: 1 | O39: 0.2 | P39: 0.7 | Q39: =SUMPRODUCT(E39:P39, E$2:P$2) -> 0.79295
B40: I | C40: 3 | D40: 302 | E40: ='Work Progress (%)'!G49 -> 1 | F40: ='Work Progress (%)'!L49 -> 1 | G40: ='Work Progress (%)'!Y49 -> 0.9975 | H40: ='Work Progress (%)'!AD49 -> 0.5 | I40: ='Work Progress (%)'!AI49 -> 0.61 | J40: ='Work Progress (%)'!AQ49 -> 0.9825 | K40: ='Work Progress (%)'!AV49 -> 0.21 | L40: ='Work Progress (%)'!BD49 -> 0 | M40: 0.7 | N40: 1 | O40: 0.2 | P40: 0.7 | Q40: =SUMPRODUCT(E40:P40, E$2:P$2) -> 0.83345
B41: I | C41: 3 | D41: 303 | E41: ='Work Progress (%)'!G50 -> 1 | F41: ='Work Progress (%)'!L50 -> 1 | G41: ='Work Progress (%)'!Y50 -> 0.9975 | H41: ='Work Progress (%)'!AD50 -> 0.5 | I41: ='Work Progress (%)'!AI50 -> 0.82 | J41: ='Work Progress (%)'!AQ50 -> 0.9825 | K41: ='Work Progress (%)'!AV50 -> 0.21 | L41: ='Work Progress (%)'!BD50 -> 0 | M41: 0.7 | N41: 1 | O41: 0.2 | P41: 0.7 | Q41: =SUMPRODUCT(E41:P41, E$2:P$2) -> 0.85445
B42: I | C42: 3 | D42: 304 | E42: ='Work Progress (%)'!G51 -> 1 | F42: ='Work Progress (%)'!L51 -> 1 | G42: ='Work Progress (%)'!Y51 -> 0.8975 | H42: ='Work Progress (%)'!AD51 -> 0.5 | I42: ='Work Progress (%)'!AI51 -> 0.685 | J42: ='Work Progress (%)'!AQ51 -> 0.9525 | K42: ='Work Progress (%)'!AV51 -> 0.3 | L42: ='Work Progress (%)'!BD51 -> 0 | M42: 0.7 | N42: 1 | O42: 0.2 | P42: 0.7 | Q42: =SUMPRODUCT(E42:P42, E$2:P$2) -> 0.81745
B43: I | C43: 3 | D43: 305 | E43: ='Work Progress (%)'!G52 -> 1 | F43: ='Work Progress (%)'!L52 -> 1 | G43: ='Work Progress (%)'!Y52 -> 0.9975 | H43: ='Work Progress (%)'!AD52 -> 0.5 | I43: ='Work Progress (%)'!AI52 -> 0.995 | J43: ='Work Progress (%)'!AQ52 -> 0.9825 | K43: ='Work Progress (%)'!AV52 -> 0.21 | L43: ='Work Progress (%)'!BD52 -> 0 | M43: 0.7 | N43: 1 | O43: 0.2 | P43: 0.7 | Q43: =SUMPRODUCT(E43:P43, E$2:P$2) -> 0.87195
B44: I | C44: 3 | D44: 306 | E44: ='Work Progress (%)'!G53 -> 1 | F44: ='Work Progress (%)'!L53 -> 1 | G44: ='Work Progress (%)'!Y53 -> 0.9975 | H44: ='Work Progress (%)'!AD53 -> 0.5 | I44: ='Work Progress (%)'!AI53 -> 0.85 | J44: ='Work Progress (%)'!AQ53 -> 0.9825 | K44: ='Work Progress (%)'!AV53 -> 0.3 | L44: ='Work Progress (%)'!BD53 -> 0 | M44: 0.7 | N44: 1 | O44: 0.2 | P44: 0.7 | Q44: =SUMPRODUCT(E44:P44, E$2:P$2) -> 0.86195
B45: I | C45: 3 | D45: 307 | E45: ='Work Progress (%)'!G54 -> 1 | F45: ='Work Progress (%)'!L54 -> 1 | G45: ='Work Progress (%)'!Y54 -> 0.9975 | H45: ='Work Progress (%)'!AD54 -> 0.5 | I45: ='Work Progress (%)'!AI54 -> 1 | J45: ='Work Progress (%)'!AQ54 -> 0.9825 | K45: ='Work Progress (%)'!AV54 -> 0.21 | L45: ='Work Progress (%)'!BD54 -> 0 | M45: 0.7 | N45: 1 | O45: 0.2 | P45: 0.7 | Q45: =SUMPRODUCT(E45:P45, E$2:P$2) -> 0.87245
B46: I | C46: 3 | D46: 308 | E46: ='Work Progress (%)'!G55 -> 1 | F46: ='Work Progress (%)'!L55 -> 1 | G46: ='Work Progress (%)'!Y55 -> 0.9975 | H46: ='Work Progress (%)'!AD55 -> 0.5 | I46: ='Work Progress (%)'!AI55 -> 1 | J46: ='Work Progress (%)'!AQ55 -> 0.9825 | K46: ='Work Progress (%)'!AV55 -> 0.3 | L46: ='Work Progress (%)'!BD55 -> 0 | M46: 0.7 | N46: 1 | O46: 0.2 | P46: 0.7 | Q46: =SUMPRODUCT(E46:P46, E$2:P$2) -> 0.87695
B47: I | C47: 3 | D47: 309 | E47: ='Work Progress (%)'!G56 -> 1 | F47: ='Work Progress (%)'!L56 -> 1 | G47: ='Work Progress (%)'!Y56 -> 0.9975 | H47: ='Work Progress (%)'!AD56 -> 0.5 | I47: ='Work Progress (%)'!AI56 -> 0.82 | J47: ='Work Progress (%)'!AQ56 -> 0.9825 | K47: ='Work Progress (%)'!AV56 -> 0.21 | L47: ='Work Progress (%)'!BD56 -> 0 | M47: 0.7 | N47: 1 | O47: 0.2 | P47: 0.7 | Q47: =SUMPRODUCT(E47:P47, E$2:P$2) -> 0.85445
B48: I | C48: 3 | D48: 310 | E48: ='Work Progress (%)'!G57 -> 1 | F48: ='Work Progress (%)'!L57 -> 1 | G48: ='Work Progress (%)'!Y57 -> 0.9975 | H48: ='Work Progress (%)'!AD57 -> 0.5 | I48: ='Work Progress (%)'!AI57 -> 1 | J48: ='Work Progress (%)'!AQ57 -> 0.9825 | K48: ='Work Progress (%)'!AV57 -> 0.3 | L48: ='Work Progress (%)'!BD57 -> 0 | M48: 0.7 | N48: 1 | O48: 0.2 | P48: 0.7 | Q48: =SUMPRODUCT(E48:P48, E$2:P$2) -> 0.87695
B49: I | C49: 3 | D49: 311 | E49: ='Work Progress (%)'!G58 -> 1 | F49: ='Work Progress (%)'!L58 -> 1 | G49: ='Work Progress (%)'!Y58 -> 0.9975 | H49: ='Work Progress (%)'!AD58 -> 0.5 | I49: ='Work Progress (%)'!AI58 -> 0.91 | J49: ='Work Progress (%)'!AQ58 -> 0.9825 | K49: ='Work Progress (%)'!AV58 -> 0.21 | L49: ='Work Progress (%)'!BD58 -> 0 | M49: 0.7 | N49: 1 | O49: 0.2 | P49: 0.7 | Q49: =SUMPRODUCT(E49:P49, E$2:P$2) -> 0.86345
B50: I | C50: 3 | D50: 312 | E50: ='Work Progress (%)'!G59 -> 1 | F50: ='Work Progress (%)'!L59 -> 0.9 | G50: ='Work Progress (%)'!Y59 -> 0.9975 | H50: ='Work Progress (%)'!AD59 -> 0.5 | I50: ='Work Progress (%)'!AI59 -> 1 | J50: ='Work Progress (%)'!AQ59 -> 0.9825 | K50: ='Work Progress (%)'!AV59 -> 0.3 | L50: ='Work Progress (%)'!BD59 -> 0.75 | M50: 0.7 | N50: 1 | O50: 0.2 | P50: 0.7 | Q50: =SUMPRODUCT(E50:P50, E$2:P$2) -> 0.87695
... B54: I | C54: 3 | D54: 316 | E54: ='Work Progress (%)'!G63 -> 1 | F54: ='Work Progress (%)'!L63 -> 0.9 | G54: ='Work Progress (%)'!Y63 -> 0.9975 | H54: ='Work Progress (%)'!AD63 -> 0.5 | I54: ='Work Progress (%)'!AI63 -> 0.895 | J54: ='Work Progress (%)'!AQ63 -> 0.9825 | K54: ='Work Progress (%)'!AV63 -> 0 | L54: ='Work Progress (%)'!BD63 -> 0 | M54: 0.7 | N54: 1 | O54: 0.2 | P54: 0.7 | Q54: =SUMPRODUCT(E54:P54, E$2:P$2) -> 0.83645
B55: I | D55: Floor 4 | E55: =AVERAGE(E57:E71) -> 1 | F55: =AVERAGE(F57:F71) -> 0.96933333 | G55: =AVERAGE(G57:G71) -> 0.9975 | H55: =AVERAGE(H57:H71) -> 0.5 | I55: =AVERAGE(I57:I71) -> 0.869 | J55: =AVERAGE(J57:J71) -> 0.8185 | K55: =AVERAGE(K57:K71) -> 0 | L55: =AVERAGE(L57:L71) -> 0 | ... P55: =AVERAGE(P57:P71) -> 0.7 | Q55: =AVERAGE(Q56:Q71) -> 0.8103875
B56: I | C56: 4 | D56: 401 | E56: ='Work Progress (%)'!G65 -> 1 | F56: ='Work Progress (%)'!L65 -> 0.95 | G56: ='Work Progress (%)'!Y65 -> 0.9975 | H56: ='Work Progress (%)'!AD65 -> 0.5 | I56: ='Work Progress (%)'!AI65 -> 1 | J56: ='Work Progress (%)'!AQ65 -> 0.6825 | K56: ='Work Progress (%)'!AV65 -> 0 | L56: ='Work Progress (%)'!BD65 -> 0 | M56: 0.7 | N56: 1 | O56: 0.2 | P56: 0.7 | Q56: =SUMPRODUCT(E56:P56, E$2:P$2) -> 0.79445
B57: I | C57: 4 | D57: 402 | E57: ='Work Progress (%)'!G66 -> 1 | F57: ='Work Progress (%)'!L66 -> 0.93 | G57: ='Work Progress (%)'!Y66 -> 0.9975 | H57: ='Work Progress (%)'!AD66 -> 0.5 | I57: ='Work Progress (%)'!AI66 -> 0.595 | J57: ='Work Progress (%)'!AQ66 -> 0.805 | K57: ='Work Progress (%)'!AV66 -> 0 | L57: ='Work Progress (%)'!BD66 -> 0 | M57: 0.7 | N57: 1 | O57: 0.2 | P57: 0.7 | Q57: =SUMPRODUCT(E57:P57, E$2:P$2) -> 0.77545
B58: I | C58: 4 | D58: 403 | E58: ='Work Progress (%)'!G67 -> 1 | F58: ='Work Progress (%)'!L67 -> 1 | G58: ='Work Progress (%)'!Y67 -> 0.9975 | H58: ='Work Progress (%)'!AD67 -> 0.5 | I58: ='Work Progress (%)'!AI67 -> 0.895 | J58: ='Work Progress (%)'!AQ67 -> 0.86 | K58: ='Work Progress (%)'!AV67 -> 0 | L58: ='Work Progress (%)'!BD67 -> 0 | M58: 0.7 | N58: 1 | O58: 0.2 | P58: 0.7 | Q58: =SUMPRODUCT(E58:P58, E$2:P$2) -> 0.82695
B59: I | C59: 4 | D59: 404 | E59: ='Work Progress (%)'!G68 -> 1 | F59: ='Work Progress (%)'!L68 -> 0.9 | G59: ='Work Progress (%)'!Y68 -> 0.9975 | H59: ='Work Progress (%)'!AD68 -> 0.5 | I59: ='Work Progress (%)'!AI68 -> 0.685 | J59: ='Work Progress (%)'!AQ68 -> 0.915 | K59: ='Work Progress (%)'!AV68 -> 0 | L59: ='Work Progress (%)'!BD68 -> 0 | M59: 0.7 | N59: 1 | O59: 0.2 | P59: 0.7 | Q59: =SUMPRODUCT(E59:P59, E$2:P$2) -> 0.80195
B60: I | C60: 4 | D60: 405 | E60: ='Work Progress (%)'!G69 -> 1 | F60: ='Work Progress (%)'!L69 -> 0.9 | G60: ='Work Progress (%)'!Y69 -> 0.9975 | H60: ='Work Progress (%)'!AD69 -> 0.5 | I60: ='Work Progress (%)'!AI69 -> 0.895 | J60: ='Work Progress (%)'!AQ69 -> 0.915 | K60: ='Work Progress (%)'!AV69 -> 0 | L60: ='Work Progress (%)'!BD69 -> 0 | M60: 0.7 | N60: 1 | O60: 0.2 | P60: 0.7 | Q60: =SUMPRODUCT(E60:P60, E$2:P$2) -> 0.82295
B61: I | C61: 4 | D61: 406 | E61: ='Work Progress (%)'!G70 -> 1 | F61: ='Work Progress (%)'!L70 -> 1 | G61: ='Work Progress (%)'!Y70 -> 0.9975 | H61: ='Work Progress (%)'!AD70 -> 0.5 | I61: ='Work Progress (%)'!AI70 -> 0.685 | J61: ='Work Progress (%)'!AQ70 -> 0.8775 | K61: ='Work Progress (%)'!AV70 -> 0 | L61: ='Work Progress (%)'!BD70 -> 0 | M61: 0.7 | N61: 1 | O61: 0.2 | P61: 0.7 | Q61: =SUMPRODUCT(E61:P61, E$2:P$2) -> 0.80945
B62: I | C62: 4 | D62: 407 | E62: ='Work Progress (%)'!G71 -> 1 | F62: ='Work Progress (%)'!L71 -> 0.97 | G62: ='Work Progress (%)'!Y71 -> 0.9975 | H62: ='Work Progress (%)'!AD71 -> 0.5 | I62: ='Work Progress (%)'!AI71 -> 1 | J62: ='Work Progress (%)'!AQ71 -> 0.685 | K62: ='Work Progress (%)'!AV71 -> 0 | L62: ='Work Progress (%)'!BD71 -> 0 | M62: 0.7 | N62: 1 | O62: 0.2 | P62: 0.7 | Q62: =SUMPRODUCT(E62:P62, E$2:P$2) -> 0.79795
B63: I | C63: 4 | D63: 408 | E63: ='Work Progress (%)'!G72 -> 1 | F63: ='Work Progress (%)'!L72 -> 1 | G63: ='Work Progress (%)'!Y72 -> 0.9975 | H63: ='Work Progress (%)'!AD72 -> 0.5 | I63: ='Work Progress (%)'!AI72 -> 1 | J63: ='Work Progress (%)'!AQ72 -> 0.915 | K63: ='Work Progress (%)'!AV72 -> 0 | L63: ='Work Progress (%)'!BD72 -> 0 | M63: 0.7 | N63: 1 | O63: 0.2 | P63: 0.7 | Q63: =SUMPRODUCT(E63:P63, E$2:P$2) -> 0.84845
B64: I | C64: 4 | D64: 409 | E64: ='Work Progress (%)'!G73 -> 1 | F64: ='Work Progress (%)'!L73 -> 1 | G64: ='Work Progress (%)'!Y73 -> 0.9975 | H64: ='Work Progress (%)'!AD73 -> 0.5 | I64: ='Work Progress (%)'!AI73 -> 1 | J64: ='Work Progress (%)'!AQ73 -> 0.915 | K64: ='Work Progress (%)'!AV73 -> 0 | L64: ='Work Progress (%)'!BD73 -> 0 | M64: 0.7 | N64: 1 | O64: 0.2 | P64: 0.7 | Q64: =SUMPRODUCT(E64:P64, E$2:P$2) -> 0.84845
B65: I | C65: 4 | D65: 410 | E65: ='Work Progress (%)'!G74 -> 1 | F65: ='Work Progress (%)'!L74 -> 1 | G65: ='Work Progress (%)'!Y74 -> 0.9975 | H65: ='Work Progress (%)'!AD74 -> 0.5 | I65: ='Work Progress (%)'!AI74 -> 1 | J65: ='Work Progress (%)'!AQ74 -> 0.8775 | K65: ='Work Progress (%)'!AV74 -> 0 | L65: ='Work Progress (%)'!BD74 -> 0 | M65: 0.7 | N65: 1 | O65: 0.2 | P65: 0.7 | Q65: =SUMPRODUCT(E65:P65, E$2:P$2) -> 0.84095
B66: I | C66: 4 | D66: 411 | E66: ='Work Progress (%)'!G75 -> 1 | F66: ='Work Progress (%)'!L75 -> 1 | G66: ='Work Progress (%)'!Y75 -> 0.9975 | H66: ='Work Progress (%)'!AD75 -> 0.5 | I66: ='Work Progress (%)'!AI75 -> 0.805 | J66: ='Work Progress (%)'!AQ75 -> 0.79 | K66: ='Work Progress (%)'!AV75 -> 0 | L66: ='Work Progress (%)'!BD75 -> 0 | M66: 0.7 | N66: 1 | O66: 0.2 | P66: 0.7 | Q66: =SUMPRODUCT(E66:P66, E$2:P$2) -> 0.80395
B67: I | C67: 4 | D67: 412 | E67: ='Work Progress (%)'!G76 -> 1 | F67: ='Work Progress (%)'!L76 -> 1 | G67: ='Work Progress (%)'!Y76 -> 0.9975 | H67: ='Work Progress (%)'!AD76 -> 0.5 | I67: ='Work Progress (%)'!AI76 -> 1 | J67: ='Work Progress (%)'!AQ76 -> 0.7925 | K67: ='Work Progress (%)'!AV76 -> 0 | L67: ='Work Progress (%)'!BD76 -> 0 | M67: 0.7 | N67: 1 | O67: 0.2 | P67: 0.7 | Q67: =SUMPRODUCT(E67:P67, E$2:P$2) -> 0.82395
... B71: I | C71: 4 | D71: 416 | E71: ='Work Progress (%)'!G80 -> 1 | F71: ='Work Progress (%)'!L80 -> 1 | G71: ='Work Progress (%)'!Y80 -> 0.9975 | H71: ='Work Progress (%)'!AD80 -> 0.5 | I71: ='Work Progress (%)'!AI80 -> 0.895 | J71: ='Work Progress (%)'!AQ80 -> 0.8275 | K71: ='Work Progress (%)'!AV80 -> 0 | L71: ='Work Progress (%)'!BD80 -> 0 | M71: 0.7 | N71: 1 | O71: 0.2 | P71: 0.7 | Q71: =SUMPRODUCT(E71:P71, E$2:P$2) -> 0.82045
B72: I | D72: Floor 5 | E72: =AVERAGE(E74:E88) -> 1 | F72: =AVERAGE(F74:F88) -> 0.94066667 | G72: =AVERAGE(G74:G88) -> 1 | H72: =AVERAGE(H74:H88) -> 0.5 | I72: =AVERAGE(I74:I88) -> 0.727 | J72: =AVERAGE(J74:J88) -> 0.2615 | K72: =AVERAGE(K74:K88) -> 0 | L72: =AVERAGE(L74:L88) -> 0 | ... P72: =AVERAGE(P74:P88) -> 0.7 | Q72: =AVERAGE(Q73:Q88) -> 0.68478125
B73: I | C73: 5 | D73: 501 | E73: ='Work Progress (%)'!G82 -> 1 | F73: ='Work Progress (%)'!L82 -> 1 | G73: ='Work Progress (%)'!Y82 -> 1 | H73: ='Work Progress (%)'!AD82 -> 0.5 | I73: ='Work Progress (%)'!AI82 -> 0.71 | J73: ='Work Progress (%)'!AQ82 -> 0.44 | K73: ='Work Progress (%)'!AV82 -> 0 | L73: ='Work Progress (%)'!BD82 -> 0 | M73: 0.7 | N73: 1 | O73: 0.2 | P73: 0.7 | Q73: =SUMPRODUCT(E73:P73, E$2:P$2) -> 0.725
B74: I | C74: 5 | D74: 502 | E74: ='Work Progress (%)'!G83 -> 1 | F74: ='Work Progress (%)'!L83 -> 1 | G74: ='Work Progress (%)'!Y83 -> 1 | H74: ='Work Progress (%)'!AD83 -> 0.5 | I74: ='Work Progress (%)'!AI83 -> 0.49 | J74: ='Work Progress (%)'!AQ83 -> 0.385 | K74: ='Work Progress (%)'!AV83 -> 0 | L74: ='Work Progress (%)'!BD83 -> 0 | M74: 0.7 | N74: 1 | O74: 0.2 | P74: 0.7 | Q74: =SUMPRODUCT(E74:P74, E$2:P$2) -> 0.692
B75: I | C75: 5 | D75: 503 | E75: ='Work Progress (%)'!G84 -> 1 | F75: ='Work Progress (%)'!L84 -> 1 | G75: ='Work Progress (%)'!Y84 -> 1 | H75: ='Work Progress (%)'!AD84 -> 0.5 | I75: ='Work Progress (%)'!AI84 -> 0.715 | J75: ='Work Progress (%)'!AQ84 -> 0.385 | K75: ='Work Progress (%)'!AV84 -> 0 | L75: ='Work Progress (%)'!BD84 -> 0 | M75: 0.7 | N75: 1 | O75: 0.2 | P75: 0.7 | Q75: =SUMPRODUCT(E75:P75, E$2:P$2) -> 0.7145
B76: I | C76: 5 | D76: 504 | E76: ='Work Progress (%)'!G85 -> 1 | F76: ='Work Progress (%)'!L85 -> 1 | G76: ='Work Progress (%)'!Y85 -> 1 | H76: ='Work Progress (%)'!AD85 -> 0.5 | I76: ='Work Progress (%)'!AI85 -> 0.58 | J76: ='Work Progress (%)'!AQ85 -> 0.4725 | K76: ='Work Progress (%)'!AV85 -> 0 | L76: ='Work Progress (%)'!BD85 -> 0 | M76: 0.7 | N76: 1 | O76: 0.2 | P76: 0.7 | Q76: =SUMPRODUCT(E76:P76, E$2:P$2) -> 0.7185
B77: I | C77: 5 | D77: 505 | E77: ='Work Progress (%)'!G86 -> 1 | F77: ='Work Progress (%)'!L86 -> 1 | G77: ='Work Progress (%)'!Y86 -> 1 | H77: ='Work Progress (%)'!AD86 -> 0.5 | I77: ='Work Progress (%)'!AI86 -> 0.715 | J77: ='Work Progress (%)'!AQ86 -> 0.3075 | K77: ='Work Progress (%)'!AV86 -> 0 | L77: ='Work Progress (%)'!BD86 -> 0 | M77: 0.7 | N77: 1 | O77: 0.2 | P77: 0.7 | Q77: =SUMPRODUCT(E77:P77, E$2:P$2) -> 0.699
B78: I | C78: 5 | D78: 506 | E78: ='Work Progress (%)'!G87 -> 1 | F78: ='Work Progress (%)'!L87 -> 1 | G78: ='Work Progress (%)'!Y87 -> 1 | H78: ='Work Progress (%)'!AD87 -> 0.5 | I78: ='Work Progress (%)'!AI87 -> 0.335 | J78: ='Work Progress (%)'!AQ87 -> 0.35 | K78: ='Work Progress (%)'!AV87 -> 0 | L78: ='Work Progress (%)'!BD87 -> 0 | M78: 0.7 | N78: 1 | O78: 0.2 | P78: 0.7 | Q78: =SUMPRODUCT(E78:P78, E$2:P$2) -> 0.6695
B79: I | C79: 5 | D79: 507 | E79: ='Work Progress (%)'!G88 -> 1 | F79: ='Work Progress (%)'!L88 -> 1 | G79: ='Work Progress (%)'!Y88 -> 1 | H79: ='Work Progress (%)'!AD88 -> 0.5 | I79: ='Work Progress (%)'!AI88 -> 0.715 | J79: ='Work Progress (%)'!AQ88 -> 0.32 | K79: ='Work Progress (%)'!AV88 -> 0 | L79: ='Work Progress (%)'!BD88 -> 0 | M79: 0.7 | N79: 1 | O79: 0.2 | P79: 0.7 | Q79: =SUMPRODUCT(E79:P79, E$2:P$2) -> 0.7015
B80: I | C80: 5 | D80: 508 | E80: ='Work Progress (%)'!G89 -> 1 | F80: ='Work Progress (%)'!L89 -> 1 | G80: ='Work Progress (%)'!Y89 -> 1 | H80: ='Work Progress (%)'!AD89 -> 0.5 | I80: ='Work Progress (%)'!AI89 -> 0.91 | J80: ='Work Progress (%)'!AQ89 -> 0.15 | K80: ='Work Progress (%)'!AV89 -> 0 | L80: ='Work Progress (%)'!BD89 -> 0 | M80: 0.7 | N80: 1 | O80: 0.2 | P80: 0.7 | Q80: =SUMPRODUCT(E80:P80, E$2:P$2) -> 0.687
B81: I | C81: 5 | D81: 509 | E81: ='Work Progress (%)'!G90 -> 1 | F81: ='Work Progress (%)'!L90 -> 1 | G81: ='Work Progress (%)'!Y90 -> 1 | H81: ='Work Progress (%)'!AD90 -> 0.5 | I81: ='Work Progress (%)'!AI90 -> 0.7 | J81: ='Work Progress (%)'!AQ90 -> 0.255 | K81: ='Work Progress (%)'!AV90 -> 0 | L81: ='Work Progress (%)'!BD90 -> 0 | M81: 0.7 | N81: 1 | O81: 0.2 | P81: 0.7 | Q81: =SUMPRODUCT(E81:P81, E$2:P$2) -> 0.687
B82: I | C82: 5 | D82: 510 | E82: ='Work Progress (%)'!G91 -> 1 | F82: ='Work Progress (%)'!L91 -> 1 | G82: ='Work Progress (%)'!Y91 -> 1 | H82: ='Work Progress (%)'!AD91 -> 0.5 | I82: ='Work Progress (%)'!AI91 -> 1 | J82: ='Work Progress (%)'!AQ91 -> 0.3075 | K82: ='Work Progress (%)'!AV91 -> 0 | L82: ='Work Progress (%)'!BD91 -> 0 | M82: 0.7 | N82: 1 | O82: 0.2 | P82: 0.7 | Q82: =SUMPRODUCT(E82:P82, E$2:P$2) -> 0.7275
B83: I | C83: 5 | D83: 511 | E83: ='Work Progress (%)'!G92 -> 1 | F83: ='Work Progress (%)'!L92 -> 1 | G83: ='Work Progress (%)'!Y92 -> 1 | H83: ='Work Progress (%)'!AD92 -> 0.5 | I83: ='Work Progress (%)'!AI92 -> 0.645 | J83: ='Work Progress (%)'!AQ92 -> 0.105 | K83: ='Work Progress (%)'!AV92 -> 0 | L83: ='Work Progress (%)'!BD92 -> 0 | M83: 0.7 | N83: 1 | O83: 0.2 | P83: 0.7 | Q83: =SUMPRODUCT(E83:P83, E$2:P$2) -> 0.6515
B84: I | C84: 5 | D84: 512 | E84: ='Work Progress (%)'!G93 -> 1 | F84: ='Work Progress (%)'!L93 -> 0.11 | G84: ='Work Progress (%)'!Y93 -> 1 | H84: ='Work Progress (%)'!AD93 -> 0.5 | I84: ='Work Progress (%)'!AI93 -> 1 | J84: ='Work Progress (%)'!AQ93 -> 0 | K84: ='Work Progress (%)'!AV93 -> 0 | L84: ='Work Progress (%)'!BD93 -> 0 | M84: 0.7 | N84: 1 | O84: 0.2 | P84: 0.7 | Q84: =SUMPRODUCT(E84:P84, E$2:P$2) -> 0.5325
... B88: I | C88: 5 | D88: 516 | E88: ='Work Progress (%)'!G97 -> 1 | F88: ='Work Progress (%)'!L97 -> 1 | G88: ='Work Progress (%)'!Y97 -> 1 | H88: ='Work Progress (%)'!AD97 -> 0.5 | I88: ='Work Progress (%)'!AI97 -> 1 | J88: ='Work Progress (%)'!AQ97 -> 0.3075 | K88: ='Work Progress (%)'!AV97 -> 0 | L88: ='Work Progress (%)'!BD97 -> 0 | M88: 0.7 | N88: 1 | O88: 0.2 | P88: 0.7 | Q88: =SUMPRODUCT(E88:P88, E$2:P$2) -> 0.7275
B89: I | D89: Floor 6 | E89: =AVERAGE(E91:E105) -> 1 | F89: =AVERAGE(F91:F105) -> 0.94933333 | G89: =AVERAGE(G91:G105) -> 0.99933333 | H89: =AVERAGE(H91:H105) -> 0.5 | I89: =AVERAGE(I91:I105) -> 0.71233333 | J89: =AVERAGE(J91:J105) -> 0.133 | K89: =AVERAGE(K91:K105) -> 0 | L89: =AVERAGE(L91:L105) -> 0 | ... P89: =AVERAGE(P91:P105) -> 0.7 | Q89: =AVERAGE(Q90:Q105) -> 0.65358125
B90: I | C90: 6 | D90: 601 | E90: ='Work Progress (%)'!G99 -> 1 | F90: ='Work Progress (%)'!L99 -> 1 | G90: ='Work Progress (%)'!Y99 -> 1 | H90: ='Work Progress (%)'!AD99 -> 0.5 | I90: ='Work Progress (%)'!AI99 -> 0.29 | J90: ='Work Progress (%)'!AQ99 -> 0.105 | K90: ='Work Progress (%)'!AV99 -> 0 | L90: ='Work Progress (%)'!BD99 -> 0 | M90: 0.7 | N90: 1 | O90: 0.2 | P90: 0.7 | Q90: =SUMPRODUCT(E90:P90, E$2:P$2) -> 0.616
B91: I | C91: 6 | D91: 602 | E91: ='Work Progress (%)'!G100 -> 1 | F91: ='Work Progress (%)'!L100 -> 1 | G91: ='Work Progress (%)'!Y100 -> 1 | H91: ='Work Progress (%)'!AD100 -> 0.5 | I91: ='Work Progress (%)'!AI100 -> 0.7 | J91: ='Work Progress (%)'!AQ100 -> 0.105 | K91: ='Work Progress (%)'!AV100 -> 0 | L91: ='Work Progress (%)'!BD100 -> 0 | M91: 0.7 | N91: 1 | O91: 0.2 | P91: 0.7 | Q91: =SUMPRODUCT(E91:P91, E$2:P$2) -> 0.657
B92: I | C92: 6 | D92: 603 | E92: ='Work Progress (%)'!G101 -> 1 | F92: ='Work Progress (%)'!L101 -> 0.52 | G92: ='Work Progress (%)'!Y101 -> 1 | H92: ='Work Progress (%)'!AD101 -> 0.5 | I92: ='Work Progress (%)'!AI101 -> 0.715 | J92: ='Work Progress (%)'!AQ101 -> 0.105 | K92: ='Work Progress (%)'!AV101 -> 0 | L92: ='Work Progress (%)'!BD101 -> 0 | M92: 0.7 | N92: 1 | O92: 0.2 | P92: 0.7 | Q92: =SUMPRODUCT(E92:P92, E$2:P$2) -> 0.5865
B93: I | C93: 6 | D93: 604 | E93: ='Work Progress (%)'!G102 -> 1 | F93: ='Work Progress (%)'!L102 -> 0.91 | G93: ='Work Progress (%)'!Y102 -> 1 | H93: ='Work Progress (%)'!AD102 -> 0.5 | I93: ='Work Progress (%)'!AI102 -> 0.685 | J93: ='Work Progress (%)'!AQ102 -> 0.105 | K93: ='Work Progress (%)'!AV102 -> 0 | L93: ='Work Progress (%)'!BD102 -> 0 | M93: 0.7 | N93: 1 | O93: 0.2 | P93: 0.7 | Q93: =SUMPRODUCT(E93:P93, E$2:P$2) -> 0.642
B94: I | C94: 6 | D94: 605 | E94: ='Work Progress (%)'!G103 -> 1 | F94: ='Work Progress (%)'!L103 -> 1 | G94: ='Work Progress (%)'!Y103 -> 1 | H94: ='Work Progress (%)'!AD103 -> 0.5 | I94: ='Work Progress (%)'!AI103 -> 0.715 | J94: ='Work Progress (%)'!AQ103 -> 0.105 | K94: ='Work Progress (%)'!AV103 -> 0 | L94: ='Work Progress (%)'!BD103 -> 0 | M94: 0.7 | N94: 1 | O94: 0.2 | P94: 0.7 | Q94: =SUMPRODUCT(E94:P94, E$2:P$2) -> 0.6585
B95: I | C95: 6 | D95: 606 | E95: ='Work Progress (%)'!G104 -> 1 | F95: ='Work Progress (%)'!L104 -> 0.91 | G95: ='Work Progress (%)'!Y104 -> 1 | H95: ='Work Progress (%)'!AD104 -> 0.5 | I95: ='Work Progress (%)'!AI104 -> 0.685 | J95: ='Work Progress (%)'!AQ104 -> 0.105 | K95: ='Work Progress (%)'!AV104 -> 0 | L95: ='Work Progress (%)'!BD104 -> 0 | M95: 0.7 | N95: 1 | O95: 0.2 | P95: 0.7 | Q95: =SUMPRODUCT(E95:P95, E$2:P$2) -> 0.642
B96: I | C96: 6 | D96: 607 | E96: ='Work Progress (%)'!G105 -> 1 | F96: ='Work Progress (%)'!L105 -> 1 | G96: ='Work Progress (%)'!Y105 -> 1 | H96: ='Work Progress (%)'!AD105 -> 0.5 | I96: ='Work Progress (%)'!AI105 -> 0.715 | J96: ='Work Progress (%)'!AQ105 -> 0.21 | K96: ='Work Progress (%)'!AV105 -> 0 | L96: ='Work Progress (%)'!BD105 -> 0 | M96: 0.7 | N96: 1 | O96: 0.2 | P96: 0.7 | Q96: =SUMPRODUCT(E96:P96, E$2:P$2) -> 0.6795
B97: I | C97: 6 | D97: 608 | E97: ='Work Progress (%)'!G106 -> 1 | F97: ='Work Progress (%)'!L106 -> 0.9 | G97: ='Work Progress (%)'!Y106 -> 1 | H97: ='Work Progress (%)'!AD106 -> 0.5 | I97: ='Work Progress (%)'!AI106 -> 0.7 | J97: ='Work Progress (%)'!AQ106 -> 0.315 | K97: ='Work Progress (%)'!AV106 -> 0 | L97: ='Work Progress (%)'!BD106 -> 0 | M97: 0.7 | N97: 1 | O97: 0.2 | P97: 0.7 | Q97: =SUMPRODUCT(E97:P97, E$2:P$2) -> 0.684
B98: I | C98: 6 | D98: 609 | E98: ='Work Progress (%)'!G107 -> 1 | F98: ='Work Progress (%)'!L107 -> 1 | G98: ='Work Progress (%)'!Y107 -> 1 | H98: ='Work Progress (%)'!AD107 -> 0.5 | I98: ='Work Progress (%)'!AI107 -> 0.715 | J98: ='Work Progress (%)'!AQ107 -> 0.105 | K98: ='Work Progress (%)'!AV107 -> 0 | L98: ='Work Progress (%)'!BD107 -> 0 | M98: 0.7 | N98: 1 | O98: 0.2 | P98: 0.7 | Q98: =SUMPRODUCT(E98:P98, E$2:P$2) -> 0.6585
B99: I | C99: 6 | D99: 610 | E99: ='Work Progress (%)'!G108 -> 1 | F99: ='Work Progress (%)'!L108 -> 1 | G99: ='Work Progress (%)'!Y108 -> 1 | H99: ='Work Progress (%)'!AD108 -> 0.5 | I99: ='Work Progress (%)'!AI108 -> 1 | J99: ='Work Progress (%)'!AQ108 -> 0.21 | K99: ='Work Progress (%)'!AV108 -> 0 | L99: ='Work Progress (%)'!BD108 -> 0 | M99: 0.7 | N99: 1 | O99: 0.2 | P99: 0.7 | Q99: =SUMPRODUCT(E99:P99, E$2:P$2) -> 0.708
B100: I | C100: 6 | D100: 611 | E100: ='Work Progress (%)'!G109 -> 1 | F100: ='Work Progress (%)'!L109 -> 1 | G100: ='Work Progress (%)'!Y109 -> 0.995 | H100: ='Work Progress (%)'!AD109 -> 0.5 | I100: ='Work Progress (%)'!AI109 -> 0.715 | J100: ='Work Progress (%)'!AQ109 -> 0.105 | K100: ='Work Progress (%)'!AV109 -> 0 | L100: ='Work Progress (%)'!BD109 -> 0 | M100: 0.7 | N100: 1 | O100: 0.2 | P100: 0.7 | Q100: =SUMPRODUCT(E100:P100, E$2:P$2) -> 0.6574
B101: I | C101: 6 | D101: 612 | E101: ='Work Progress (%)'!G110 -> 1 | F101: ='Work Progress (%)'!L110 -> 1 | G101: ='Work Progress (%)'!Y110 -> 1 | H101: ='Work Progress (%)'!AD110 -> 0.5 | I101: ='Work Progress (%)'!AI110 -> 1 | J101: ='Work Progress (%)'!AQ110 -> 0.105 | K101: ='Work Progress (%)'!AV110 -> 0 | L101: ='Work Progress (%)'!BD110 -> 0 | M101: 0.7 | N101: 1 | O101: 0.2 | P101: 0.7 | Q101: =SUMPRODUCT(E101:P101, E$2:P$2) -> 0.687
... B105: I | C105: 6 | D105: 616 | E105: ='Work Progress (%)'!G114 -> 1 | F105: ='Work Progress (%)'!L114 -> 1 | G105: ='Work Progress (%)'!Y114 -> 0.995 | H105: ='Work Progress (%)'!AD114 -> 0.5 | I105: ='Work Progress (%)'!AI114 -> 0.345 | J105: ='Work Progress (%)'!AQ114 -> 0.105 | K105: ='Work Progress (%)'!AV114 -> 0 | L105: ='Work Progress (%)'!BD114 -> 0 | M105: 0.7 | N105: 1 | O105: 0.2 | P105: 0.7 | Q105: =SUMPRODUCT(E105:P105, E$2:P$2) -> 0.6204
B106: I | D106: Floor 7 | E106: =AVERAGE(E108:E122) -> 1 | F106: =AVERAGE(F108:F122) -> 0.99133333 | G106: =AVERAGE(G108:G122) -> 0.9875 | H106: =AVERAGE(H108:H122) -> 0.03 | I106: =AVERAGE(I108:I122) -> 0.54133333 | J106: =AVERAGE(J108:J122) -> 0.0033333333 | K106: =AVERAGE(K108:K122) -> 0 | L106: =AVERAGE(L108:L122) -> 0 | ... P106: =AVERAGE(P108:P122) -> 0.7 | Q106: =AVERAGE(Q107:Q122) -> 0.56715313
B107: I | C107: 7 | D107: 701 | E107: ='Work Progress (%)'!G116 -> 1 | F107: ='Work Progress (%)'!L116 -> 0.985 | G107: ='Work Progress (%)'!Y116 -> 0.9975 | H107: ='Work Progress (%)'!AD116 -> 0.1 | I107: ='Work Progress (%)'!AI116 -> 0.05 | J107: ='Work Progress (%)'!AQ116 -> 0 | K107: ='Work Progress (%)'!AV116 -> 0 | L107: ='Work Progress (%)'!BD116 -> 0 | M107: 0.7 | N107: 1 | O107: 0.2 | P107: 0.7 | Q107: =SUMPRODUCT(E107:P107, E$2:P$2) -> 0.5282
B108: I | C108: 7 | D108: 702 | E108: ='Work Progress (%)'!G117 -> 1 | F108: ='Work Progress (%)'!L117 -> 1 | G108: ='Work Progress (%)'!Y117 -> 0.9975 | H108: ='Work Progress (%)'!AD117 -> 0.1 | I108: ='Work Progress (%)'!AI117 -> 0.26 | J108: ='Work Progress (%)'!AQ117 -> 0 | K108: ='Work Progress (%)'!AV117 -> 0 | L108: ='Work Progress (%)'!BD117 -> 0 | M108: 0.7 | N108: 1 | O108: 0.2 | P108: 0.7 | Q108: =SUMPRODUCT(E108:P108, E$2:P$2) -> 0.55145
B109: I | C109: 7 | D109: 703 | E109: ='Work Progress (%)'!G118 -> 1 | F109: ='Work Progress (%)'!L118 -> 0.97 | G109: ='Work Progress (%)'!Y118 -> 0.9975 | H109: ='Work Progress (%)'!AD118 -> 0.095 | I109: ='Work Progress (%)'!AI118 -> 0.5 | J109: ='Work Progress (%)'!AQ118 -> 0.05 | K109: ='Work Progress (%)'!AV118 -> 0 | L109: ='Work Progress (%)'!BD118 -> 0 | M109: 0.7 | N109: 1 | O109: 0.2 | P109: 0.7 | Q109: =SUMPRODUCT(E109:P109, E$2:P$2) -> 0.58045
B110: I | C110: 7 | D110: 704 | E110: ='Work Progress (%)'!G119 -> 1 | F110: ='Work Progress (%)'!L119 -> 0.9 | G110: ='Work Progress (%)'!Y119 -> 0.9475 | H110: ='Work Progress (%)'!AD119 -> 0.1 | I110: ='Work Progress (%)'!AI119 -> 0.29 | J110: ='Work Progress (%)'!AQ119 -> 0 | K110: ='Work Progress (%)'!AV119 -> 0 | L110: ='Work Progress (%)'!BD119 -> 0 | M110: 0.7 | N110: 1 | O110: 0.2 | P110: 0.7 | Q110: =SUMPRODUCT(E110:P110, E$2:P$2) -> 0.52845
B111: I | C111: 7 | D111: 705 | E111: ='Work Progress (%)'!G120 -> 1 | F111: ='Work Progress (%)'!L120 -> 1 | G111: ='Work Progress (%)'!Y120 -> 0.9975 | H111: ='Work Progress (%)'!AD120 -> 0 | I111: ='Work Progress (%)'!AI120 -> 0.5 | J111: ='Work Progress (%)'!AQ120 -> 0 | K111: ='Work Progress (%)'!AV120 -> 0 | L111: ='Work Progress (%)'!BD120 -> 0 | M111: 0.7 | N111: 1 | O111: 0.2 | P111: 0.7 | Q111: =SUMPRODUCT(E111:P111, E$2:P$2) -> 0.56545
B112: I | C112: 7 | D112: 706 | E112: ='Work Progress (%)'!G121 -> 1 | F112: ='Work Progress (%)'!L121 -> 1 | G112: ='Work Progress (%)'!Y121 -> 0.8975 | H112: ='Work Progress (%)'!AD121 -> 0.1 | I112: ='Work Progress (%)'!AI121 -> 0.49 | J112: ='Work Progress (%)'!AQ121 -> 0 | K112: ='Work Progress (%)'!AV121 -> 0 | L112: ='Work Progress (%)'!BD121 -> 0 | M112: 0.7 | N112: 1 | O112: 0.2 | P112: 0.7 | Q112: =SUMPRODUCT(E112:P112, E$2:P$2) -> 0.55245
B113: I | C113: 7 | D113: 707 | E113: ='Work Progress (%)'!G122 -> 1 | F113: ='Work Progress (%)'!L122 -> 1 | G113: ='Work Progress (%)'!Y122 -> 0.9975 | H113: ='Work Progress (%)'!AD122 -> 0 | I113: ='Work Progress (%)'!AI122 -> 0.71 | J113: ='Work Progress (%)'!AQ122 -> 0 | K113: ='Work Progress (%)'!AV122 -> 0 | L113: ='Work Progress (%)'!BD122 -> 0 | M113: 0.7 | N113: 1 | O113: 0.2 | P113: 0.7 | Q113: =SUMPRODUCT(E113:P113, E$2:P$2) -> 0.58645
B114: I | C114: 7 | D114: 708 | E114: ='Work Progress (%)'!G123 -> 1 | F114: ='Work Progress (%)'!L123 -> 1 | G114: ='Work Progress (%)'!Y123 -> 0.9975 | H114: ='Work Progress (%)'!AD123 -> 0.055 | I114: ='Work Progress (%)'!AI123 -> 0.91 | J114: ='Work Progress (%)'!AQ123 -> 0 | K114: ='Work Progress (%)'!AV123 -> 0 | L114: ='Work Progress (%)'!BD123 -> 0 | M114: 0.7 | N114: 1 | O114: 0.2 | P114: 0.7 | Q114: =SUMPRODUCT(E114:P114, E$2:P$2) -> 0.61195
B115: I | C115: 7 | D115: 709 | E115: ='Work Progress (%)'!G124 -> 1 | F115: ='Work Progress (%)'!L124 -> 1 | G115: ='Work Progress (%)'!Y124 -> 0.9975 | H115: ='Work Progress (%)'!AD124 -> 0 | I115: ='Work Progress (%)'!AI124 -> 0.715 | J115: ='Work Progress (%)'!AQ124 -> 0 | K115: ='Work Progress (%)'!AV124 -> 0 | L115: ='Work Progress (%)'!BD124 -> 0 | M115: 0.7 | N115: 1 | O115: 0.2 | P115: 0.7 | Q115: =SUMPRODUCT(E115:P115, E$2:P$2) -> 0.58695
B116: I | C116: 7 | D116: 710 | E116: ='Work Progress (%)'!G125 -> 1 | F116: ='Work Progress (%)'!L125 -> 1 | G116: ='Work Progress (%)'!Y125 -> 0.9975 | H116: ='Work Progress (%)'!AD125 -> 0 | I116: ='Work Progress (%)'!AI125 -> 0.995 | J116: ='Work Progress (%)'!AQ125 -> 0 | K116: ='Work Progress (%)'!AV125 -> 0 | L116: ='Work Progress (%)'!BD125 -> 0 | M116: 0.7 | N116: 1 | O116: 0.2 | P116: 0.7 | Q116: =SUMPRODUCT(E116:P116, E$2:P$2) -> 0.61495
B117: I | C117: 7 | D117: 711 | E117: ='Work Progress (%)'!G126 -> 1 | F117: ='Work Progress (%)'!L126 -> 1 | G117: ='Work Progress (%)'!Y126 -> 0.9975 | H117: ='Work Progress (%)'!AD126 -> 0 | I117: ='Work Progress (%)'!AI126 -> 0.29 | J117: ='Work Progress (%)'!AQ126 -> 0 | K117: ='Work Progress (%)'!AV126 -> 0 | L117: ='Work Progress (%)'!BD126 -> 0 | M117: 0.7 | N117: 1 | O117: 0.2 | P117: 0.7 | Q117: =SUMPRODUCT(E117:P117, E$2:P$2) -> 0.54445
B118: I | C118: 7 | D118: 712 | E118: ='Work Progress (%)'!G127 -> 1 | F118: ='Work Progress (%)'!L127 -> 1 | G118: ='Work Progress (%)'!Y127 -> 0.9975 | H118: ='Work Progress (%)'!AD127 -> 0 | I118: ='Work Progress (%)'!AI127 -> 0.89 | J118: ='Work Progress (%)'!AQ127 -> 0 | K118: ='Work Progress (%)'!AV127 -> 0 | L118: ='Work Progress (%)'!BD127 -> 0 | M118: 0.7 | N118: 1 | O118: 0.2 | P118: 0.7 | Q118: =SUMPRODUCT(E118:P118, E$2:P$2) -> 0.60445
...

Sheet Ground Floor
B1: Tower | C1: Area | D1: MEP Work | E1: Ceiling | F1: Tile Work | G1: Paint Work | H1: Aluminum Work | I1: Wood Work | J1: MEP Fixtures | K1: MS Work | L1: External Plaster | M1: External Paint | N1: Cleaning | O1: Progress %
D2: 0.12 | E2: 0.15 | F2: 0.22 | G2: 0.1 | H2: 0.11 | I2: 0.2 | J2: 0.05 | K2: 0.02 | L2: 0.01 | M2: 0.01 | N2: 0.01
C3: I tower | D3: =D4 -> 1 | E3: =E4 -> 0.025 | F3: =F4 -> 0.44 | G3: =G4 -> 0.15 | H3: =H4 -> 0.13 | I3: =I4 -> 0.44 | J3: =J4 -> 0 | K3: =K4 -> 0.2 | ... N3: =N4 -> 0.8 | O3: =SUMPRODUCT(D3:N3, D$2:N$2) -> 0.3605
B4: I | C4: Ground Floor-I | D4: =SUM((D5*40%)+(D6*25%)+(D7*20%)+(D8*15%)) -> 1 | E4: =SUM((E5*40%)+(E6*25%)+(E7*20%)+(E8*15%)) -> 0.025 | F4: =SUM((F5*40%)+(F6*25%)+(F7*20%)+(F8*15%)) -> 0.44 | G4: =SUM((G5*40%)+(G6*25%)+(G7*20%)+(G8*15%)) -> 0.15 | H4: =SUM((H5*40%)+(H6*25%)+(H7*20%)+(H8*15%)) -> 0.13 | I4: =SUM((I5*40%)+(I6*25%)+(I7*20%)+(I8*15%)) -> 0.44 | J4: =SUM((J5*40%)+(J6*25%)+(J7*20%)+(J8*15%)) -> 0 | K4: =SUM((K5*40%)+(K6*25%)+(K7*20%)+(K8*15%)) -> 0.2 | ... O4: =SUM((O5*40%)+(O6*25%)+(O7*20%)+(O8*15%)) -> 0.3605
B5: I | C5: Lobby | D5: 1 | E5: 0 | F5: 0.8 | G5: 0.15 | H5: 0.2 | I5: 0.5 | J5: 0 | K5: 0.2 | L5: 1 | M5: 0.2 | N5: 0.8 | O5: =SUMPRODUCT(D5:N5, D$2:N$2) -> 0.457
B6: I | C6: Gym | D6: 1 | E6: 0.1 | F6: 0.2 | G6: 0.15 | H6: 0.2 | I6: 0.4 | J6: 0 | K6: 0.2 | L6: 1 | M6: 0.2 | N6: 0.8 | O6: =SUMPRODUCT(D6:N6, D$2:N$2) -> 0.32
B7: I | C7: Business Center | D7: 1 | E7: 0 | F7: 0.2 | G7: 0.15 | H7: 0 | I7: 0.4 | J7: 0 | K7: 0.2 | L7: 1 | M7: 0.2 | N7: 0.8 | O7: =SUMPRODUCT(D7:N7, D$2:N$2) -> 0.283
B8: I | C8: Game Room | D8: 1 | E8: 0 | F8: 0.2 | G8: 0.15 | H8: 0 | I8: 0.4 | J8: 0 | K8: 0.2 | L8: 0.1 | M8: 0.2 | N8: 0.8 | O8: =SUMPRODUCT(D8:N8, D$2:N$2) -> 0.274
C9: L1 tower | D9: =D10 -> 0 | E9: =E10 -> 0 | F9: =F10 -> 0 | G9: =G10 -> 0 | H9: =H10 -> 0 | I9: =I10 -> 0 | J9: =J10 -> 0 | K9: =K10 -> 0 | ... N9: =N10 -> 0 | O9: =SUMPRODUCT(D9:N9, D$2:N$2) -> 0
B10: L1 | C10: Ground Floor-L1 | D10: =SUM((D11*40%)+(D12*25%)+(D13*20%)+(D14*15%)) -> 0 | E10: =SUM((E11*40%)+(E12*25%)+(E13*20%)+(E14*15%)) -> 0 | F10: =SUM((F11*40%)+(F12*25%)+(F13*20%)+(F14*15%)) -> 0 | G10: =SUM((G11*40%)+(G12*25%)+(G13*20%)+(G14*15%)) -> 0 | H10: =SUM((H11*40%)+(H12*25%)+(H13*20%)+(H14*15%)) -> 0 | I10: =SUM((I11*40%)+(I12*25%)+(I13*20%)+(I14*15%)) -> 0 | J10: =SUM((J11*40%)+(J12*25%)+(J13*20%)+(J14*15%)) -> 0 | K10: =SUM((K11*40%)+(K12*25%)+(K13*20%)+(K14*15%)) -> 0 | ... O10: =SUM((O11*40%)+(O12*25%)+(O13*20%)+(O14*15%)) -> 0
B11: L1 | C11: Lobby | D11: 0 | E11: 0 | F11: 0 | G11: 0 | H11: 0 | I11: 0 | J11: 0 | K11: 0 | L11: 0 | M11: 0 | N11: 0 | O11: =SUMPRODUCT(D11:N11, D$2:N$2) -> 0
B12: L1 | C12: Ammenties | D12: 0 | E12: 0 | F12: 0 | G12: 0 | H12: 0 | I12: 0 | J12: 0 | K12: 0 | L12: 0 | M12: 0 | N12: 0 | O12: =SUMPRODUCT(D12:N12, D$2:N$2) -> 0
B13: L1 | C13: Shops | D13: 0 | E13: 0 | F13: 0 | G13: 0 | H13: 0 | I13: 0 | J13: 0 | K13: 0 | L13: 0 | M13: 0 | N13: 0 | O13: =SUMPRODUCT(D13:N13, D$2:N$2) -> 0
B14: L1 | C14: Café | D14: 0 | E14: 0 | F14: 0 | G14: 0 | H14: 0 | I14: 0 | J14: 0 | K14: 0 | L14: 0 | M14: 0 | N14: 0 | O14: =SUMPRODUCT(D14:N14, D$2:N$2) -> 0
C15: L2 tower | D15: =D16 -> 0 | E15: =E16 -> 0 | F15: =F16 -> 0 | G15: =G16 -> 0 | H15: =H16 -> 0 | I15: =I16 -> 0 | J15: =J16 -> 0 | K15: =K16 -> 0 | ... N15: =N16 -> 0 | O15: =SUMPRODUCT(D15:N15, D$2:N$2) -> 0
B16: L2 | C16: Ground Floor-L2 | D16: =SUM((D17*40%)+(D18*25%)+(D19*20%)+(D20*15%)) -> 0 | E16: =SUM((E17*40%)+(E18*25%)+(E19*20%)+(E20*15%)) -> 0 | F16: =SUM((F17*40%)+(F18*25%)+(F19*20%)+(F20*15%)) -> 0 | G16: =SUM((G17*40%)+(G18*25%)+(G19*20%)+(G20*15%)) -> 0 | H16: =SUM((H17*40%)+(H18*25%)+(H19*20%)+(H20*15%)) -> 0 | I16: =SUM((I17*40%)+(I18*25%)+(I19*20%)+(I20*15%)) -> 0 | J16: =SUM((J17*40%)+(J18*25%)+(J19*20%)+(J20*15%)) -> 0 | K16: =SUM((K17*40%)+(K18*25%)+(K19*20%)+(K20*15%)) -> 0 | ... O16: =SUM((O17*40%)+(O18*25%)+(O19*20%)+(O20*15%)) -> 0
B17: L2 | C17: Lobby | D17: 0 | E17: 0 | F17: 0 | G17: 0 | H17: 0 | I17: 0 | J17: 0 | K17: 0 | L17: 0 | M17: 0 | N17: 0 | O17: =SUMPRODUCT(D17:N17, D$2:N$2) -> 0
B18: L2 | C18: Ammenties | D18: 0 | E18: 0 | F18: 0 | G18: 0 | H18: 0 | I18: 0 | J18: 0 | K18: 0 | L18: 0 | M18: 0 | N18: 0 | O18: =SUMPRODUCT(D18:N18, D$2:N$2) -> 0
B19: L2 | C19: Shops | D19: 0 | E19: 0 | F19: 0 | G19: 0 | H19: 0 | I19: 0 | J19: 0 | K19: 0 | L19: 0 | M19: 0 | N19: 0 | O19: =SUMPRODUCT(D19:N19, D$2:N$2) -> 0
B20: L2 | C20: Café | D20: 0 | E20: 0 | F20: 0 | G20: 0 | H20: 0 | I20: 0 | J20: 0 | K20: 0 | L20: 0 | M20: 0 | N20: 0 | O20: =SUMPRODUCT(D20:N20, D$2:N$2) -> 0

Sheet External Development
B1: Tower | C1: Area | D1: MEP Work | E1: Civil Finishes Work | F1: MS/MEP Fixtures | G1: Finishes | H1: cleaning | I1: Progress %
C2: weightge | D2: 0.1 | E2: 0.5 | F2: 0.25 | G2: 0.1 | H2: 0.05
B3: I | C3: External Development-I | D3: =AVERAGE(D4:D12) -> 0.48888889 | E3: =AVERAGE(E4:E12) -> 0.44444444 | F3: =AVERAGE(F4:F12) -> 0.41111111 | G3: =AVERAGE(G4:G12) -> 0.33333333 | H3: =AVERAGE(H4:H12) -> 0.44444444 | I3: =SUMPRODUCT(D3:H3, D$2:H$2) -> 0.42944444
B4: I | C4: Courtyard Preparations | D4: 0.8 | E4: 0.6 | F4: 0.6 | G4: 0 | H4: 0.5 | I4: =SUMPRODUCT(D4:H4, D$2:H$2) -> 0.555
B5: I | C5: Courtyard Finishes | D5: 0.6 | E5: 0.4 | F5: 0.1 | G5: 0 | H5: 0.5 | I5: =SUMPRODUCT(D5:H5, D$2:H$2) -> 0.31
B6: I | C6: Sewer & Rainwater Line | D6: 0.8 | E6: 0.8 | F6: 0.8 | G6: 0.8 | H6: 0.8 | I6: =SUMPRODUCT(D6:H6, D$2:H$2) -> 0.8
B7: I | C7: Road Works | D7: 0.75 | E7: 0.75 | F7: 0.75 | G7: 0.75 | H7: 0.75 | I7: =SUMPRODUCT(D7:H7, D$2:H$2) -> 0.75
B8: I | C8: Boundary Wall | D8: 1 | E8: 1 | F8: 1 | G8: 1 | H8: 1 | I8: =SUMPRODUCT(D8:H8, D$2:H$2) -> 1
B9: I | C9: Basement Flooring Works | D9: 0.25 | E9: 0.25 | F9: 0.25 | G9: 0.25 | H9: 0.25 | I9: =SUMPRODUCT(D9:H9, D$2:H$2) -> 0.25
B10: I | C10: Basement Finishes | D10: 0 | E10: 0 | F10: 0 | G10: 0 | H10: 0 | I10: =SUMPRODUCT(D10:H10, D$2:H$2) -> 0
B11: I | C11: Boundary Wall Louvers | D11: 0.15 | E11: 0.15 | F11: 0.15 | G11: 0.15 | H11: 0.15 | I11: =SUMPRODUCT(D11:H11, D$2:H$2) -> 0.15
B12: I | C12: Paver Works | D12: 0.05 | E12: 0.05 | F12: 0.05 | G12: 0.05 | H12: 0.05 | I12: =SUMPRODUCT(D12:H12, D$2:H$2) -> 0.05
B13: L1 | C13: External Development-L1 | D13: =AVERAGE(D14:D22) -> 0.48888889 | E13: =AVERAGE(E14:E22) -> 0.44444444 | F13: =AVERAGE(F14:F22) -> 0.41111111 | G13: =AVERAGE(G14:G22) -> 0.33333333 | H13: =AVERAGE(H14:H22) -> 0.44444444 | I13: =SUMPRODUCT(D13:H13, D$2:H$2) -> 0.42944444
B14: L1 | C14: Courtyard Preparations | D14: 0.8 | E14: 0.6 | F14: 0.6 | G14: 0 | H14: 0.5 | I14: =SUMPRODUCT(D14:H14, D$2:H$2) -> 0.555
B15: L1 | C15: Courtyard Finishes | D15: 0.6 | E15: 0.4 | F15: 0.1 | G15: 0 | H15: 0.5 | I15: =SUMPRODUCT(D15:H15, D$2:H$2) -> 0.31
B16: L1 | C16: Sewer & Rainwater Line | D16: 0.8 | E16: 0.8 | F16: 0.8 | G16: 0.8 | H16: 0.8 | I16: =SUMPRODUCT(D16:H16, D$2:H$2) -> 0.8
B17: L1 | C17: Road Works | D17: 0.75 | E17: 0.75 | F17: 0.75 | G17: 0.75 | H17: 0.75 | I17: =SUMPRODUCT(D17:H17, D$2:H$2) -> 0.75
B18: L1 | C18: Boundary Wall | D18: 1 | E18: 1 | F18: 1 | G18: 1 | H18: 1 | I18: =SUMPRODUCT(D18:H18, D$2:H$2) -> 1
B19: L1 | C19: Basement Flooring Works | D19: 0.25 | E19: 0.25 | F19: 0.25 | G19: 0.25 | H19: 0.25 | I19: =SUMPRODUCT(D19:H19, D$2:H$2) -> 0.25
B20: L1 | C20: Basement Finishes | D20: 0 | E20: 0 | F20: 0 | G20: 0 | H20: 0 | I20: =SUMPRODUCT(D20:H20, D$2:H$2) -> 0
B21: L1 | C21: Boundary Wall Louvers | D21: 0.15 | E21: 0.15 | F21: 0.15 | G21: 0.15 | H21: 0.15 | I21: =SUMPRODUCT(D21:H21, D$2:H$2) -> 0.15
B22: L1 | C22: Paver Works | D22: 0.05 | E22: 0.05 | F22: 0.05 | G22: 0.05 | H22: 0.05 | I22: =SUMPRODUCT(D22:H22, D$2:H$2) -> 0.05
B23: L2 | C23: External Development-L2 | D23: =AVERAGE(D24:D32) -> 0.48888889 | E23: =AVERAGE(E24:E32) -> 0.44444444 | F23: =AVERAGE(F24:F32) -> 0.41111111 | G23: =AVERAGE(G24:G32) -> 0.33333333 | H23: =AVERAGE(H24:H32) -> 0.44444444 | I23: =SUMPRODUCT(D23:H23, D$2:H$2) -> 0.42944444
B24: L2 | C24: Courtyard Preparations | D24: 0.8 | E24: 0.6 | F24: 0.6 | G24: 0 | H24: 0.5 | I24: =SUMPRODUCT(D24:H24, D$2:H$2) -> 0.555
B25: L2 | C25: Courtyard Finishes | D25: 0.6 | E25: 0.4 | F25: 0.1 | G25: 0 | H25: 0.5 | I25: =SUMPRODUCT(D25:H25, D$2:H$2) -> 0.31
B26: L2 | C26: Sewer & Rainwater Line | D26: 0.8 | E26: 0.8 | F26: 0.8 | G26: 0.8 | H26: 0.8 | I26: =SUMPRODUCT(D26:H26, D$2:H$2) -> 0.8
B27: L2 | C27: Road Works | D27: 0.75 | E27: 0.75 | F27: 0.75 | G27: 0.75 | H27: 0.75 | I27: =SUMPRODUCT(D27:H27, D$2:H$2) -> 0.75
B28: L2 | C28: Boundary Wall | D28: 1 | E28: 1 | F28: 1 | G28: 1 | H28: 1 | I28: =SUMPRODUCT(D28:H28, D$2:H$2) -> 1
B29: L2 | C29: Basement Flooring Works | D29: 0.25 | E29: 0.25 | F29: 0.25 | G29: 0.25 | H29: 0.25 | I29: =SUMPRODUCT(D29:H29, D$2:H$2) -> 0.25
B30: L2 | C30: Basement Finishes | D30: 0 | E30: 0 | F30: 0 | G30: 0 | H30: 0 | I30: =SUMPRODUCT(D30:H30, D$2:H$2) -> 0
B31: L2 | C31: Boundary Wall Louvers | D31: 0.15 | E31: 0.15 | F31: 0.15 | G31: 0.15 | H31: 0.15 | I31: =SUMPRODUCT(D31:H31, D$2:H$2) -> 0.15
B32: L2 | C32: Paver Works | D32: 0.05 | E32: 0.05 | F32: 0.05 | G32: 0.05 | H32: 0.05 | I32: =SUMPRODUCT(D32:H32, D$2:H$2) -> 0.05

Sheet Roof top
B1: Tower | C1: Area | D1: MEP Work | E1: Ceiling | F1: Tile Work | G1: Paint Work | H1: Civil Finishes | I1: Pool Works | J1: MEP Fixtures | K1: MS Work | L1: Wood works | M1: Plantation | N1: Furniture | O1: Cleaning | P1: Progress %
C2: weightage | D2: 0.15 | E2: 0.02 | F2: 0.04 | G2: 0.04 | H2: 0.17 | I2: 0.2 | J2: 0.05 | K2: 0.08 | L2: 0.05 | M2: 0.05 | N2: 0.14 | O2: 0.01
B3: I | C3: I Tower Progress | D3: =D4*D2 -> 0.075 | E3: =E4*E2 -> 0 | F3: =F4*F2 -> 0 | G3: =G4*G2 -> 0 | H3: =H4*H2 -> 0.017 | I3: =I4*I2 -> 0.1 | J3: =J4*J2 -> 0 | K3: =K4*K2 -> 0 | ... O3: =O4*O2 -> 0.005 | P3: =SUM(D3:O3) -> 0.197
B4: I | C4: Roof Top-I | D4: 0.5 | E4: 0 | F4: 0 | G4: 0 | H4: 0.1 | I4: 0.5 | J4: 0 | K4: 0 | L4: 0 | M4: 0 | N4: 0 | O4: 0.5 | P4: =SUMPRODUCT(D4:O4, D$2:O$2) -> 0.197
B5: L1 | C5: L1 Tower Progress | D5: =D6*D2 -> 0 | E5: =E6*E2 -> 0 | F5: =F6*F2 -> 0 | G5: =G6*G2 -> 0 | H5: =H6*H2 -> 0 | I5: =I6*I2 -> 0 | J5: =J6*J2 -> 0 | K5: =K6*K2 -> 0 | ... O5: =O6*O2 -> 0 | P5: =SUM(D5:O5) -> 0
B6: L1 | C6: Roof Top-L1 | D6: 0 | E6: 0 | F6: 0 | G6: 0 | H6: 0 | I6: 0 | J6: 0 | K6: 0 | L6: 0 | M6: 0 | N6: 0 | O6: 0 | P6: =SUMPRODUCT(D6:O6, D$2:O$2) -> 0
B7: L2 | C7: L2 Tower Progress | D7: =D8*D2 -> 0 | E7: =E8*E2 -> 0 | F7: =F8*F2 -> 0 | G7: =G8*G2 -> 0 | H7: =H8*H2 -> 0 | I7: =I8*I2 -> 0 | J7: =J8*J2 -> 0 | K7: =K8*K2 -> 0 | ... O7: =O8*O2 -> 0 | P7: =SUM(D7:O7) -> 0
B8: L2 | C8: Roof top-L2 | D8: 0 | E8: 0 | F8: 0 | G8: 0 | H8: 0 | I8: 0 | J8: 0 | K8: 0 | L8: 0 | M8: 0 | N8: 0 | O8: 0 | P8: =SUMPRODUCT(D8:O8, D$2:O$2) -> 0

Sheet Common Area
B1: Tower | C1: Area | D1: Floor | E1: Civil Works | F1: MEP | G1: Finishes | H1: Cleaning | I1: Progress %
C2: weightage | E2: 0.2 | F2: 0.55 | G2: 0.2 | H2: 0.05
C3: Common Area-LCRG | E3: =((E4*0.4%)+(E18*0.3%)+(E31*0.3%))*100 -> 0.16336667 | F3: =((F4*0.4%)+(F18*0.3%)+(F31*0.3%))*100 -> 0.69106667 | G3: =((G4*0.4%)+(G18*0.3%)+(G31*0.3%))*100 -> 0.13255238 | H3: =((H4*0.4%)+(H18*0.3%)+(H31*0.3%))*100 -> 0.18512381 | I3: =((I4*0.4%)+(I18*0.3%)+(I31*0.3%))*100 -> 0.44852667
B4: I | C4: Common Area-I | E4: =(E5*65%+E9*35%) -> 0.34466667 | F4: =(F5*35%+F9*65%) -> 0.75266667 | G4: =(G5*40%+G9*60%) -> 0.22209524 | H4: =(H5*40%+H9*60%) -> 0.35352381 | I4: =SUMPRODUCT(E4:H4, E$2:H$2) -> 0.54499524
B5: I | C5: Civil Works-I | E5: =AVERAGE(E6:E8) -> 0.29333333 | F5: =AVERAGE(F6:F8) -> 0.29333333 | G5: =AVERAGE(G6:G8) -> 0.066666667 | H5: =AVERAGE(H6:H8) -> 0.26666667 | I5: =SUMPRODUCT(E5:H5, E$2:H$2) -> 0.24666667
B6: I | C6: Stairs Marble | D6: 1 | E6: 0.7 | F6: 0.7 | G6: 0.1 | H6: 0.7 | I6: =SUMPRODUCT(E6:H6, E$2:H$2) -> 0.58
B7: I | C7: Stairs Railing | D7: 1 | E7: 0 | F7: 0 | G7: 0 | H7: 0 | I7: =SUMPRODUCT(E7:H7, E$2:H$2) -> 0
B8: I | C8: Corridor | D8: 1 | E8: 0.18 | F8: 0.18 | G8: 0.1 | H8: 0.1 | I8: =SUMPRODUCT(E8:H8, E$2:H$2) -> 0.16
B9: I | C9: MEP Work-I | E9: =AVERAGE(E10:E16) -> 0.44 | F9: 1 | G9: =AVERAGE(G10:G16) -> 0.32571429 | H9: =AVERAGE(H10:H16) -> 0.41142857 | I9: =SUM(E9:H9)/400% -> 0.54428571
B10: I | C10: Lifts | D10: 1 | E10: 1 | F10: 0.35 | G10: 0.2 | H10: 0.8 | I10: =SUMPRODUCT(E10:H10, E$2:H$2) -> 0.4725
B11: I | C11: Corridor fixtures | D11: 1 | E11: 0.18 | F11: 0.18 | G11: 0.18 | H11: 0.18 | I11: =SUMPRODUCT(E11:H11, E$2:H$2) -> 0.18
B12: I | C12: MEP infrastructure | D12: 1 | E12: 1 | F12: 1 | G12: 1 | H12: 1 | I12: =SUMPRODUCT(E12:H12, E$2:H$2) -> 1
B13: I | C13: Generators | D13: 1 | E13: 0 | F13: 0 | G13: 0 | H13: 0 | I13: =SUMPRODUCT(E13:H13, E$2:H$2) -> 0
B14: I | C14: Transformers | D14: 1 | E14: 0.3 | F14: 0.3 | G14: 0.3 | H14: 0.3 | I14: =SUMPRODUCT(E14:H14, E$2:H$2) -> 0.3
B15: I | C15: BTD | D15: 1 | E15: 0.3 | F15: 0.3 | G15: 0.3 | H15: 0.3 | I15: =SUMPRODUCT(E15:H15, E$2:H$2) -> 0.3
B16: I | C16: Panels | D16: 1 | E16: 0.3 | F16: 0.3 | G16: 0.3 | H16: 0.3 | I16: =SUMPRODUCT(E16:H16, E$2:H$2) -> 0.3
B18: L1 | C18: Common Area-L1 | E18: =(E19*65%+E23*35%) -> 0.055 | F18: =(F19*35%+F23*65%) -> 0.65 | G18: =(G19*40%+G23*60%) -> 0.094285714 | H18: =(H19*40%+H23*60%) -> 0.094285714 | I18: =SUMPRODUCT(E18:H18, E$2:H$2) -> 0.39207143
B19: L1 | C19: Civil Work-L1 | E19: =AVERAGE(E20:E22) -> 0 | F19: =AVERAGE(F20:F22) -> 0 | G19: =AVERAGE(G20:G22) -> 0 | H19: =AVERAGE(H20:H22) -> 0 | I19: =SUMPRODUCT(E19:H19, E$2:H$2) -> 0
B20: L1 | C20: Stairs Marble | D20: 1 | E20: 0 | F20: 0 | G20: 0 | H20: 0 | I20: =SUMPRODUCT(E20:H20, E$2:H$2) -> 0
B21: L1 | C21: Stairs Railing | D21: 1 | E21: 0 | F21: 0 | G21: 0 | H21: 0 | I21: =SUMPRODUCT(E21:H21, E$2:H$2) -> 0
B22: L1 | C22: Corridor | D22: 1 | E22: 0 | F22: 0 | G22: 0 | H22: 0 | I22: =SUMPRODUCT(E22:H22, E$2:H$2) -> 0
B23: L1 | C23: MEP Work-L1 | E23: =AVERAGE(E24:E30) -> 0.15714286 | F23: 1 | G23: =AVERAGE(G24:G30) -> 0.15714286 | H23: =AVERAGE(H24:H30) -> 0.15714286 | I23: =SUM(E23:H23)/400% -> 0.36785714
B24: L1 | C24: Lifts | D24: 1 | E24: 0 | F24: 0 | G24: 0 | H24: 0 | I24: =SUMPRODUCT(E24:H24, E$2:H$2) -> 0
B25: L1 | C25: Corridor fixtures | D25: 1 | E25: 0 | F25: 0 | G25: 0 | H25: 0 | I25: =SUMPRODUCT(E25:H25, E$2:H$2) -> 0
B26: L1 | C26: MEP infrastructure | D26: 1 | E26: 0.5 | F26: 0.5 | G26: 0.5 | H26: 0.5 | I26: =SUMPRODUCT(E26:H26, E$2:H$2) -> 0.5
B27: L1 | C27: Generators | D27: 1 | E27: 0 | F27: 0 | G27: 0 | H27: 0 | I27: =SUMPRODUCT(E27:H27, E$2:H$2) -> 0
B28: L1 | C28: Transformers | D28: 1 | E28: 0.3 | F28: 0.3 | G28: 0.3 | H28: 0.3 | I28: =SUMPRODUCT(E28:H28, E$2:H$2) -> 0.3
B29: L1 | C29: BTD | D29: 1 | E29: 0 | F29: 0 | G29: 0 | H29: 0 | I29: =SUMPRODUCT(E29:H29, E$2:H$2) -> 0
B30: L1 | C30: Panels | D30: 1 | E30: 0.3 | F30: 0.3 | G30: 0.3 | H30: 0.3 | I30: =SUMPRODUCT(E30:H30, E$2:H$2) -> 0.3
B31: L2 | C31: Common Area-L2 | E31: =(E32*65%+E36*35%) -> 0.03 | F31: =(F32*35%+F36*65%) -> 0.65 | G31: =(G32*40%+G36*60%) -> 0.051428571 | H31: =(H32*40%+H36*60%) -> 0.051428571 | I31: =SUMPRODUCT(E31:H31, E$2:H$2) -> 0.37635714
B32: L2 | C32: Civil Works -L2 | E32: =AVERAGE(E33:E35) -> 0 | F32: =AVERAGE(F33:F35) -> 0 | G32: =AVERAGE(G33:G35) -> 0 | H32: =AVERAGE(H33:H35) -> 0 | I32: =SUMPRODUCT(E32:H32, E$2:H$2) -> 0
B33: L2 | C33: Stairs Marble | D33: 1 | E33: 0 | F33: 0 | G33: 0 | H33: 0 | I33: =SUMPRODUCT(E33:H33, E$2:H$2) -> 0
B34: L2 | C34: Stairs Railing | D34: 1 | E34: 0 | F34: 0 | G34: 0 | H34: 0 | I34: =SUMPRODUCT(E34:H34, E$2:H$2) -> 0
B35: L2 | C35: Corridor | D35: 1 | E35: 0 | F35: 0 | G35: 0 | H35: 0 | I35: =SUMPRODUCT(E35:H35, E$2:H$2) -> 0
B36: L2 | C36: MEP Work-L2 | E36: =AVERAGE(E37:E43) -> 0.085714286 | F36: 1 | G36: =AVERAGE(G37:G43) -> 0.085714286 | H36: =AVERAGE(H37:H43) -> 0.085714286 | I36: =SUM(E36:H36)/400% -> 0.31428571
B37: L2 | C37: Lifts | D37: 1 | E37: 0 | F37: 0 | G37: 0 | H37: 0 | I37: =SUMPRODUCT(E37:H37, E$2:H$2) -> 0
B38: L2 | C38: Corridor fixtures | D38: 1 | E38: 0 | F38: 0 | G38: 0 | H38: 0 | I38: =SUMPRODUCT(E38:H38, E$2:H$2) -> 0
B39: L2 | C39: MEP infrastructure | D39: 1 | E39: 0 | F39: 0 | G39: 0 | H39: 0 | I39: =SUMPRODUCT(E39:H39, E$2:H$2) -> 0
B40: L2 | C40: Generators | D40: 1 | E40: 0 | F40: 0 | G40: 0 | H40: 0 | I40: =SUMPRODUCT(E40:H40, E$2:H$2) -> 0
B41: L2 | C41: Transformers | D41: 1 | E41: 0.3 | F41: 0.3 | G41: 0.3 | H41: 0.3 | I41: =SUMPRODUCT(E41:H41, E$2:H$2) -> 0.3
B42: L2 | C42: BTD | D42: 1 | E42: 0 | F42: 0 | G42: 0 | H42: 0 | I42: =SUMPRODUCT(E42:H42, E$2:H$2) -> 0
B43: L2 | C43: Panels | D43: 1 | E43: 0.3 | F43: 0.3 | G43: 0.3 | H43: 0.3 | I43: =SUMPRODUCT(E43:H43, E$2:H$2) -> 0.3

Sheet Work Progress (%)
I1: 12
C2: MEP Work | H2: Celing | M2: Tiles Works | Q2: Bath Floors Tiles | U2: Bath Walls Tiles | Z2: Paint Works | AE2: Alluminium Window Work | AJ2: Balcony | AM2: Wood Works | AR2: Fi0%tures | AW2: Corridor Works
C3: Elec Work | D3: Plumb Works | E3: Plasterworks | F3: AC Copper | H3: BED 1+Bath | I3: Lounge | J3: Kitchen | K3: BED 2+Bath | M3: BED LEFT | N3: LOUNGE | O3: KITCHEN | P3: BED 2+Bath | Q3: 1 | R3: 2 | S3: 3 | T3: 4 | U3: 1 | V3: 2 | W3: 3 | X3: 4 | Z3: BED 1+Bath | AA3: LOUNGE | AB3: KITCHEN | AC3: BED 2+Bath | AE3: Marble Sills | AF3: BED 1+Bath | AG3: LOUNGE | AH3: BED 2+Bath | AJ3: Tiles | AK3: Celing +Paint | AM3: LEFT BED | AN3: KITCHEN | AO3: BED 2+BATH | AP3: DOORS | AR3: Lighting | AS3: Plumbing | AT3: Kitchen | AU3: Switch Socket | AW3: Tiles | AX3: Ceiling | AY3: Finishes | BA3: Railing | BB3: Louvers | BC3: Fi0%tures+Paints
C4: 2 | D4: 4 | E4: 1 | F4: 2 | H4: =I1*0.16 -> 1.92 | I4: =I1*0.28 -> 3.36 | J4: =I1*0.14 -> 1.68 | K4: =I1*0.16 -> 1.92 | AK4: =I1*0.07 -> 0.84 | AX4: =I1*0.12 -> 1.44
AM8: =NOW() -> 46010.869
B9: Work Status For I Tower
B10: First Floor
C11: Approved Items | BG11: Target Time passed.
C12: MEP Work | H12: Celing | L12: Ceiling % | M12: Tiles Works | Q12: Bath Floors Tiles | U12: Bath Walls Tiles | Y12: Tile Work % | Z12: Paint Works | AD12: Paint % | AE12: Alluminium Window Work | AI12: Alumin % | AJ12: Balcony | AM12: Wood Works | AQ12: Wood % | AR12: Fixtures | AV12: Fixture % | AW12: Corridor Works | AZ12: Over All % | BA12: MS Works | BD12: Overall %
B13: Appartment Number | C13: Elec Work | D13: Plumb Works | E13: Plasterworks | F13: LPG works | H13: BED 1+Bath | I13: Lounge | J13: Kitchen | K13: BED 2+Bath | M13: BED LEFT | N13: LOUNGE | O13: KITCHEN | P13: BED 2+Bath | Q13: 1 | R13: 2 | S13: 3 | T13: 4 | U13: 1 | V13: 2 | W13: 3 | X13: 4 | Z13: BED 1+Bath | AA13: LOUNGE | AB13: KITCHEN | AC13: BED 2+Bath | AE13: Marble Sills | AF13: BED 1+Bath | AG13: LOUNGE | AH13: BED 2+Bath | AJ13: Tiles | AK13: Celing +Paint | AM13: LEFT BED | AN13: KITCHEN | AO13: BED 2+BATH | AP13: DOORS | AR13: Lighting | AS13: Plumbing | AT13: Kitchen | AU13: Switch Socket | AW13: Tiles | AX13: Ceiling | AY13: Finishes | BA13: Railing | BB13: Louvers | BC13: Fixtures+Paints | BF13: Readiness % | BG13: REMARKS
B14: 101 | C14: 1 | D14: 1 | E14: 1 | F14: 1 | G14: =C14*45% + D14*45% + E14*5% + F14*5% -> 1 | H14: 1 | I14: 1 | J14: 1 | K14: 1 | L14: =H14*30% + I14*30% + J14*10% + K14*30% -> 1 | M14: 1 | N14: 1 | O14: 1 | P14: 1 | Q14: 1 | R14: 1 | S14: 1 | T14: 0 | U14: 1 | V14: 1 | W14: 1 | X14: 0 | Y14: =(U14*10% + V14*10% + W14*10% + X14*10%+ Q14*5% + R14*5% + S14*5% + T14*5%+M14*10% + N14*15% + O14*5% + P14*10%)/0.85 -> 1 | Z14: 0.7 | AA14: 0.7 | AB14: 0.7 | AC14: 0.7 | AD14: =Z14*45% + AA14*45% + AB14*5% + AC14*5% -> 0.7 | AE14: 1 | AF14: 0.5 | AG14: 1 | AH14: 0 | AI14: =AE14*5% + AF14*30% + AG14*35% + AH14*30% -> 0.55 | AJ14: 1 | AK14: 1 | AM14: 1 | AN14: 1 | AO14: 0 | AP14: 0.95 | AQ14: =AM14*15% + AN14*35% + AO14*15% + AP14*35% -> 0.8325 | AR14: 1 | AS14: 0.5 | AT14: 0 | AU14: 1 | AV14: =AR14*30% + AS14*30% + AT14*15% + AU14*25% -> 0.7 | AW14: 1 | AX14: 0.8 | AY14: 0 | AZ14: =AW14*30% + AX14*45% + AY14*25% -> 0.66 | BA14: 0 | BB14: 0 | BC14: 0 | BD14: =BA14*30% + BB14*45% + BC14*25% -> 0 | BF14: =( (COUNTIF(B14:E14,"✓")/(COUNTIF(B14:E14,"✓")+COUNTIF(B14:E14,"x")))*0.2 + (COUNTIF(F14:J14,"✓")/(COUNTIF(F14:J14,"✓")+COUNTIF(F14:J14,"x")))*0.15+ (COUNTIF(K14:O14,"✓")/(COUNTIF(K14:O14,"✓")+COUNTIF(K14:O14,"x")))*0.05 + (COUNTIF(P14:S14,"✓")/(COUNTIF(P14:S14,"✓")+COUNTIF(P14:S14,"x")))*0.1 + (COUNTIF(T14:W14,"✓")/(COUNTIF(T14:W14,"✓")+COUNTIF(T14:W14,"x")))*0.1 + (COUNTIF(X14:AB14,"✓")/(COUNTIF(X14:AB14,"✓")+COUNTIF(X14:AB14,"x")))*0.1 + (COUNTIF(AC14:AO14,"✓")/(COUNTIF(AC14:AO14,"✓")+COUNTIF(AC14:AO14,"x")))*0.1 + (COUNTIF(AP14:AT14,"✓")/(COUNTIF(AP14:AT14,"✓")+COUNTIF(AP14:AT14,"x")))*0.05 + (COUNTIF(AU14:BB14,"✓")/(COUNTIF(AU14:BB14,"✓")+COUNTIF(AU14:BB14,"x")))*0.1 + (COUNTIF(BC14:BC14,"✓")/(COUNTIF(BC14:BC14,"✓")+COUNTIF(BC14:BC14,"x")))*0.05 ) -> #DIV/0!
B15: 102 | C15: 1 | D15: 1 | E15: 1 | F15: 1 | G15: =C15*45% + D15*45% + E15*5% + F15*5% -> 1 | H15: 1 | I15: 1 | J15: 1 | K15: 1 | L15: =H15*30% + I15*30% + J15*10% + K15*30% -> 1 | M15: 1 | N15: 1 | O15: 1 | P15: 1 | Q15: 1 | R15: 1 | S15: 1 | T15: 1 | U15: 1 | V15: 1 | W15: 1 | X15: 1 | Y15: =(U15*10% + V15*10% + W15*10% + X15*10%+ Q15*5% + R15*5% + S15*5% + T15*5%+M15*10% + N15*15% + O15*5% + P15*10%) -> 1 | Z15: 0.7 | AA15: 0.7 | AB15: 0.7 | AC15: 0.7 | AD15: =Z15*45% + AA15*45% + AB15*5% + AC15*5% -> 0.7 | AE15: 0.7 | AF15: 1 | AG15: 1 | AH15: 0 | AI15: =AE15*5% + AF15*30% + AG15*35% + AH15*30% -> 0.685 | AJ15: 1 | AK15: 1 | AM15: 1 | AN15: 1 | AO15: 1 | AP15: 0.95 | AQ15: =AM15*15% + AN15*35% + AO15*15% + AP15*35% -> 0.9825 | AR15: 1 | AS15: 0.5 | AT15: 0 | AU15: 1 | AV15: =AR15*30% + AS15*30% + AT15*15% + AU15*25% -> 0.7 | AW15: 1 | AX15: 0.8 | AY15: 0 | AZ15: =AW15*30% + AX15*45% + AY15*25% -> 0.66 | BA15: 0 | BB15: 0 | BC15: 0 | BD15: =BA15*30% + BB15*45% + BC15*25% -> 0 | BF15: =( (COUNTIF(B15:E15,"✓")/(COUNTIF(B15:E15,"✓")+COUNTIF(B15:E15,"x")))*0.2 + (COUNTIF(F15:J15,"✓")/(COUNTIF(F15:J15,"✓")+COUNTIF(F15:J15,"x")))*0.15+ (COUNTIF(K15:O15,"✓")/(COUNTIF(K15:O15,"✓")+COUNTIF(K15:O15,"x")))*0.05 + (COUNTIF(P15:S15,"✓")/(COUNTIF(P15:S15,"✓")+COUNTIF(P15:S15,"x")))*0.1 + (COUNTIF(T15:W15,"✓")/(COUNTIF(T15:W15,"✓")+COUNTIF(T15:W15,"x")))*0.1 + (COUNTIF(X15:AB15,"✓")/(COUNTIF(X15:AB15,"✓")+COUNTIF(X15:AB15,"x")))*0.1 + (COUNTIF(AC15:AO15,"✓")/(COUNTIF(AC15:AO15,"✓")+COUNTIF(AC15:AO15,"x")))*0.1 + (COUNTIF(AP15:AT15,"✓")/(COUNTIF(AP15:AT15,"✓")+COUNTIF(AP15:AT15,"x")))*0.05 + (COUNTIF(AU15:BB15,"✓")/(COUNTIF(AU15:BB15,"✓")+COUNTIF(AU15:BB15,"x")))*0.1 + (COUNTIF(BC15:BC15,"✓")/(COUNTIF(BC15:BC15,"✓")+COUNTIF(BC15:BC15,"x")))*0.05 ) -> #DIV/0!
B16: 103 | C16: 1 | D16: 1 | E16: 1 | F16: 1 | G16: =C16*45% + D16*45% + E16*5% + F16*5% -> 1 | H16: 1 | I16: 1 | J16: 1 | K16: 1 | L16: =H16*30% + I16*30% + J16*10% + K16*30% -> 1 | M16: 1 | N16: 1 | O16: 1 | P16: 1 | Q16: 1 | R16: 1 | S16: 1 | T16: 1 | U16: 1 | V16: 1 | W16: 1 | X16: 1 | Y16: =(U16*10% + V16*10% + W16*10% + X16*10%+ Q16*5% + R16*5% + S16*5% + T16*5%+M16*10% + N16*15% + O16*5% + P16*10%) -> 1 | Z16: 0.7 | AA16: 0.7 | AB16: 0.7 | AC16: 0.7 | AD16: =Z16*45% + AA16*45% + AB16*5% + AC16*5% -> 0.7 | AE16: 1 | AF16: 1 | AG16: 1 | AH16: 1 | AI16: =AE16*5% + AF16*30% + AG16*35% + AH16*30% -> 1 | AJ16: 1 | AK16: 1 | AM16: 1 | AN16: 1 | AO16: 1 | AP16: 0.95 | AQ16: =AM16*15% + AN16*35% + AO16*15% + AP16*35% -> 0.9825 | AR16: 1 | AS16: 0.5 | AT16: 0 | AU16: 1 | AV16: =AR16*30% + AS16*30% + AT16*15% + AU16*25% -> 0.7 | AW16: 1 | AX16: 0.8 | AY16: 0 | AZ16: =AW16*30% + AX16*45% + AY16*25% -> 0.66 | BA16: 0 | BB16: 0 | BC16: 0 | BD16: =BA16*30% + BB16*45% + BC16*25% -> 0 | BF16: =( (COUNTIF(B16:E16,"✓")/(COUNTIF(B16:E16,"✓")+COUNTIF(B16:E16,"x")))*0.2 + (COUNTIF(F16:J16,"✓")/(COUNTIF(F16:J16,"✓")+COUNTIF(F16:J16,"x")))*0.15+ (COUNTIF(K16:O16,"✓")/(COUNTIF(K16:O16,"✓")+COUNTIF(K16:O16,"x")))*0.05 + (COUNTIF(P16:S16,"✓")/(COUNTIF(P16:S16,"✓")+COUNTIF(P16:S16,"x")))*0.1 + (COUNTIF(T16:W16,"✓")/(COUNTIF(T16:W16,"✓")+COUNTIF(T16:W16,"x")))*0.1 + (COUNTIF(X16:AB16,"✓")/(COUNTIF(X16:AB16,"✓")+COUNTIF(X16:AB16,"x")))*0.1 + (COUNTIF(AC16:AO16,"✓")/(COUNTIF(AC16:AO16,"✓")+COUNTIF(AC16:AO16,"x")))*0.1 + (COUNTIF(AP16:AT16,"✓")/(COUNTIF(AP16:AT16,"✓")+COUNTIF(AP16:AT16,"x")))*0.05 + (COUNTIF(AU16:BB16,"✓")/(COUNTIF(AU16:BB16,"✓")+COUNTIF(AU16:BB16,"x")))*0.1 + (COUNTIF(BC16:BC16,"✓")/(COUNTIF(BC16:BC16,"✓")+COUNTIF(BC16:BC16,"x")))*0.05 ) -> #DIV/0!
B17: 104 | C17: 1 | D17: 1 | E17: 1 | F17: 1 | G17: =C17*45% + D17*45% + E17*5% + F17*5% -> 1 | H17: 1 | I17: 1 | J17: 1 | K17: 1 | L17: =H17*30% + I17*30% + J17*10% + K17*30% -> 1 | M17: 1 | N17: 1 | O17: 1 | P17: 1 | Q17: 1 | R17: 1 | S17: 1 | T17: 1 | U17: 1 | V17: 1 | W17: 1 | X17: 1 | Y17: =(U17*10% + V17*10% + W17*10% + X17*10%+ Q17*5% + R17*5% + S17*5% + T17*5%+M17*10% + N17*15% + O17*5% + P17*10%) -> 1 | Z17: 0.5 | AA17: 0.5 | AB17: 0.5 | AC17: 0.5 | AD17: =Z17*45% + AA17*45% + AB17*5% + AC17*5% -> 0.5 | AE17: 0.9 | AF17: 1 | AG17: 1 | AH17: 0 | AI17: =AE17*5% + AF17*30% + AG17*35% + AH17*30% -> 0.695 | AJ17: 1 | AK17: 1 | AM17: 1 | AN17: 1 | AO17: 1 | AP17: 0.95 | AQ17: =AM17*15% + AN17*35% + AO17*15% + AP17*35% -> 0.9825 | AR17: 1 | AS17: 0.5 | AT17: 0 | AU17: 1 | AV17: =AR17*30% + AS17*30% + AT17*15% + AU17*25% -> 0.7 | AW17: 1 | AX17: 0.8 | AY17: 0 | AZ17: =AW17*30% + AX17*45% + AY17*25% -> 0.66 | BA17: 0 | BB17: 0 | BC17: 0 | BD17: =BA17*30% + BB17*45% + BC17*25% -> 0 | BF17: =( (COUNTIF(B17:E17,"✓")/(COUNTIF(B17:E17,"✓")+COUNTIF(B17:E17,"x")))*0.2 + (COUNTIF(F17:J17,"✓")/(COUNTIF(F17:J17,"✓")+COUNTIF(F17:J17,"x")))*0.15+ (COUNTIF(K17:O17,"✓")/(COUNTIF(K17:O17,"✓")+COUNTIF(K17:O17,"x")))*0.05 + (COUNTIF(P17:S17,"✓")/(COUNTIF(P17:S17,"✓")+COUNTIF(P17:S17,"x")))*0.1 + (COUNTIF(T17:W17,"✓")/(COUNTIF(T17:W17,"✓")+COUNTIF(T17:W17,"x")))*0.1 + (COUNTIF(X17:AB17,"✓")/(COUNTIF(X17:AB17,"✓")+COUNTIF(X17:AB17,"x")))*0.1 + (COUNTIF(AC17:AO17,"✓")/(COUNTIF(AC17:AO17,"✓")+COUNTIF(AC17:AO17,"x")))*0.1 + (COUNTIF(AP17:AT17,"✓")/(COUNTIF(AP17:AT17,"✓")+COUNTIF(AP17:AT17,"x")))*0.05 + (COUNTIF(AU17:BB17,"✓")/(COUNTIF(AU17:BB17,"✓")+COUNTIF(AU17:BB17,"x")))*0.1 + (COUNTIF(BC17:BC17,"✓")/(COUNTIF(BC17:BC17,"✓")+COUNTIF(BC17:BC17,"x")))*0.05 ) -> #DIV/0!
B18: 105 | C18: 1 | D18: 1 | E18: 1 | F18: 1 | G18: =C18*45% + D18*45% + E18*5% + F18*5% -> 1 | H18: 1 | I18: 1 | J18: 1 | K18: 1 | L18: =H18*30% + I18*30% + J18*10% + K18*30% -> 1 | M18: 1 | N18: 1 | O18: 1 | P18: 1 | Q18: 1 | R18: 1 | S18: 1 | T18: 1 | U18: 1 | V18: 1 | W18: 1 | X18: 1 | Y18: =(U18*10% + V18*10% + W18*10% + X18*10%+ Q18*5% + R18*5% + S18*5% + T18*5%+M18*10% + N18*15% + O18*5% + P18*10%) -> 1 | Z18: 0.7 | AA18: 0.7 | AB18: 0.7 | AC18: 0.7 | AD18: =Z18*45% + AA18*45% + AB18*5% + AC18*5% -> 0.7 | AE18: 1 | AF18: 0.7 | AG18: 0.9 | AH18: 0.7 | AI18: =AE18*5% + AF18*30% + AG18*35% + AH18*30% -> 0.785 | AJ18: 1 | AK18: 1 | AM18: 1 | AN18: 1 | AO18: 1 | AP18: 0.95 | AQ18: =AM18*15% + AN18*35% + AO18*15% + AP18*35% -> 0.9825 | AR18: 1 | AS18: 0.5 | AT18: 0 | AU18: 1 | AV18: =AR18*30% + AS18*30% + AT18*15% + AU18*25% -> 0.7 | AW18: 1 | AX18: 0.8 | AY18: 0 | AZ18: =AW18*30% + AX18*45% + AY18*25% -> 0.66 | BA18: 0 | BB18: 0 | BC18: 0 | BD18: =BA18*30% + BB18*45% + BC18*25% -> 0 | BF18: =( (COUNTIF(B18:E18,"✓")/(COUNTIF(B18:E18,"✓")+COUNTIF(B18:E18,"x")))*0.2 + (COUNTIF(F18:J18,"✓")/(COUNTIF(F18:J18,"✓")+COUNTIF(F18:J18,"x")))*0.15+ (COUNTIF(K18:O18,"✓")/(COUNTIF(K18:O18,"✓")+COUNTIF(K18:O18,"x")))*0.05 + (COUNTIF(P18:S18,"✓")/(COUNTIF(P18:S18,"✓")+COUNTIF(P18:S18,"x")))*0.1 + (COUNTIF(T18:W18,"✓")/(COUNTIF(T18:W18,"✓")+COUNTIF(T18:W18,"x")))*0.1 + (COUNTIF(X18:AB18,"✓")/(COUNTIF(X18:AB18,"✓")+COUNTIF(X18:AB18,"x")))*0.1 + (COUNTIF(AC18:AO18,"✓")/(COUNTIF(AC18:AO18,"✓")+COUNTIF(AC18:AO18,"x")))*0.1 + (COUNTIF(AP18:AT18,"✓")/(COUNTIF(AP18:AT18,"✓")+COUNTIF(AP18:AT18,"x")))*0.05 + (COUNTIF(AU18:BB18,"✓")/(COUNTIF(AU18:BB18,"✓")+COUNTIF(AU18:BB18,"x")))*0.1 + (COUNTIF(BC18:BC18,"✓")/(COUNTIF(BC18:BC18,"✓")+COUNTIF(BC18:BC18,"x")))*0.05 ) -> #DIV/0!
B19: 106 | C19: 1 | D19: 1 | E19: 1 | F19: 1 | G19: =C19*45% + D19*45% + E19*5% + F19*5% -> 1 | H19: 1 | I19: 1 | J19: 1 | K19: 1 | L19: =H19*30% + I19*30% + J19*10% + K19*30% -> 1 | M19: 1 | N19: 1 | O19: 1 | P19: 1 | Q19: 1 | R19: 1 | S19: 1 | T19: 1 | U19: 1 | V19: 1 | W19: 1 | X19: 1 | Y19: =(U19*10% + V19*10% + W19*10% + X19*10%+ Q19*5% + R19*5% + S19*5% + T19*5%+M19*10% + N19*15% + O19*5% + P19*10%) -> 1 | Z19: 0.7 | AA19: 0.7 | AB19: 0.7 | AC19: 0.7 | AD19: =Z19*45% + AA19*45% + AB19*5% + AC19*5% -> 0.7 | AE19: 1 | AF19: 1 | AG19: 1 | AH19: 1 | AI19: =AE19*5% + AF19*30% + AG19*35% + AH19*30% -> 1 | AJ19: 1 | AK19: 1 | AM19: 1 | AN19: 1 | AO19: 1 | AP19: 0.95 | AQ19: =AM19*15% + AN19*35% + AO19*15% + AP19*35% -> 0.9825 | AR19: 1 | AS19: 0.5 | AT19: 1 | AU19: 1 | AV19: =AR19*30% + AS19*30% + AT19*15% + AU19*25% -> 0.85 | AW19: 1 | AX19: 0.8 | AY19: 0 | AZ19: =AW19*30% + AX19*45% + AY19*25% -> 0.66 | BA19: 0 | BB19: 0 | BC19: 0 | BD19: =BA19*30% + BB19*45% + BC19*25% -> 0 | BF19: =( (COUNTIF(B19:E19,"✓")/(COUNTIF(B19:E19,"✓")+COUNTIF(B19:E19,"x")))*0.2 + (COUNTIF(F19:J19,"✓")/(COUNTIF(F19:J19,"✓")+COUNTIF(F19:J19,"x")))*0.15+ (COUNTIF(K19:O19,"✓")/(COUNTIF(K19:O19,"✓")+COUNTIF(K19:O19,"x")))*0.05 + (COUNTIF(P19:S19,"✓")/(COUNTIF(P19:S19,"✓")+COUNTIF(P19:S19,"x")))*0.1 + (COUNTIF(T19:W19,"✓")/(COUNTIF(T19:W19,"✓")+COUNTIF(T19:W19,"x")))*0.1 + (COUNTIF(X19:AB19,"✓")/(COUNTIF(X19:AB19,"✓")+COUNTIF(X19:AB19,"x")))*0.1 + (COUNTIF(AC19:AO19,"✓")/(COUNTIF(AC19:AO19,"✓")+COUNTIF(AC19:AO19,"x")))*0.1 + (COUNTIF(AP19:AT19,"✓")/(COUNTIF(AP19:AT19,"✓")+COUNTIF(AP19:AT19,"x")))*0.05 + (COUNTIF(AU19:BB19,"✓")/(COUNTIF(AU19:BB19,"✓")+COUNTIF(AU19:BB19,"x")))*0.1 + (COUNTIF(BC19:BC19,"✓")/(COUNTIF(BC19:BC19,"✓")+COUNTIF(BC19:BC19,"x")))*0.05 ) -> #DIV/0!
B20: 107 | C20: 1 | D20: 1 | E20: 1 | F20: 1 | G20: =C20*45% + D20*45% + E20*5% + F20*5% -> 1 | H20: 1 | I20: 1 | J20: 1 | K20: 1 | L20: =H20*30% + I20*30% + J20*10% + K20*30% -> 1 | M20: 1 | N20: 1 | O20: 1 | P20: 1 | Q20: 1 | R20: 1 | S20: 1 | T20: 1 | U20: 1 | V20: 1 | W20: 1 | X20: 1 | Y20: =(U20*10% + V20*10% + W20*10% + X20*10%+ Q20*5% + R20*5% + S20*5% + T20*5%+M20*10% + N20*15% + O20*5% + P20*10%) -> 1 | Z20: 0.7 | AA20: 0.7 | AB20: 0.7 | AC20: 0.7 | AD20: =Z20*45% + AA20*45% + AB20*5% + AC20*5% -> 0.7 | AE20: 1 | AF20: 1 | AG20: 1 | AH20: 1 | AI20: =AE20*5% + AF20*30% + AG20*35% + AH20*30% -> 1 | AJ20: 1 | AK20: 0 | AM20: 1 | AN20: 1 | AO20: 1 | AP20: 0.95 | AQ20: =AM20*15% + AN20*35% + AO20*15% + AP20*35% -> 0.9825 | AR20: 1 | AS20: 0.5 | AT20: 0 | AU20: 1 | AV20: =AR20*30% + AS20*30% + AT20*15% + AU20*25% -> 0.7 | AW20: 1 | AX20: 0.35 | AY20: 0 | AZ20: =AW20*30% + AX20*45% + AY20*25% -> 0.4575 | BA20: 0 | BB20: 0 | BC20: 0 | BD20: =BA20*30% + BB20*45% + BC20*25% -> 0 | BF20: =( (COUNTIF(B20:E20,"✓")/(COUNTIF(B20:E20,"✓")+COUNTIF(B20:E20,"x")))*0.2 + (COUNTIF(F20:J20,"✓")/(COUNTIF(F20:J20,"✓")+COUNTIF(F20:J20,"x")))*0.15+ (COUNTIF(K20:O20,"✓")/(COUNTIF(K20:O20,"✓")+COUNTIF(K20:O20,"x")))*0.05 + (COUNTIF(P20:S20,"✓")/(COUNTIF(P20:S20,"✓")+COUNTIF(P20:S20,"x")))*0.1 + (COUNTIF(T20:W20,"✓")/(COUNTIF(T20:W20,"✓")+COUNTIF(T20:W20,"x")))*0.1 + (COUNTIF(X20:AB20,"✓")/(COUNTIF(X20:AB20,"✓")+COUNTIF(X20:AB20,"x")))*0.1 + (COUNTIF(AC20:AO20,"✓")/(COUNTIF(AC20:AO20,"✓")+COUNTIF(AC20:AO20,"x")))*0.1 + (COUNTIF(AP20:AT20,"✓")/(COUNTIF(AP20:AT20,"✓")+COUNTIF(AP20:AT20,"x")))*0.05 + (COUNTIF(AU20:BB20,"✓")/(COUNTIF(AU20:BB20,"✓")+COUNTIF(AU20:BB20,"x")))*0.1 + (COUNTIF(BC20:BC20,"✓")/(COUNTIF(BC20:BC20,"✓")+COUNTIF(BC20:BC20,"x")))*0.05 ) -> #DIV/0!
B21: 108 | C21: 1 | D21: 1 | E21: 1 | F21: 1 | G21: =C21*45% + D21*45% + E21*5% + F21*5% -> 1 | H21: 1 | I21: 1 | J21: 1 | K21: 1 | L21: =H21*30% + I21*30% + J21*10% + K21*30% -> 1 | M21: 1 | N21: 1 | O21: 1 | P21: 1 | Q21: 1 | R21: 1 | S21: 1 | T21: 1 | U21: 1 | V21: 1 | W21: 1 | X21: 1 | Y21: =(U21*10% + V21*10% + W21*10% + X21*10%+ Q21*5% + R21*5% + S21*5% + T21*5%+M21*10% + N21*15% + O21*5% + P21*10%) -> 1 | Z21: 0.8 | AA21: 0.8 | AB21: 0.8 | AC21: 0.8 | AD21: =Z21*45% + AA21*45% + AB21*5% + AC21*5% -> 0.8 | AE21: 1 | AF21: 1 | AG21: 1 | AH21: 1 | AI21: =AE21*5% + AF21*30% + AG21*35% + AH21*30% -> 1 | AJ21: 1 | AK21: 1 | AM21: 1 | AN21: 1 | AO21: 1 | AP21: 0.95 | AQ21: =AM21*15% + AN21*35% + AO21*15% + AP21*35% -> 0.9825 | AR21: 1 | AS21: 0.5 | AT21: 1 | AU21: 1 | AV21: =AR21*30% + AS21*30% + AT21*15% + AU21*25% -> 0.85 | AW21: 1 | AX21: 0.35 | AY21: 0 | AZ21: =AW21*30% + AX21*45% + AY21*25% -> 0.4575 | BA21: 0 | BB21: 0 | BC21: 0 | BD21: =BA21*30% + BB21*45% + BC21*25% -> 0 | BF21: =( (COUNTIF(B21:E21,"✓")/(COUNTIF(B21:E21,"✓")+COUNTIF(B21:E21,"x")))*0.2 + (COUNTIF(F21:J21,"✓")/(COUNTIF(F21:J21,"✓")+COUNTIF(F21:J21,"x")))*0.15+ (COUNTIF(K21:O21,"✓")/(COUNTIF(K21:O21,"✓")+COUNTIF(K21:O21,"x")))*0.05 + (COUNTIF(P21:S21,"✓")/(COUNTIF(P21:S21,"✓")+COUNTIF(P21:S21,"x")))*0.1 + (COUNTIF(T21:W21,"✓")/(COUNTIF(T21:W21,"✓")+COUNTIF(T21:W21,"x")))*0.1 + (COUNTIF(X21:AB21,"✓")/(COUNTIF(X21:AB21,"✓")+COUNTIF(X21:AB21,"x")))*0.1 + (COUNTIF(AC21:AO21,"✓")/(COUNTIF(AC21:AO21,"✓")+COUNTIF(AC21:AO21,"x")))*0.1 + (COUNTIF(AP21:AT21,"✓")/(COUNTIF(AP21:AT21,"✓")+COUNTIF(AP21:AT21,"x")))*0.05 + (COUNTIF(AU21:BB21,"✓")/(COUNTIF(AU21:BB21,"✓")+COUNTIF(AU21:BB21,"x")))*0.1 + (COUNTIF(BC21:BC21,"✓")/(COUNTIF(BC21:BC21,"✓")+COUNTIF(BC21:BC21,"x")))*0.05 ) -> #DIV/0!
B22: 109 | C22: 1 | D22: 1 | E22: 1 | F22: 1 | G22: =C22*45% + D22*45% + E22*5% + F22*5% -> 1 | H22: 1 | I22: 1 | J22: 1 | K22: 1 | L22: =H22*30% + I22*30% + J22*10% + K22*30% -> 1 | M22: 1 | N22: 1 | O22: 1 | P22: 1 | Q22: 1 | R22: 1 | S22: 1 | T22: 1 | U22: 1 | V22: 1 | W22: 1 | X22: 1 | Y22: =(U22*10% + V22*10% + W22*10% + X22*10%+ Q22*5% + R22*5% + S22*5% + T22*5%+M22*10% + N22*15% + O22*5% + P22*10%) -> 1 | Z22: 0.7 | AA22: 0.7 | AB22: 0.7 | AC22: 0.7 | AD22: =Z22*45% + AA22*45% + AB22*5% + AC22*5% -> 0.7 | AE22: 1 | AF22: 1 | AG22: 1 | AH22: 1 | AI22: =AE22*5% + AF22*30% + AG22*35% + AH22*30% -> 1 | AJ22: 1 | AK22: 1 | AM22: 1 | AN22: 1 | AO22: 1 | AP22: 0.95 | AQ22: =AM22*15% + AN22*35% + AO22*15% + AP22*35% -> 0.9825 | AR22: 1 | AS22: 0.5 | AT22: 0 | AU22: 1 | AV22: =AR22*30% + AS22*30% + AT22*15% + AU22*25% -> 0.7 | AW22: 1 | AX22: 0.35 | AY22: 0 | AZ22: =AW22*30% + AX22*45% + AY22*25% -> 0.4575 | BA22: 0 | BB22: 0 | BC22: 0 | BD22: =BA22*30% + BB22*45% + BC22*25% -> 0 | BF22: =( (COUNTIF(B22:E22,"✓")/(COUNTIF(B22:E22,"✓")+COUNTIF(B22:E22,"x")))*0.2 + (COUNTIF(F22:J22,"✓")/(COUNTIF(F22:J22,"✓")+COUNTIF(F22:J22,"x")))*0.15+ (COUNTIF(K22:O22,"✓")/(COUNTIF(K22:O22,"✓")+COUNTIF(K22:O22,"x")))*0.05 + (COUNTIF(P22:S22,"✓")/(COUNTIF(P22:S22,"✓")+COUNTIF(P22:S22,"x")))*0.1 + (COUNTIF(T22:W22,"✓")/(COUNTIF(T22:W22,"✓")+COUNTIF(T22:W22,"x")))*0.1 + (COUNTIF(X22:AB22,"✓")/(COUNTIF(X22:AB22,"✓")+COUNTIF(X22:AB22,"x")))*0.1 + (COUNTIF(AC22:AO22,"✓")/(COUNTIF(AC22:AO22,"✓")+COUNTIF(AC22:AO22,"x")))*0.1 + (COUNTIF(AP22:AT22,"✓")/(COUNTIF(AP22:AT22,"✓")+COUNTIF(AP22:AT22,"x")))*0.05 + (COUNTIF(AU22:BB22,"✓")/(COUNTIF(AU22:BB22,"✓")+COUNTIF(AU22:BB22,"x")))*0.1 + (COUNTIF(BC22:BC22,"✓")/(COUNTIF(BC22:BC22,"✓")+COUNTIF(BC22:BC22,"x")))*0.05 ) -> #DIV/0!
B23: 110 | C23: 1 | D23: 1 | E23: 1 | F23: 1 | G23: =C23*45% + D23*45% + E23*5% + F23*5% -> 1 | H23: 1 | I23: 1 | J23: 1 | K23: 1 | L23: =H23*30% + I23*30% + J23*10% + K23*30% -> 1 | M23: 1 | N23: 1 | O23: 1 | P23: 1 | Q23: 1 | R23: 1 | S23: 1 | T23: 1 | U23: 1 | V23: 1 | W23: 1 | X23: 1 | Y23: =(U23*10% + V23*10% + W23*10% + X23*10%+ Q23*5% + R23*5% + S23*5% + T23*5%+M23*10% + N23*15% + O23*5% + P23*10%) -> 1 | Z23: 0.8 | AA23: 0.8 | AB23: 0.8 | AC23: 0.8 | AD23: =Z23*45% + AA23*45% + AB23*5% + AC23*5% -> 0.8 | AE23: 1 | AF23: 0.7 | AG23: 1 | AH23: 1 | AI23: =AE23*5% + AF23*30% + AG23*35% + AH23*30% -> 0.91 | AJ23: 1 | AK23: 1 | AM23: 1 | AN23: 1 | AO23: 1 | AP23: 0.95 | AQ23: =AM23*15% + AN23*35% + AO23*15% + AP23*35% -> 0.9825 | AR23: 1 | AS23: 0.5 | AT23: 0 | AU23: 1 | AV23: =AR23*30% + AS23*30% + AT23*15% + AU23*25% -> 0.7 | AW23: 1 | AX23: 0.35 | AY23: 0 | AZ23: =AW23*30% + AX23*45% + AY23*25% -> 0.4575 | BA23: 0 | BB23: 1 | BC23: 0 | BD23: =BA23*30% + BB23*45% + BC23*25% -> 0.45 | BF23: =( (COUNTIF(B23:E23,"✓")/(COUNTIF(B23:E23,"✓")+COUNTIF(B23:E23,"x")))*0.2 + (COUNTIF(F23:J23,"✓")/(COUNTIF(F23:J23,"✓")+COUNTIF(F23:J23,"x")))*0.15+ (COUNTIF(K23:O23,"✓")/(COUNTIF(K23:O23,"✓")+COUNTIF(K23:O23,"x")))*0.05 + (COUNTIF(P23:S23,"✓")/(COUNTIF(P23:S23,"✓")+COUNTIF(P23:S23,"x")))*0.1 + (COUNTIF(T23:W23,"✓")/(COUNTIF(T23:W23,"✓")+COUNTIF(T23:W23,"x")))*0.1 + (COUNTIF(X23:AB23,"✓")/(COUNTIF(X23:AB23,"✓")+COUNTIF(X23:AB23,"x")))*0.1 + (COUNTIF(AC23:AO23,"✓")/(COUNTIF(AC23:AO23,"✓")+COUNTIF(AC23:AO23,"x")))*0.1 + (COUNTIF(AP23:AT23,"✓")/(COUNTIF(AP23:AT23,"✓")+COUNTIF(AP23:AT23,"x")))*0.05 + (COUNTIF(AU23:BB23,"✓")/(COUNTIF(AU23:BB23,"✓")+COUNTIF(AU23:BB23,"x")))*0.1 + (COUNTIF(BC23:BC23,"✓")/(COUNTIF(BC23:BC23,"✓")+COUNTIF(BC23:BC23,"x")))*0.05 ) -> #DIV/0!
B24: 111 | C24: 1 | D24: 1 | E24: 1 | F24: 1 | G24: =C24*45% + D24*45% + E24*5% + F24*5% -> 1 | H24: 1 | I24: 1 | J24: 1 | K24: 1 | L24: =H24*30% + I24*30% + J24*10% + K24*30% -> 1 | M24: 1 | N24: 1 | O24: 1 | P24: 1 | Q24: 1 | R24: 1 | S24: 1 | T24: 1 | U24: 1 | V24: 1 | W24: 1 | X24: 1 | Y24: =(U24*10% + V24*10% + W24*10% + X24*10%+ Q24*5% + R24*5% + S24*5% + T24*5%+M24*10% + N24*15% + O24*5% + P24*10%) -> 1 | Z24: 0.7 | AA24: 0.7 | AB24: 0.7 | AC24: 0.7 | AD24: =Z24*45% + AA24*45% + AB24*5% + AC24*5% -> 0.7 | AE24: 1 | AF24: 0.7 | AG24: 1 | AH24: 1 | AI24: =AE24*5% + AF24*30% + AG24*35% + AH24*30% -> 0.91 | AJ24: 1 | AK24: 1 | AM24: 1 | AN24: 1 | AO24: 1 | AP24: 0.95 | AQ24: =AM24*15% + AN24*35% + AO24*15% + AP24*35% -> 0.9825 | AR24: 1 | AS24: 0.5 | AT24: 0 | AU24: 1 | AV24: =AR24*30% + AS24*30% + AT24*15% + AU24*25% -> 0.7 | AW24: 1 | AX24: 0.35 | AY24: 0 | AZ24: =AW24*30% + AX24*45% + AY24*25% -> 0.4575 | BA24: 0 | BB24: 0 | BC24: 0 | BD24: =BA24*30% + BB24*45% + BC24*25% -> 0 | BF24: =( (COUNTIF(B24:E24,"✓")/(COUNTIF(B24:E24,"✓")+COUNTIF(B24:E24,"x")))*0.2 + (COUNTIF(F24:J24,"✓")/(COUNTIF(F24:J24,"✓")+COUNTIF(F24:J24,"x")))*0.15+ (COUNTIF(K24:O24,"✓")/(COUNTIF(K24:O24,"✓")+COUNTIF(K24:O24,"x")))*0.05 + (COUNTIF(P24:S24,"✓")/(COUNTIF(P24:S24,"✓")+COUNTIF(P24:S24,"x")))*0.1 + (COUNTIF(T24:W24,"✓")/(COUNTIF(T24:W24,"✓")+COUNTIF(T24:W24,"x")))*0.1 + (COUNTIF(X24:AB24,"✓")/(COUNTIF(X24:AB24,"✓")+COUNTIF(X24:AB24,"x")))*0.1 + (COUNTIF(AC24:AO24,"✓")/(COUNTIF(AC24:AO24,"✓")+COUNTIF(AC24:AO24,"x")))*0.1 + (COUNTIF(AP24:AT24,"✓")/(COUNTIF(AP24:AT24,"✓")+COUNTIF(AP24:AT24,"x")))*0.05 + (COUNTIF(AU24:BB24,"✓")/(COUNTIF(AU24:BB24,"✓")+COUNTIF(AU24:BB24,"x")))*0.1 + (COUNTIF(BC24:BC24,"✓")/(COUNTIF(BC24:BC24,"✓")+COUNTIF(BC24:BC24,"x")))*0.05 ) -> #DIV/0!
B25: 112 | C25: 1 | D25: 1 | E25: 1 | F25: 1 | G25: =C25*45% + D25*45% + E25*5% + F25*5% -> 1 | H25: 1 | I25: 1 | J25: 1 | K25: 1 | L25: =H25*30% + I25*30% + J25*10% + K25*30% -> 1 | M25: 1 | N25: 1 | O25: 1 | P25: 1 | Q25: 1 | R25: 1 | S25: 1 | T25: 1 | U25: 1 | V25: 1 | W25: 1 | X25: 1 | Y25: =(U25*10% + V25*10% + W25*10% + X25*10%+ Q25*5% + R25*5% + S25*5% + T25*5%+M25*10% + N25*15% + O25*5% + P25*10%) -> 1 | Z25: 0.8 | AA25: 0.8 | AB25: 0.8 | AC25: 0.8 | AD25: =Z25*45% + AA25*45% + AB25*5% + AC25*5% -> 0.8 | AE25: 1 | AF25: 1 | AG25: 1 | AH25: 1 | AI25: =AE25*5% + AF25*30% + AG25*35% + AH25*30% -> 1 | AJ25: 1 | AK25: 1 | AM25: 1 | AN25: 1 | AO25: 1 | AP25: 1 | AQ25: =AM25*15% + AN25*35% + AO25*15% + AP25*35% -> 1 | AR25: 1 | AS25: 0.5 | AT25: 0 | AU25: 1 | AV25: =AR25*30% + AS25*30% + AT25*15% + AU25*25% -> 0.7 | AW25: 1 | AX25: 0.35 | AY25: 0 | AZ25: =AW25*30% + AX25*45% + AY25*25% -> 0.4575 | BA25: 0 | BB25: 0 | BC25: 0 | BD25: =BA25*30% + BB25*45% + BC25*25% -> 0 | BF25: =( (COUNTIF(B25:E25,"✓")/(COUNTIF(B25:E25,"✓")+COUNTIF(B25:E25,"x")))*0.2 + (COUNTIF(F25:J25,"✓")/(COUNTIF(F25:J25,"✓")+COUNTIF(F25:J25,"x")))*0.15+ (COUNTIF(K25:O25,"✓")/(COUNTIF(K25:O25,"✓")+COUNTIF(K25:O25,"x")))*0.05 + (COUNTIF(P25:S25,"✓")/(COUNTIF(P25:S25,"✓")+COUNTIF(P25:S25,"x")))*0.1 + (COUNTIF(T25:W25,"✓")/(COUNTIF(T25:W25,"✓")+COUNTIF(T25:W25,"x")))*0.1 + (COUNTIF(X25:AB25,"✓")/(COUNTIF(X25:AB25,"✓")+COUNTIF(X25:AB25,"x")))*0.1 + (COUNTIF(AC25:AO25,"✓")/(COUNTIF(AC25:AO25,"✓")+COUNTIF(AC25:AO25,"x")))*0.1 + (COUNTIF(AP25:AT25,"✓")/(COUNTIF(AP25:AT25,"✓")+COUNTIF(AP25:AT25,"x")))*0.05 + (COUNTIF(AU25:BB25,"✓")/(COUNTIF(AU25:BB25,"✓")+COUNTIF(AU25:BB25,"x")))*0.1 + (COUNTIF(BC25:BC25,"✓")/(COUNTIF(BC25:BC25,"✓")+COUNTIF(BC25:BC25,"x")))*0.05 ) -> #DIV/0!
B26: 113 | C26: 1 | D26: 1 | E26: 1 | F26: 1 | G26: =C26*45% + D26*45% + E26*5% + F26*5% -> 1 | H26: 1 | I26: 1 | J26: 1 | K26: 1 | L26: =H26*30% + I26*30% + J26*10% + K26*30% -> 1 | M26: 1 | N26: 1 | O26: 1 | P26: 1 | Q26: 1 | R26: 1 | S26: 1 | T26: 0 | U26: 1 | V26: 1 | W26: 1 | X26: 0 | Y26: =(U26*10% + V26*10% + W26*10% + Q26*15% + R26*5% + S26*5% +M26*15% + N26*15% + O26*5% + P26*10%) -> 1 | Z26: 0.7 | AA26: 0.7 | AB26: 0.7 | AC26: 0.7 | AD26: =Z26*45% + AA26*45% + AB26*5% + AC26*5% -> 0.7 | AE26: 1 | AF26: 1 | AG26: 1 | AH26: 1 | AI26: =AE26*5% + AF26*30% + AG26*35% + AH26*30% -> 1 | AJ26: 1 | AK26: 1 | AM26: 0 | AN26: 1 | AO26: 1 | AP26: 0.95 | AQ26: =AM26*15% + AN26*35% + AO26*15% + AP26*35% -> 0.8325 | AR26: 1 | AS26: 0.5 | AT26: 0 | AU26: 1 | AV26: =AR26*30% + AS26*30% + AT26*15% + AU26*25% -> 0.7 | AW26: 1 | AX26: 0.35 | AY26: 0 | AZ26: =AW26*30% + AX26*45% + AY26*25% -> 0.4575 | BA26: 0 | BB26: 0 | BC26: 0 | BD26: =BA26*30% + BB26*45% + BC26*25% -> 0 | BF26: =( (COUNTIF(B26:E26,"✓")/(COUNTIF(B26:E26,"✓")+COUNTIF(B26:E26,"x")))*0.2 + (COUNTIF(F26:J26,"✓")/(COUNTIF(F26:J26,"✓")+COUNTIF(F26:J26,"x")))*0.15+ (COUNTIF(K26:O26,"✓")/(COUNTIF(K26:O26,"✓")+COUNTIF(K26:O26,"x")))*0.05 + (COUNTIF(P26:S26,"✓")/(COUNTIF(P26:S26,"✓")+COUNTIF(P26:S26,"x")))*0.1 + (COUNTIF(T26:W26,"✓")/(COUNTIF(T26:W26,"✓")+COUNTIF(T26:W26,"x")))*0.1 + (COUNTIF(X26:AB26,"✓")/(COUNTIF(X26:AB26,"✓")+COUNTIF(X26:AB26,"x")))*0.1 + (COUNTIF(AC26:AO26,"✓")/(COUNTIF(AC26:AO26,"✓")+COUNTIF(AC26:AO26,"x")))*0.1 + (COUNTIF(AP26:AT26,"✓")/(COUNTIF(AP26:AT26,"✓")+COUNTIF(AP26:AT26,"x")))*0.05 + (COUNTIF(AU26:BB26,"✓")/(COUNTIF(AU26:BB26,"✓")+COUNTIF(AU26:BB26,"x")))*0.1 + (COUNTIF(BC26:BC26,"✓")/(COUNTIF(BC26:BC26,"✓")+COUNTIF(BC26:BC26,"x")))*0.05 ) -> #DIV/0!
B27: 114 | C27: 1 | D27: 1 | E27: 1 | F27: 1 | G27: =C27*45% + D27*45% + E27*5% + F27*5% -> 1 | H27: 1 | I27: 1 | J27: 1 | K27: 1 | L27: =H27*30% + I27*30% + J27*10% + K27*30% -> 1 | M27: 1 | N27: 1 | O27: 1 | P27: 1 | Q27: 1 | R27: 1 | S27: 1 | T27: 1 | U27: 1 | V27: 1 | W27: 1 | X27: 1 | Y27: =(U27*10% + V27*10% + W27*10% + X27*10%+ Q27*5% + R27*5% + S27*5% + T27*5%+M27*10% + N27*15% + O27*5% + P27*10%) -> 1 | Z27: 0.8 | AA27: 0.8 | AB27: 0.8 | AC27: 0.8 | AD27: =Z27*45% + AA27*45% + AB27*5% + AC27*5% -> 0.8 | AE27: 1 | AF27: 1 | AG27: 1 | AH27: 1 | AI27: =AE27*5% + AF27*30% + AG27*35% + AH27*30% -> 1 | AJ27: 1 | AK27: 1 | AM27: 1 | AN27: 1 | AO27: 1 | AP27: 0.95 | AQ27: =AM27*15% + AN27*35% + AO27*15% + AP27*35% -> 0.9825 | AR27: 1 | AS27: 0.5 | AT27: 0 | AU27: 1 | AV27: =AR27*30% + AS27*30% + AT27*15% + AU27*25% -> 0.7 | AW27: 1 | AX27: 0.35 | AY27: 0 | AZ27: =AW27*30% + AX27*45% + AY27*25% -> 0.4575 | BA27: 0 | BB27: 0 | BC27: 0 | BD27: =BA27*30% + BB27*45% + BC27*25% -> 0 | BF27: =( (COUNTIF(B27:E27,"✓")/(COUNTIF(B27:E27,"✓")+COUNTIF(B27:E27,"x")))*0.2 + (COUNTIF(F27:J27,"✓")/(COUNTIF(F27:J27,"✓")+COUNTIF(F27:J27,"x")))*0.15+ (COUNTIF(K27:O27,"✓")/(COUNTIF(K27:O27,"✓")+COUNTIF(K27:O27,"x")))*0.05 + (COUNTIF(P27:S27,"✓")/(COUNTIF(P27:S27,"✓")+COUNTIF(P27:S27,"x")))*0.1 + (COUNTIF(T27:W27,"✓")/(COUNTIF(T27:W27,"✓")+COUNTIF(T27:W27,"x")))*0.1 + (COUNTIF(X27:AB27,"✓")/(COUNTIF(X27:AB27,"✓")+COUNTIF(X27:AB27,"x")))*0.1 + (COUNTIF(AC27:AO27,"✓")/(COUNTIF(AC27:AO27,"✓")+COUNTIF(AC27:AO27,"x")))*0.1 + (COUNTIF(AP27:AT27,"✓")/(COUNTIF(AP27:AT27,"✓")+COUNTIF(AP27:AT27,"x")))*0.05 + (COUNTIF(AU27:BB27,"✓")/(COUNTIF(AU27:BB27,"✓")+COUNTIF(AU27:BB27,"x")))*0.1 + (COUNTIF(BC27:BC27,"✓")/(COUNTIF(BC27:BC27,"✓")+COUNTIF(BC27:BC27,"x")))*0.05 ) -> #DIV/0!
B28: 115 | C28: 1 | D28: 1 | E28: 1 | F28: 1 | G28: =C28*45% + D28*45% + E28*5% + F28*5% -> 1 | H28: 1 | I28: 1 | J28: 1 | K28: 1 | L28: =H28*30% + I28*30% + J28*10% + K28*30% -> 1 | M28: 1 | N28: 1 | O28: 1 | P28: 1 | Q28: 1 | R28: 1 | S28: 1 | T28: 1 | U28: 1 | V28: 1 | W28: 1 | X28: 1 | Y28: =(U28*10% + V28*10% + W28*10% + X28*10%+ Q28*5% + R28*5% + S28*5% + T28*5%+M28*10% + N28*15% + O28*5% + P28*10%) -> 1 | Z28: 0.5 | AA28: 0.5 | AB28: 0.5 | AC28: 0.5 | AD28: =Z28*45% + AA28*45% + AB28*5% + AC28*5% -> 0.5 | AE28: 0.7 | AF28: 0 | AG28: 1 | AH28: 1 | AI28: =AE28*5% + AF28*30% + AG28*35% + AH28*30% -> 0.685 | AJ28: 1 | AK28: 1 | AM28: 1 | AN28: 1 | AO28: 1 | AP28: 0.95 | AQ28: =AM28*15% + AN28*35% + AO28*15% + AP28*35% -> 0.9825 | AR28: 1 | AS28: 0.5 | AT28: 0 | AU28: 1 | AV28: =AR28*30% + AS28*30% + AT28*15% + AU28*25% -> 0.7 | AW28: 1 | AX28: 0.35 | AY28: 0 | AZ28: =AW28*30% + AX28*45% + AY28*25% -> 0.4575 | BA28: 0 | BB28: 0 | BC28: 0 | BD28: =BA28*30% + BB28*45% + BC28*25% -> 0 | BF28: =( (COUNTIF(B28:E28,"✓")/(COUNTIF(B28:E28,"✓")+COUNTIF(B28:E28,"x")))*0.2 + (COUNTIF(F28:J28,"✓")/(COUNTIF(F28:J28,"✓")+COUNTIF(F28:J28,"x")))*0.15+ (COUNTIF(K28:O28,"✓")/(COUNTIF(K28:O28,"✓")+COUNTIF(K28:O28,"x")))*0.05 + (COUNTIF(P28:S28,"✓")/(COUNTIF(P28:S28,"✓")+COUNTIF(P28:S28,"x")))*0.1 + (COUNTIF(T28:W28,"✓")/(COUNTIF(T28:W28,"✓")+COUNTIF(T28:W28,"x")))*0.1 + (COUNTIF(X28:AB28,"✓")/(COUNTIF(X28:AB28,"✓")+COUNTIF(X28:AB28,"x")))*0.1 + (COUNTIF(AC28:AO28,"✓")/(COUNTIF(AC28:AO28,"✓")+COUNTIF(AC28:AO28,"x")))*0.1 + (COUNTIF(AP28:AT28,"✓")/(COUNTIF(AP28:AT28,"✓")+COUNTIF(AP28:AT28,"x")))*0.05 + (COUNTIF(AU28:BB28,"✓")/(COUNTIF(AU28:BB28,"✓")+COUNTIF(AU28:BB28,"x")))*0.1 + (COUNTIF(BC28:BC28,"✓")/(COUNTIF(BC28:BC28,"✓")+COUNTIF(BC28:BC28,"x")))*0.05 ) -> #DIV/0!
B29: 116 | C29: 1 | D29: 1 | E29: 1 | F29: 1 | G29: =C29*45% + D29*45% + E29*5% + F29*5% -> 1 | H29: 1 | I29: 1 | J29: 1 | K29: 1 | L29: =H29*30% + I29*30% + J29*10% + K29*30% -> 1 | M29: 1 | N29: 1 | O29: 1 | P29: 1 | Q29: 1 | R29: 1 | S29: 1 | T29: 1 | U29: 1 | V29: 1 | W29: 1 | X29: 1 | Y29: =(U29*10% + V29*10% + W29*10% + X29*10%+ Q29*5% + R29*5% + S29*5% + T29*5%+M29*10% + N29*15% + O29*5% + P29*10%) -> 1 | Z29: 0.7 | AA29: 0.7 | AB29: 0.7 | AC29: 0.7 | AD29: =Z29*45% + AA29*45% + AB29*5% + AC29*5% -> 0.7 | AE29: 1 | AF29: 1 | AG29: 1 | AH29: 1 | AI29: =AE29*5% + AF29*30% + AG29*35% + AH29*30% -> 1 | AJ29: 1 | AK29: 1 | AM29: 1 | AN29: 1 | AO29: 1 | AP29: 0.95 | AQ29: =AM29*15% + AN29*35% + AO29*15% + AP29*35% -> 0.9825 | AR29: 1 | AS29: 0.5 | AT29: 0 | AU29: 1 | AV29: =AR29*30% + AS29*30% + AT29*15% + AU29*25% -> 0.7 | AW29: 1 | AX29: 0.35 | AY29: 0 | AZ29: =AW29*30% + AX29*45% + AY29*25% -> 0.4575 | BA29: 0 | BB29: 0 | BC29: 0 | BD29: =BA29*30% + BB29*45% + BC29*25% -> 0 | BF29: =( (COUNTIF(B29:E29,"✓")/(COUNTIF(B29:E29,"✓")+COUNTIF(B29:E29,"x")))*0.2 + (COUNTIF(F29:J29,"✓")/(COUNTIF(F29:J29,"✓")+COUNTIF(F29:J29,"x")))*0.15+ (COUNTIF(K29:O29,"✓")/(COUNTIF(K29:O29,"✓")+COUNTIF(K29:O29,"x")))*0.05 + (COUNTIF(P29:S29,"✓")/(COUNTIF(P29:S29,"✓")+COUNTIF(P29:S29,"x")))*0.1 + (COUNTIF(T29:W29,"✓")/(COUNTIF(T29:W29,"✓")+COUNTIF(T29:W29,"x")))*0.1 + (COUNTIF(X29:AB29,"✓")/(COUNTIF(X29:AB29,"✓")+COUNTIF(X29:AB29,"x")))*0.1 + (COUNTIF(AC29:AO29,"✓")/(COUNTIF(AC29:AO29,"✓")+COUNTIF(AC29:AO29,"x")))*0.1 + (COUNTIF(AP29:AT29,"✓")/(COUNTIF(AP29:AT29,"✓")+COUNTIF(AP29:AT29,"x")))*0.05 + (COUNTIF(AU29:BB29,"✓")/(COUNTIF(AU29:BB29,"✓")+COUNTIF(AU29:BB29,"x")))*0.1 + (COUNTIF(BC29:BC29,"✓")/(COUNTIF(BC29:BC29,"✓")+COUNTIF(BC29:BC29,"x")))*0.05 ) -> #DIV/0!
B30: Second Floor
B31: 201 | C31: 1 | D31: 1 | E31: 1 | F31: 1 | G31: =C31*45% + D31*45% + E31*5% + F31*5% -> 1 | H31: 1 | I31: 1 | J31: 1 | K31: 1 | L31: =H31*30% + I31*30% + J31*10% + K31*30% -> 1 | M31: 1 | N31: 1 | O31: 0.95 | P31: 1 | Q31: 1 | R31: 1 | S31: 1 | T31: 0 | U31: 1 | V31: 1 | W31: 1 | X31: 0 | Y31: 1 | Z31: 0.5 | AA31: 0.5 | AB31: 0.5 | AC31: 0.5 | AD31: =Z31*45% + AA31*45% + AB31*5% + AC31*5% -> 0.5 | AE31: 1 | AF31: 0.5 | AG31: 0.5 | AH31: 0 | AI31: =AE31*5% + AF31*30% + AG31*35% + AH31*30% -> 0.375 | AJ31: 1 | AK31: 1 | AM31: 1 | AN31: 1 | AO31: 0 | AP31: 0.95 | AQ31: =AM31*15% + AN31*35% + AO31*15% + AP31*35% -> 0.8325 | AR31: 1 | AS31: 0 | AT31: 0 | AU31: 1 | AV31: =AR31*30% + AS31*30% + AT31*15% + AU31*25% -> 0.55 | AW31: 0.7 | AX31: 0.8 | AY31: 0 | AZ31: =AW31*30% + AX31*45% + AY31*25% -> 0.57 | BA31: 0 | BB31: 0 | BC31: 0 | BD31: =BA31*30% + BB31*45% + BC31*25% -> 0 | BF31: =( (COUNTIF(B31:E31,"✓")/(COUNTIF(B31:E31,"✓")+COUNTIF(B31:E31,"x")))*0.2 + (COUNTIF(F31:J31,"✓")/(COUNTIF(F31:J31,"✓")+COUNTIF(F31:J31,"x")))*0.1 + (COUNTIF(K31:O31,"✓")/(COUNTIF(K31:O31,"✓")+COUNTIF(K31:O31,"x")))*0.1 + (COUNTIF(P31:S31,"✓")/(COUNTIF(P31:S31,"✓")+COUNTIF(P31:S31,"x")))*0.1 + (COUNTIF(T31:W31,"✓")/(COUNTIF(T31:W31,"✓")+COUNTIF(T31:W31,"x")))*0.1 + (COUNTIF(X31:AB31,"✓")/(COUNTIF(X31:AB31,"✓")+COUNTIF(X31:AB31,"x")))*0.1 + (COUNTIF(AC31:AO31,"✓")/(COUNTIF(AC31:AO31,"✓")+COUNTIF(AC31:AO31,"x")))*0.1 + (COUNTIF(AP31:AT31,"✓")/(COUNTIF(AP31:AT31,"✓")+COUNTIF(AP31:AT31,"x")))*0.05 + (COUNTIF(AU31:BB31,"✓")/(COUNTIF(AU31:BB31,"✓")+COUNTIF(AU31:BB31,"x")))*0.1 + (COUNTIF(BC31:BC31,"✓")/(COUNTIF(BC31:BC31,"✓")+COUNTIF(BC31:BC31,"x")))*0.05 ) -> #DIV/0!
B32: 202 | C32: 1 | D32: 1 | E32: 1 | F32: 1 | G32: =C32*45% + D32*45% + E32*5% + F32*5% -> 1 | H32: 1 | I32: 1 | J32: 1 | K32: 1 | L32: =H32*30% + I32*30% + J32*10% + K32*30% -> 1 | M32: 1 | N32: 1 | O32: 0.95 | P32: 1 | Q32: 1 | R32: 1 | S32: 1 | T32: 1 | U32: 1 | V32: 1 | W32: 1 | X32: 1 | Y32: 1 | Z32: 0.5 | AA32: 0.5 | AB32: 0.5 | AC32: 0.5 | AD32: =Z32*45% + AA32*45% + AB32*5% + AC32*5% -> 0.5 | AE32: 1 | AF32: 0.5 | AG32: 1 | AH32: 0 | AI32: =AE32*5% + AF32*30% + AG32*35% + AH32*30% -> 0.55 | AJ32: 1 | AK32: 1 | AM32: 1 | AN32: 1 | AO32: 1 | AP32: 0.95 | AQ32: =AM32*15% + AN32*35% + AO32*15% + AP32*35% -> 0.9825 | AR32: 1 | AS32: 0 | AT32: 0 | AU32: 1 | AV32: =AR32*30% + AS32*30% + AT32*15% + AU32*25% -> 0.55 | AW32: 0.7 | AX32: 0.8 | AY32: 0 | AZ32: =AW32*30% + AX32*45% + AY32*25% -> 0.57 | BA32: 0 | BB32: 0 | BC32: 0 | BD32: =BA32*30% + BB32*45% + BC32*25% -> 0 | BF32: =( (COUNTIF(B32:E32,"✓")/(COUNTIF(B32:E32,"✓")+COUNTIF(B32:E32,"x")))*0.2 + (COUNTIF(F32:J32,"✓")/(COUNTIF(F32:J32,"✓")+COUNTIF(F32:J32,"x")))*0.1 + (COUNTIF(K32:O32,"✓")/(COUNTIF(K32:O32,"✓")+COUNTIF(K32:O32,"x")))*0.1 + (COUNTIF(P32:S32,"✓")/(COUNTIF(P32:S32,"✓")+COUNTIF(P32:S32,"x")))*0.1 + (COUNTIF(T32:W32,"✓")/(COUNTIF(T32:W32,"✓")+COUNTIF(T32:W32,"x")))*0.1 + (COUNTIF(X32:AB32,"✓")/(COUNTIF(X32:AB32,"✓")+COUNTIF(X32:AB32,"x")))*0.1 + (COUNTIF(AC32:AO32,"✓")/(COUNTIF(AC32:AO32,"✓")+COUNTIF(AC32:AO32,"x")))*0.1 + (COUNTIF(AP32:AT32,"✓")/(COUNTIF(AP32:AT32,"✓")+COUNTIF(AP32:AT32,"x")))*0.05 + (COUNTIF(AU32:BB32,"✓")/(COUNTIF(AU32:BB32,"✓")+COUNTIF(AU32:BB32,"x")))*0.1 + (COUNTIF(BC32:BC32,"✓")/(COUNTIF(BC32:BC32,"✓")+COUNTIF(BC32:BC32,"x")))*0.05 ) -> #DIV/0!
B33: 203 | C33: 1 | D33: 1 | E33: 1 | F33: 1 | G33: =C33*45% + D33*45% + E33*5% + F33*5% -> 1 | H33: 1 | I33: 1 | J33: 1 | K33: 1 | L33: =H33*30% + I33*30% + J33*10% + K33*30% -> 1 | M33: 1 | N33: 1 | O33: 0.95 | P33: 1 | Q33: 1 | R33: 1 | S33: 1 | T33: 1 | U33: 1 | V33: 1 | W33: 1 | X33: 1 | Y33: 1 | Z33: 0.5 | AA33: 0.5 | AB33: 0.5 | AC33: 0.5 | AD33: =Z33*45% + AA33*45% + AB33*5% + AC33*5% -> 0.5 | AE33: 1 | AF33: 0.5 | AG33: 0.7 | AH33: 0.5 | AI33: =AE33*5% + AF33*30% + AG33*35% + AH33*30% -> 0.595 | AJ33: 1 | AK33: 1 | AM33: 1 | AN33: 1 | AO33: 1 | AP33: 0.95 | AQ33: =AM33*15% + AN33*35% + AO33*15% + AP33*35% -> 0.9825 | AR33: 1 | AS33: 0 | AT33: 0 | AU33: 1 | AV33: =AR33*30% + AS33*30% + AT33*15% + AU33*25% -> 0.55 | AW33: 0.7 | AX33: 0.7 | AY33: 0 | AZ33: =AW33*30% + AX33*45% + AY33*25% -> 0.525 | BA33: 0 | BB33: 0 | BC33: 0 | BD33: =BA33*30% + BB33*45% + BC33*25% -> 0 | BF33: =( (COUNTIF(B33:E33,"✓")/(COUNTIF(B33:E33,"✓")+COUNTIF(B33:E33,"x")))*0.2 + (COUNTIF(F33:J33,"✓")/(COUNTIF(F33:J33,"✓")+COUNTIF(F33:J33,"x")))*0.1 + (COUNTIF(K33:O33,"✓")/(COUNTIF(K33:O33,"✓")+COUNTIF(K33:O33,"x")))*0.1 + (COUNTIF(P33:S33,"✓")/(COUNTIF(P33:S33,"✓")+COUNTIF(P33:S33,"x")))*0.1 + (COUNTIF(T33:W33,"✓")/(COUNTIF(T33:W33,"✓")+COUNTIF(T33:W33,"x")))*0.1 + (COUNTIF(X33:AB33,"✓")/(COUNTIF(X33:AB33,"✓")+COUNTIF(X33:AB33,"x")))*0.1 + (COUNTIF(AC33:AO33,"✓")/(COUNTIF(AC33:AO33,"✓")+COUNTIF(AC33:AO33,"x")))*0.1 + (COUNTIF(AP33:AT33,"✓")/(COUNTIF(AP33:AT33,"✓")+COUNTIF(AP33:AT33,"x")))*0.05 + (COUNTIF(AU33:BB33,"✓")/(COUNTIF(AU33:BB33,"✓")+COUNTIF(AU33:BB33,"x")))*0.1 + (COUNTIF(BC33:BC33,"✓")/(COUNTIF(BC33:BC33,"✓")+COUNTIF(BC33:BC33,"x")))*0.05 ) -> #DIV/0!
B34: 204 | C34: 1 | D34: 1 | E34: 1 | F34: 1 | G34: =C34*45% + D34*45% + E34*5% + F34*5% -> 1 | H34: 1 | I34: 1 | J34: 1 | K34: 1 | L34: =H34*30% + I34*30% + J34*10% + K34*30% -> 1 | M34: 1 | N34: 1 | O34: 0.95 | P34: 1 | Q34: 1 | R34: 1 | S34: 1 | T34: 1 | U34: 1 | V34: 1 | W34: 1 | X34: 1 | Y34: 1 | Z34: 0.5 | AA34: 0.5 | AB34: 0.5 | AC34: 0.5 | AD34: =Z34*45% + AA34*45% + AB34*5% + AC34*5% -> 0.5 | AE34: 1 | AF34: 1 | AG34: 1 | AH34: 0 | AI34: =AE34*5% + AF34*30% + AG34*35% + AH34*30% -> 0.7 | AJ34: 1 | AK34: 1 | AM34: 1 | AN34: 1 | AO34: 1 | AP34: 0.95 | AQ34: =AM34*15% + AN34*35% + AO34*15% + AP34*35% -> 0.9825 | AR34: 1 | AS34: 0 | AT34: 0 | AU34: 1 | AV34: =AR34*30% + AS34*30% + AT34*15% + AU34*25% -> 0.55 | AW34: 0.7 | AX34: 0.7 | AY34: 0 | AZ34: =AW34*30% + AX34*45% + AY34*25% -> 0.525 | BA34: 0 | BB34: 0 | BC34: 0 | BD34: =BA34*30% + BB34*45% + BC34*25% -> 0 | BF34: =( (COUNTIF(B34:E34,"✓")/(COUNTIF(B34:E34,"✓")+COUNTIF(B34:E34,"x")))*0.2 + (COUNTIF(F34:J34,"✓")/(COUNTIF(F34:J34,"✓")+COUNTIF(F34:J34,"x")))*0.1 + (COUNTIF(K34:O34,"✓")/(COUNTIF(K34:O34,"✓")+COUNTIF(K34:O34,"x")))*0.1 + (COUNTIF(P34:S34,"✓")/(COUNTIF(P34:S34,"✓")+COUNTIF(P34:S34,"x")))*0.1 + (COUNTIF(T34:W34,"✓")/(COUNTIF(T34:W34,"✓")+COUNTIF(T34:W34,"x")))*0.1 + (COUNTIF(X34:AB34,"✓")/(COUNTIF(X34:AB34,"✓")+COUNTIF(X34:AB34,"x")))*0.1 + (COUNTIF(AC34:AO34,"✓")/(COUNTIF(AC34:AO34,"✓")+COUNTIF(AC34:AO34,"x")))*0.1 + (COUNTIF(AP34:AT34,"✓")/(COUNTIF(AP34:AT34,"✓")+COUNTIF(AP34:AT34,"x")))*0.05 + (COUNTIF(AU34:BB34,"✓")/(COUNTIF(AU34:BB34,"✓")+COUNTIF(AU34:BB34,"x")))*0.1 + (COUNTIF(BC34:BC34,"✓")/(COUNTIF(BC34:BC34,"✓")+COUNTIF(BC34:BC34,"x")))*0.05 ) -> #DIV/0!
B35: 205 | C35: 1 | D35: 1 | E35: 1 | F35: 1 | G35: =C35*45% + D35*45% + E35*5% + F35*5% -> 1 | H35: 1 | I35: 1 | J35: 1 | K35: 1 | L35: =H35*30% + I35*30% + J35*10% + K35*30% -> 1 | M35: 1 | N35: 1 | O35: 0.95 | P35: 1 | Q35: 1 | R35: 1 | S35: 1 | T35: 1 | U35: 1 | V35: 1 | W35: 1 | X35: 1 | Y35: 1 | Z35: 0.5 | AA35: 0.5 | AB35: 0.5 | AC35: 0.5 | AD35: =Z35*45% + AA35*45% + AB35*5% + AC35*5% -> 0.5 | AE35: 1 | AF35: 1 | AG35: 1 | AH35: 0.5 | AI35: =AE35*5% + AF35*30% + AG35*35% + AH35*30% -> 0.85 | AJ35: 1 | AK35: 1 | AM35: 1 | AN35: 1 | AO35: 1 | AP35: 0.95 | AQ35: =AM35*15% + AN35*35% + AO35*15% + AP35*35% -> 0.9825 | AR35: 1 | AS35: 0 | AT35: 0 | AU35: 1 | AV35: =AR35*30% + AS35*30% + AT35*15% + AU35*25% -> 0.55 | AW35: 0.7 | AX35: 0.8 | AY35: 0 | AZ35: =AW35*30% + AX35*45% + AY35*25% -> 0.57 | BA35: 0 | BB35: 0 | BC35: 0 | BD35: =BA35*30% + BB35*45% + BC35*25% -> 0 | BF35: =( (COUNTIF(B35:E35,"✓")/(COUNTIF(B35:E35,"✓")+COUNTIF(B35:E35,"x")))*0.2 + (COUNTIF(F35:J35,"✓")/(COUNTIF(F35:J35,"✓")+COUNTIF(F35:J35,"x")))*0.1 + (COUNTIF(K35:O35,"✓")/(COUNTIF(K35:O35,"✓")+COUNTIF(K35:O35,"x")))*0.1 + (COUNTIF(P35:S35,"✓")/(COUNTIF(P35:S35,"✓")+COUNTIF(P35:S35,"x")))*0.1 + (COUNTIF(T35:W35,"✓")/(COUNTIF(T35:W35,"✓")+COUNTIF(T35:W35,"x")))*0.1 + (COUNTIF(X35:AB35,"✓")/(COUNTIF(X35:AB35,"✓")+COUNTIF(X35:AB35,"x")))*0.1 + (COUNTIF(AC35:AO35,"✓")/(COUNTIF(AC35:AO35,"✓")+COUNTIF(AC35:AO35,"x")))*0.1 + (COUNTIF(AP35:AT35,"✓")/(COUNTIF(AP35:AT35,"✓")+COUNTIF(AP35:AT35,"x")))*0.05 + (COUNTIF(AU35:BB35,"✓")/(COUNTIF(AU35:BB35,"✓")+COUNTIF(AU35:BB35,"x")))*0.1 + (COUNTIF(BC35:BC35,"✓")/(COUNTIF(BC35:BC35,"✓")+COUNTIF(BC35:BC35,"x")))*0.05 ) -> #DIV/0!
B36: 206 | C36: 1 | D36: 1 | E36: 1 | F36: 1 | G36: =C36*45% + D36*45% + E36*5% + F36*5% -> 1 | H36: 1 | I36: 1 | J36: 1 | K36: 1 | L36: =H36*30% + I36*30% + J36*10% + K36*30% -> 1 | M36: 1 | N36: 1 | O36: 0.95 | P36: 1 | Q36: 1 | R36: 1 | S36: 1 | T36: 1 | U36: 1 | V36: 1 | W36: 1 | X36: 1 | Y36: 1 | Z36: 0.5 | AA36: 0.5 | AB36: 0.5 | AC36: 0.5 | AD36: =Z36*45% + AA36*45% + AB36*5% + AC36*5% -> 0.5 | AE36: 1 | AF36: 1 | AG36: 1 | AH36: 1 | AI36: =AE36*5% + AF36*30% + AG36*35% + AH36*30% -> 1 | AJ36: 1 | AK36: 1 | AM36: 1 | AN36: 1 | AO36: 1 | AP36: 0.95 | AQ36: =AM36*15% + AN36*35% + AO36*15% + AP36*35% -> 0.9825 | AR36: 1 | AS36: 0 | AT36: 0 | AU36: 1 | AV36: =AR36*30% + AS36*30% + AT36*15% + AU36*25% -> 0.55 | AW36: 0.7 | AX36: 0 | AY36: 0 | AZ36: =AW36*30% + AX36*45% + AY36*25% -> 0.21 | BA36: 0 | BB36: 0 | BC36: 0 | BD36: =BA36*30% + BB36*45% + BC36*25% -> 0 | BF36: =( (COUNTIF(B36:E36,"✓")/(COUNTIF(B36:E36,"✓")+COUNTIF(B36:E36,"x")))*0.2 + (COUNTIF(F36:J36,"✓")/(COUNTIF(F36:J36,"✓")+COUNTIF(F36:J36,"x")))*0.1 + (COUNTIF(K36:O36,"✓")/(COUNTIF(K36:O36,"✓")+COUNTIF(K36:O36,"x")))*0.1 + (COUNTIF(P36:S36,"✓")/(COUNTIF(P36:S36,"✓")+COUNTIF(P36:S36,"x")))*0.1 + (COUNTIF(T36:W36,"✓")/(COUNTIF(T36:W36,"✓")+COUNTIF(T36:W36,"x")))*0.1 + (COUNTIF(X36:AB36,"✓")/(COUNTIF(X36:AB36,"✓")+COUNTIF(X36:AB36,"x")))*0.1 + (COUNTIF(AC36:AO36,"✓")/(COUNTIF(AC36:AO36,"✓")+COUNTIF(AC36:AO36,"x")))*0.1 + (COUNTIF(AP36:AT36,"✓")/(COUNTIF(AP36:AT36,"✓")+COUNTIF(AP36:AT36,"x")))*0.05 + (COUNTIF(AU36:BB36,"✓")/(COUNTIF(AU36:BB36,"✓")+COUNTIF(AU36:BB36,"x")))*0.1 + (COUNTIF(BC36:BC36,"✓")/(COUNTIF(BC36:BC36,"✓")+COUNTIF(BC36:BC36,"x")))*0.05 ) -> #DIV/0!
B37: 207 | C37: 1 | D37: 1 | E37: 1 | F37: 1 | G37: =C37*45% + D37*45% + E37*5% + F37*5% -> 1 | H37: 1 | I37: 1 | J37: 1 | K37: 1 | L37: =H37*30% + I37*30% + J37*10% + K37*30% -> 1 | M37: 1 | N37: 1 | O37: 0.95 | P37: 1 | Q37: 1 | R37: 1 | S37: 1 | T37: 1 | U37: 1 | V37: 1 | W37: 1 | X37: 1 | Y37: 1 | Z37: 0.5 | AA37: 0.5 | AB37: 0.5 | AC37: 0.5 | AD37: =Z37*45% + AA37*45% + AB37*5% + AC37*5% -> 0.5 | AE37: 0.9 | AF37: 0.7 | AG37: 1 | AH37: 1 | AI37: =AE37*5% + AF37*30% + AG37*35% + AH37*30% -> 0.905 | AJ37: 1 | AK37: 1 | AM37: 1 | AN37: 1 | AO37: 1 | AP37: 0.95 | AQ37: =AM37*15% + AN37*35% + AO37*15% + AP37*35% -> 0.9825 | AR37: 1 | AS37: 0 | AT37: 0 | AU37: 1 | AV37: =AR37*30% + AS37*30% + AT37*15% + AU37*25% -> 0.55 | AW37: 0.7 | AX37: 0 | AY37: 0 | AZ37: =AW37*30% + AX37*45% + AY37*25% -> 0.21 | BA37: 0 | BB37: 0 | BC37: 0 | BD37: =BA37*30% + BB37*45% + BC37*25% -> 0 | BF37: =( (COUNTIF(B37:E37,"✓")/(COUNTIF(B37:E37,"✓")+COUNTIF(B37:E37,"x")))*0.2 + (COUNTIF(F37:J37,"✓")/(COUNTIF(F37:J37,"✓")+COUNTIF(F37:J37,"x")))*0.1 + (COUNTIF(K37:O37,"✓")/(COUNTIF(K37:O37,"✓")+COUNTIF(K37:O37,"x")))*0.1 + (COUNTIF(P37:S37,"✓")/(COUNTIF(P37:S37,"✓")+COUNTIF(P37:S37,"x")))*0.1 + (COUNTIF(T37:W37,"✓")/(COUNTIF(T37:W37,"✓")+COUNTIF(T37:W37,"x")))*0.1 + (COUNTIF(X37:AB37,"✓")/(COUNTIF(X37:AB37,"✓")+COUNTIF(X37:AB37,"x")))*0.1 + (COUNTIF(AC37:AO37,"✓")/(COUNTIF(AC37:AO37,"✓")+COUNTIF(AC37:AO37,"x")))*0.1 + (COUNTIF(AP37:AT37,"✓")/(COUNTIF(AP37:AT37,"✓")+COUNTIF(AP37:AT37,"x")))*0.05 + (COUNTIF(AU37:BB37,"✓")/(COUNTIF(AU37:BB37,"✓")+COUNTIF(AU37:BB37,"x")))*0.1 + (COUNTIF(BC37:BC37,"✓")/(COUNTIF(BC37:BC37,"✓")+COUNTIF(BC37:BC37,"x")))*0.05 ) -> #DIV/0!
B38: 208 | C38: 1 | D38: 1 | E38: 1 | F38: 1 | G38: =C38*45% + D38*45% + E38*5% + F38*5% -> 1 | H38: 1 | I38: 1 | J38: 1 | K38: 1 | L38: =H38*30% + I38*30% + J38*10% + K38*30% -> 1 | M38: 1 | N38: 1 | O38: 0.95 | P38: 1 | Q38: 1 | R38: 1 | S38: 1 | T38: 1 | U38: 1 | V38: 1 | W38: 1 | X38: 1 | Y38: 1 | Z38: 0.5 | AA38: 0.5 | AB38: 0.5 | AC38: 0.5 | AD38: =Z38*45% + AA38*45% + AB38*5% + AC38*5% -> 0.5 | AE38: 1 | AF38: 1 | AG38: 1 | AH38: 1 | AI38: =AE38*5% + AF38*30% + AG38*35% + AH38*30% -> 1 | AJ38: 1 | AK38: 1 | AM38: 1 | AN38: 1 | AO38: 1 | AP38: 0.95 | AQ38: =AM38*15% + AN38*35% + AO38*15% + AP38*35% -> 0.9825 | AR38: 1 | AS38: 0 | AT38: 0 | AU38: 1 | AV38: =AR38*30% + AS38*30% + AT38*15% + AU38*25% -> 0.55 | AW38: 0.7 | AX38: 0 | AY38: 0 | AZ38: =AW38*30% + AX38*45% + AY38*25% -> 0.21 | BA38: 0 | BB38: 0 | BC38: 0 | BD38: =BA38*30% + BB38*45% + BC38*25% -> 0 | BF38: =( (COUNTIF(B38:E38,"✓")/(COUNTIF(B38:E38,"✓")+COUNTIF(B38:E38,"x")))*0.2 + (COUNTIF(F38:J38,"✓")/(COUNTIF(F38:J38,"✓")+COUNTIF(F38:J38,"x")))*0.1 + (COUNTIF(K38:O38,"✓")/(COUNTIF(K38:O38,"✓")+COUNTIF(K38:O38,"x")))*0.1 + (COUNTIF(P38:S38,"✓")/(COUNTIF(P38:S38,"✓")+COUNTIF(P38:S38,"x")))*0.1 + (COUNTIF(T38:W38,"✓")/(COUNTIF(T38:W38,"✓")+COUNTIF(T38:W38,"x")))*0.1 + (COUNTIF(X38:AB38,"✓")/(COUNTIF(X38:AB38,"✓")+COUNTIF(X38:AB38,"x")))*0.1 + (COUNTIF(AC38:AO38,"✓")/(COUNTIF(AC38:AO38,"✓")+COUNTIF(AC38:AO38,"x")))*0.1 + (COUNTIF(AP38:AT38,"✓")/(COUNTIF(AP38:AT38,"✓")+COUNTIF(AP38:AT38,"x")))*0.05 + (COUNTIF(AU38:BB38,"✓")/(COUNTIF(AU38:BB38,"✓")+COUNTIF(AU38:BB38,"x")))*0.1 + (COUNTIF(BC38:BC38,"✓")/(COUNTIF(BC38:BC38,"✓")+COUNTIF(BC38:BC38,"x")))*0.05 ) -> #DIV/0!
B39: 209 | C39: 1 | D39: 1 | E39: 1 | F39: 1 | G39: =C39*45% + D39*45% + E39*5% + F39*5% -> 1 | H39: 1 | I39: 1 | J39: 1 | K39: 1 | L39: =H39*30% + I39*30% + J39*10% + K39*30% -> 1 | M39: 1 | N39: 1 | O39: 0.95 | P39: 1 | Q39: 1 | R39: 1 | S39: 1 | T39: 1 | U39: 1 | V39: 1 | W39: 1 | X39: 1 | Y39: 1 | Z39: 0.5 | AA39: 0.5 | AB39: 0.5 | AC39: 0.5 | AD39: =Z39*45% + AA39*45% + AB39*5% + AC39*5% -> 0.5 | AE39: 1 | AF39: 0.7 | AG39: 1 | AH39: 1 | AI39: =AE39*5% + AF39*30% + AG39*35% + AH39*30% -> 0.91 | AJ39: 1 | AK39: 1 | AM39: 1 | AN39: 1 | AO39: 1 | AP39: 0.95 | AQ39: =AM39*15% + AN39*35% + AO39*15% + AP39*35% -> 0.9825 | AR39: 1 | AS39: 0 | AT39: 0 | AU39: 1 | AV39: =AR39*30% + AS39*30% + AT39*15% + AU39*25% -> 0.55 | AW39: 0.7 | AX39: 0 | AY39: 0 | AZ39: =AW39*30% + AX39*45% + AY39*25% -> 0.21 | BA39: 0 | BB39: 0 | BC39: 0 | BD39: =BA39*30% + BB39*45% + BC39*25% -> 0 | BF39: =( (COUNTIF(B39:E39,"✓")/(COUNTIF(B39:E39,"✓")+COUNTIF(B39:E39,"x")))*0.2 + (COUNTIF(F39:J39,"✓")/(COUNTIF(F39:J39,"✓")+COUNTIF(F39:J39,"x")))*0.1 + (COUNTIF(K39:O39,"✓")/(COUNTIF(K39:O39,"✓")+COUNTIF(K39:O39,"x")))*0.1 + (COUNTIF(P39:S39,"✓")/(COUNTIF(P39:S39,"✓")+COUNTIF(P39:S39,"x")))*0.1 + (COUNTIF(T39:W39,"✓")/(COUNTIF(T39:W39,"✓")+COUNTIF(T39:W39,"x")))*0.1 + (COUNTIF(X39:AB39,"✓")/(COUNTIF(X39:AB39,"✓")+COUNTIF(X39:AB39,"x")))*0.1 + (COUNTIF(AC39:AO39,"✓")/(COUNTIF(AC39:AO39,"✓")+COUNTIF(AC39:AO39,"x")))*0.1 + (COUNTIF(AP39:AT39,"✓")/(COUNTIF(AP39:AT39,"✓")+COUNTIF(AP39:AT39,"x")))*0.05 + (COUNTIF(AU39:BB39,"✓")/(COUNTIF(AU39:BB39,"✓")+COUNTIF(AU39:BB39,"x")))*0.1 + (COUNTIF(BC39:BC39,"✓")/(COUNTIF(BC39:BC39,"✓")+COUNTIF(BC39:BC39,"x")))*0.05 ) -> #DIV/0!
B40: 210 | C40: 1 | D40: 1 | E40: 1 | F40: 1 | G40: =C40*45% + D40*45% + E40*5% + F40*5% -> 1 | H40: 1 | I40: 1 | J40: 1 | K40: 1 | L40: =H40*30% + I40*30% + J40*10% + K40*30% -> 1 | M40: 1 | N40: 1 | O40: 0.95 | P40: 1 | Q40: 1 | R40: 1 | S40: 1 | T40: 1 | U40: 1 | V40: 1 | W40: 1 | X40: 1 | Y40: 1 | Z40: 0.5 | AA40: 0.5 | AB40: 0.5 | AC40: 0.5 | AD40: =Z40*45% + AA40*45% + AB40*5% + AC40*5% -> 0.5 | AE40: 1 | AF40: 1 | AG40: 1 | AH40: 1 | AI40: =AE40*5% + AF40*30% + AG40*35% + AH40*30% -> 1 | AJ40: 1 | AK40: 1 | AM40: 1 | AN40: 1 | AO40: 1 | AP40: 0.95 | AQ40: =AM40*15% + AN40*35% + AO40*15% + AP40*35% -> 0.9825 | AR40: 1 | AS40: 0 | AT40: 0 | AU40: 1 | AV40: =AR40*30% + AS40*30% + AT40*15% + AU40*25% -> 0.55 | AW40: 0.7 | AX40: 0 | AY40: 0 | AZ40: =AW40*30% + AX40*45% + AY40*25% -> 0.21 | BA40: 0 | BB40: 0 | BC40: 0 | BD40: =BA40*30% + BB40*45% + BC40*25% -> 0 | BF40: =( (COUNTIF(B40:E40,"✓")/(COUNTIF(B40:E40,"✓")+COUNTIF(B40:E40,"x")))*0.2 + (COUNTIF(F40:J40,"✓")/(COUNTIF(F40:J40,"✓")+COUNTIF(F40:J40,"x")))*0.1 + (COUNTIF(K40:O40,"✓")/(COUNTIF(K40:O40,"✓")+COUNTIF(K40:O40,"x")))*0.1 + (COUNTIF(P40:S40,"✓")/(COUNTIF(P40:S40,"✓")+COUNTIF(P40:S40,"x")))*0.1 + (COUNTIF(T40:W40,"✓")/(COUNTIF(T40:W40,"✓")+COUNTIF(T40:W40,"x")))*0.1 + (COUNTIF(X40:AB40,"✓")/(COUNTIF(X40:AB40,"✓")+COUNTIF(X40:AB40,"x")))*0.1 + (COUNTIF(AC40:AO40,"✓")/(COUNTIF(AC40:AO40,"✓")+COUNTIF(AC40:AO40,"x")))*0.1 + (COUNTIF(AP40:AT40,"✓")/(COUNTIF(AP40:AT40,"✓")+COUNTIF(AP40:AT40,"x")))*0.05 + (COUNTIF(AU40:BB40,"✓")/(COUNTIF(AU40:BB40,"✓")+COUNTIF(AU40:BB40,"x")))*0.1 + (COUNTIF(BC40:BC40,"✓")/(COUNTIF(BC40:BC40,"✓")+COUNTIF(BC40:BC40,"x")))*0.05 ) -> #DIV/0!
B41: 211 | C41: 1 | D41: 1 | E41: 1 | F41: 1 | G41: =C41*45% + D41*45% + E41*5% + F41*5% -> 1 | H41: 1 | I41: 1 | J41: 1 | K41: 1 | L41: =H41*30% + I41*30% + J41*10% + K41*30% -> 1 | M41: 1 | N41: 1 | O41: 0.95 | P41: 1 | Q41: 1 | R41: 1 | S41: 1 | T41: 1 | U41: 1 | V41: 1 | W41: 1 | X41: 1 | Y41: 1 | Z41: 0.5 | AA41: 0.5 | AB41: 0.5 | AC41: 0.5 | AD41: =Z41*45% + AA41*45% + AB41*5% + AC41*5% -> 0.5 | AE41: 1 | AF41: 0.7 | AG41: 1 | AH41: 0.7 | AI41: =AE41*5% + AF41*30% + AG41*35% + AH41*30% -> 0.82 | AJ41: 1 | AK41: 1 | AM41: 1 | AN41: 1 | AO41: 1 | AP41: 0.95 | AQ41: =AM41*15% + AN41*35% + AO41*15% + AP41*35% -> 0.9825 | AR41: 1 | AS41: 0 | AT41: 0 | AU41: 1 | AV41: =AR41*30% + AS41*30% + AT41*15% + AU41*25% -> 0.55 | AW41: 0.7 | AX41: 0 | AY41: 0 | AZ41: =AW41*30% + AX41*45% + AY41*25% -> 0.21 | BA41: 0 | BB41: 0 | BC41: 0 | BD41: =BA41*30% + BB41*45% + BC41*25% -> 0 | BF41: =( (COUNTIF(B41:E41,"✓")/(COUNTIF(B41:E41,"✓")+COUNTIF(B41:E41,"x")))*0.2 + (COUNTIF(F41:J41,"✓")/(COUNTIF(F41:J41,"✓")+COUNTIF(F41:J41,"x")))*0.1 + (COUNTIF(K41:O41,"✓")/(COUNTIF(K41:O41,"✓")+COUNTIF(K41:O41,"x")))*0.1 + (COUNTIF(P41:S41,"✓")/(COUNTIF(P41:S41,"✓")+COUNTIF(P41:S41,"x")))*0.1 + (COUNTIF(T41:W41,"✓")/(COUNTIF(T41:W41,"✓")+COUNTIF(T41:W41,"x")))*0.1 + (COUNTIF(X41:AB41,"✓")/(COUNTIF(X41:AB41,"✓")+COUNTIF(X41:AB41,"x")))*0.1 + (COUNTIF(AC41:AO41,"✓")/(COUNTIF(AC41:AO41,"✓")+COUNTIF(AC41:AO41,"x")))*0.1 + (COUNTIF(AP41:AT41,"✓")/(COUNTIF(AP41:AT41,"✓")+COUNTIF(AP41:AT41,"x")))*0.05 + (COUNTIF(AU41:BB41,"✓")/(COUNTIF(AU41:BB41,"✓")+COUNTIF(AU41:BB41,"x")))*0.1 + (COUNTIF(BC41:BC41,"✓")/(COUNTIF(BC41:BC41,"✓")+COUNTIF(BC41:BC41,"x")))*0.05 ) -> #DIV/0!
B42: 212 | C42: 1 | D42: 1 | E42: 1 | F42: 1 | G42: =C42*45% + D42*45% + E42*5% + F42*5% -> 1 | H42: 1 | I42: 1 | J42: 1 | K42: 1 | L42: =H42*30% + I42*30% + J42*10% + K42*30% -> 1 | M42: 1 | N42: 1 | O42: 0.95 | P42: 1 | Q42: 1 | R42: 1 | S42: 1 | T42: 1 | U42: 1 | V42: 1 | W42: 1 | X42: 1 | Y42: 1 | Z42: 0.5 | AA42: 0.5 | AB42: 0.5 | AC42: 0.5 | AD42: =Z42*45% + AA42*45% + AB42*5% + AC42*5% -> 0.5 | AE42: 1 | AF42: 1 | AG42: 1 | AH42: 1 | AI42: =AE42*5% + AF42*30% + AG42*35% + AH42*30% -> 1 | AJ42: 1 | AK42: 1 | AM42: 1 | AN42: 1 | AO42: 1 | AP42: 0.95 | AQ42: =AM42*15% + AN42*35% + AO42*15% + AP42*35% -> 0.9825 | AR42: 1 | AS42: 0 | AT42: 0 | AU42: 1 | AV42: =AR42*30% + AS42*30% + AT42*15% + AU42*25% -> 0.55 | AW42: 0.7 | AX42: 0 | AY42: 0 | AZ42: =AW42*30% + AX42*45% + AY42*25% -> 0.21 | BA42: 0 | BB42: 0 | BC42: 0 | BD42: =BA42*30% + BB42*45% + BC42*25% -> 0 | BF42: =( (COUNTIF(B42:E42,"✓")/(COUNTIF(B42:E42,"✓")+COUNTIF(B42:E42,"x")))*0.2 + (COUNTIF(F42:J42,"✓")/(COUNTIF(F42:J42,"✓")+COUNTIF(F42:J42,"x")))*0.1 + (COUNTIF(K42:O42,"✓")/(COUNTIF(K42:O42,"✓")+COUNTIF(K42:O42,"x")))*0.1 + (COUNTIF(P42:S42,"✓")/(COUNTIF(P42:S42,"✓")+COUNTIF(P42:S42,"x")))*0.1 + (COUNTIF(T42:W42,"✓")/(COUNTIF(T42:W42,"✓")+COUNTIF(T42:W42,"x")))*0.1 + (COUNTIF(X42:AB42,"✓")/(COUNTIF(X42:AB42,"✓")+COUNTIF(X42:AB42,"x")))*0.1 + (COUNTIF(AC42:AO42,"✓")/(COUNTIF(AC42:AO42,"✓")+COUNTIF(AC42:AO42,"x")))*0.1 + (COUNTIF(AP42:AT42,"✓")/(COUNTIF(AP42:AT42,"✓")+COUNTIF(AP42:AT42,"x")))*0.05 + (COUNTIF(AU42:BB42,"✓")/(COUNTIF(AU42:BB42,"✓")+COUNTIF(AU42:BB42,"x")))*0.1 + (COUNTIF(BC42:BC42,"✓")/(COUNTIF(BC42:BC42,"✓")+COUNTIF(BC42:BC42,"x")))*0.05 ) -> #DIV/0!
B43: 213 | C43: 1 | D43: 1 | E43: 1 | F43: 1 | G43: =C43*45% + D43*45% + E43*5% + F43*5% -> 1 | H43: 1 | I43: 1 | J43: 1 | K43: 1 | L43: =H43*30% + I43*30% + J43*10% + K43*30% -> 1 | M43: 1 | N43: 1 | O43: 0.95 | P43: 1 | Q43: 1 | R43: 1 | S43: 1 | T43: 0 | U43: 1 | V43: 1 | W43: 1 | X43: 0 | Y43: 1 | Z43: 0.5 | AA43: 0.5 | AB43: 0.5 | AC43: 0.5 | AD43: =Z43*45% + AA43*45% + AB43*5% + AC43*5% -> 0.5 | AE43: 1 | AF43: 1 | AG43: 1 | AH43: 1 | AI43: =AE43*5% + AF43*30% + AG43*35% + AH43*30% -> 1 | AJ43: 1 | AK43: 1 | AM43: 0 | AN43: 1 | AO43: 1 | AP43: 0.95 | AQ43: =AM43*15% + AN43*35% + AO43*15% + AP43*35% -> 0.8325 | AR43: 1 | AS43: 0 | AT43: 0 | AU43: 1 | AV43: =AR43*30% + AS43*30% + AT43*15% + AU43*25% -> 0.55 | AW43: 0.7 | AX43: 0 | AY43: 0 | AZ43: =AW43*30% + AX43*45% + AY43*25% -> 0.21 | BA43: 0 | BB43: 0 | BC43: 0 | BD43: =BA43*30% + BB43*45% + BC43*25% -> 0 | BF43: =( (COUNTIF(B43:E43,"✓")/(COUNTIF(B43:E43,"✓")+COUNTIF(B43:E43,"x")))*0.2 + (COUNTIF(F43:J43,"✓")/(COUNTIF(F43:J43,"✓")+COUNTIF(F43:J43,"x")))*0.1 + (COUNTIF(K43:O43,"✓")/(COUNTIF(K43:O43,"✓")+COUNTIF(K43:O43,"x")))*0.1 + (COUNTIF(P43:S43,"✓")/(COUNTIF(P43:S43,"✓")+COUNTIF(P43:S43,"x")))*0.1 + (COUNTIF(T43:W43,"✓")/(COUNTIF(T43:W43,"✓")+COUNTIF(T43:W43,"x")))*0.1 + (COUNTIF(X43:AB43,"✓")/(COUNTIF(X43:AB43,"✓")+COUNTIF(X43:AB43,"x")))*0.1 + (COUNTIF(AC43:AO43,"✓")/(COUNTIF(AC43:AO43,"✓")+COUNTIF(AC43:AO43,"x")))*0.1 + (COUNTIF(AP43:AT43,"✓")/(COUNTIF(AP43:AT43,"✓")+COUNTIF(AP43:AT43,"x")))*0.05 + (COUNTIF(AU43:BB43,"✓")/(COUNTIF(AU43:BB43,"✓")+COUNTIF(AU43:BB43,"x")))*0.1 + (COUNTIF(BC43:BC43,"✓")/(COUNTIF(BC43:BC43,"✓")+COUNTIF(BC43:BC43,"x")))*0.05 ) -> #DIV/0!
B44: 214 | C44: 1 | D44: 1 | E44: 1 | F44: 1 | G44: =C44*45% + D44*45% + E44*5% + F44*5% -> 1 | H44: 1 | I44: 1 | J44: 1 | K44: 1 | L44: =H44*30% + I44*30% + J44*10% + K44*30% -> 1 | M44: 1 | N44: 1 | O44: 0.95 | P44: 1 | Q44: 1 | R44: 1 | S44: 1 | T44: 1 | U44: 1 | V44: 1 | W44: 1 | X44: 1 | Y44: 1 | Z44: 0.5 | AA44: 0.5 | AB44: 0.5 | AC44: 0.5 | AD44: =Z44*45% + AA44*45% + AB44*5% + AC44*5% -> 0.5 | AE44: 1 | AF44: 1 | AG44: 1 | AH44: 1 | AI44: =AE44*5% + AF44*30% + AG44*35% + AH44*30% -> 1 | AJ44: 1 | AK44: 1 | AM44: 1 | AN44: 1 | AO44: 1 | AP44: 0.95 | AQ44: =AM44*15% + AN44*35% + AO44*15% + AP44*35% -> 0.9825 | AR44: 1 | AS44: 0 | AT44: 0 | AU44: 1 | AV44: =AR44*30% + AS44*30% + AT44*15% + AU44*25% -> 0.55 | AW44: 0.7 | AY44: 0 | AZ44: =AW44*30% + AX44*45% + AY44*25% -> 0.21 | BA44: 0 | BB44: 0 | BC44: 0 | BD44: =BA44*30% + BB44*45% + BC44*25% -> 0 | BF44: =( (COUNTIF(B44:E44,"✓")/(COUNTIF(B44:E44,"✓")+COUNTIF(B44:E44,"x")))*0.2 + (COUNTIF(F44:J44,"✓")/(COUNTIF(F44:J44,"✓")+COUNTIF(F44:J44,"x")))*0.1 + (COUNTIF(K44:O44,"✓")/(COUNTIF(K44:O44,"✓")+COUNTIF(K44:O44,"x")))*0.1 + (COUNTIF(P44:S44,"✓")/(COUNTIF(P44:S44,"✓")+COUNTIF(P44:S44,"x")))*0.1 + (COUNTIF(T44:W44,"✓")/(COUNTIF(T44:W44,"✓")+COUNTIF(T44:W44,"x")))*0.1 + (COUNTIF(X44:AB44,"✓")/(COUNTIF(X44:AB44,"✓")+COUNTIF(X44:AB44,"x")))*0.1 + (COUNTIF(AC44:AO44,"✓")/(COUNTIF(AC44:AO44,"✓")+COUNTIF(AC44:AO44,"x")))*0.1 + (COUNTIF(AP44:AT44,"✓")/(COUNTIF(AP44:AT44,"✓")+COUNTIF(AP44:AT44,"x")))*0.05 + (COUNTIF(AU44:BB44,"✓")/(COUNTIF(AU44:BB44,"✓")+COUNTIF(AU44:BB44,"x")))*0.1 + (COUNTIF(BC44:BC44,"✓")/(COUNTIF(BC44:BC44,"✓")+COUNTIF(BC44:BC44,"x")))*0.05 ) -> #DIV/0!
B45: 215 | C45: 1 | D45: 1 | E45: 1 | F45: 1 | G45: =C45*45% + D45*45% + E45*5% + F45*5% -> 1 | H45: 1 | I45: 1 | J45: 1 | K45: 1 | L45: =H45*30% + I45*30% + J45*10% + K45*30% -> 1 | M45: 1 | N45: 1 | O45: 0.95 | P45: 1 | Q45: 1 | R45: 1 | S45: 1 | T45: 1 | U45: 1 | V45: 1 | W45: 1 | X45: 1 | Y45: 1 | Z45: 0.5 | AA45: 0.5 | AB45: 0.5 | AC45: 0.5 | AD45: =Z45*45% + AA45*45% + AB45*5% + AC45*5% -> 0.5 | AE45: 0.7 | AF45: 0 | AG45: 1 | AH45: 1 | AI45: =AE45*5% + AF45*30% + AG45*35% + AH45*30% -> 0.685 | AJ45: 1 | AK45: 1 | AM45: 1 | AN45: 1 | AO45: 1 | AP45: 0.95 | AQ45: =AM45*15% + AN45*35% + AO45*15% + AP45*35% -> 0.9825 | AR45: 1 | AS45: 0 | AT45: 0 | AU45: 1 | AV45: =AR45*30% + AS45*30% + AT45*15% + AU45*25% -> 0.55 | AW45: 0.7 | AY45: 0 | AZ45: =AW45*30% + AX45*45% + AY45*25% -> 0.21 | BA45: 0 | BB45: 0 | BC45: 0 | BD45: =BA45*30% + BB45*45% + BC45*25% -> 0 | BF45: =( (COUNTIF(B45:E45,"✓")/(COUNTIF(B45:E45,"✓")+COUNTIF(B45:E45,"x")))*0.2 + (COUNTIF(F45:J45,"✓")/(COUNTIF(F45:J45,"✓")+COUNTIF(F45:J45,"x")))*0.1 + (COUNTIF(K45:O45,"✓")/(COUNTIF(K45:O45,"✓")+COUNTIF(K45:O45,"x")))*0.1 + (COUNTIF(P45:S45,"✓")/(COUNTIF(P45:S45,"✓")+COUNTIF(P45:S45,"x")))*0.1 + (COUNTIF(T45:W45,"✓")/(COUNTIF(T45:W45,"✓")+COUNTIF(T45:W45,"x")))*0.1 + (COUNTIF(X45:AB45,"✓")/(COUNTIF(X45:AB45,"✓")+COUNTIF(X45:AB45,"x")))*0.1 + (COUNTIF(AC45:AO45,"✓")/(COUNTIF(AC45:AO45,"✓")+COUNTIF(AC45:AO45,"x")))*0.1 + (COUNTIF(AP45:AT45,"✓")/(COUNTIF(AP45:AT45,"✓")+COUNTIF(AP45:AT45,"x")))*0.05 + (COUNTIF(AU45:BB45,"✓")/(COUNTIF(AU45:BB45,"✓")+COUNTIF(AU45:BB45,"x")))*0.1 + (COUNTIF(BC45:BC45,"✓")/(COUNTIF(BC45:BC45,"✓")+COUNTIF(BC45:BC45,"x")))*0.05 ) -> #DIV/0!
B46: 216 | C46: 1 | D46: 1 | E46: 1 | F46: 1 | G46: =C46*45% + D46*45% + E46*5% + F46*5% -> 1 | H46: 1 | I46: 1 | J46: 1 | K46: 1 | L46: =H46*30% + I46*30% + J46*10% + K46*30% -> 1 | M46: 1 | N46: 1 | O46: 0.95 | P46: 1 | Q46: 1 | R46: 1 | S46: 1 | T46: 1 | U46: 1 | V46: 1 | W46: 1 | X46: 1 | Y46: 1 | Z46: 0.5 | AA46: 0.5 | AB46: 0.5 | AC46: 0.5 | AD46: =Z46*45% + AA46*45% + AB46*5% + AC46*5% -> 0.5 | AE46: 1 | AF46: 0.7 | AG46: 1 | AH46: 1 | AI46: =AE46*5% + AF46*30% + AG46*35% + AH46*30% -> 0.91 | AJ46: 1 | AK46: 1 | AM46: 1 | AN46: 1 | AO46: 1 | AP46: 0.95 | AQ46: =AM46*15% + AN46*35% + AO46*15% + AP46*35% -> 0.9825 | AR46: 1 | AS46: 0 | AT46: 0 | AU46: 1 | AV46: =AR46*30% + AS46*30% + AT46*15% + AU46*25% -> 0.55 | AW46: 0.7 | AY46: 0 | AZ46: =AW46*30% + AX46*45% + AY46*25% -> 0.21 | BA46: 0 | BB46: 0 | BC46: 0 | BD46: =BA46*30% + BB46*45% + BC46*25% -> 0 | BF46: =( (COUNTIF(B46:E46,"✓")/(COUNTIF(B46:E46,"✓")+COUNTIF(B46:E46,"x")))*0.2 + (COUNTIF(F46:J46,"✓")/(COUNTIF(F46:J46,"✓")+COUNTIF(F46:J46,"x")))*0.1 + (COUNTIF(K46:O46,"✓")/(COUNTIF(K46:O46,"✓")+COUNTIF(K46:O46,"x")))*0.1 + (COUNTIF(P46:S46,"✓")/(COUNTIF(P46:S46,"✓")+COUNTIF(P46:S46,"x")))*0.1 + (COUNTIF(T46:W46,"✓")/(COUNTIF(T46:W46,"✓")+COUNTIF(T46:W46,"x")))*0.1 + (COUNTIF(X46:AB46,"✓")/(COUNTIF(X46:AB46,"✓")+COUNTIF(X46:AB46,"x")))*0.1 + (COUNTIF(AC46:AO46,"✓")/(COUNTIF(AC46:AO46,"✓")+COUNTIF(AC46:AO46,"x")))*0.1 + (COUNTIF(AP46:AT46,"✓")/(COUNTIF(AP46:AT46,"✓")+COUNTIF(AP46:AT46,"x")))*0.05 + (COUNTIF(AU46:BB46,"✓")/(COUNTIF(AU46:BB46,"✓")+COUNTIF(AU46:BB46,"x")))*0.1 + (COUNTIF(BC46:BC46,"✓")/(COUNTIF(BC46:BC46,"✓")+COUNTIF(BC46:BC46,"x")))*0.05 ) -> #DIV/0!
B47: Third Floor
B48: 301 | C48: 1 | D48: 1 | E48: 1 | F48: 1 | G48: =C48*45% + D48*45% + E48*5% + F48*5% -> 1 | H48: 1 | I48: 1 | J48: 1 | K48: 1 | L48: =H48*30% + I48*30% + J48*10% + K48*30% -> 1 | M48: 1 | N48: 1 | O48: 0.95 | P48: 1 | Q48: 1 | R48: 1 | S48: 1 | T48: 1 | U48: 1 | V48: 1 | W48: 1 | X48: 1 | Y48: =(U48*10% + V48*10% + W48*10% + X48*10%+ Q48*5% + R48*5% + S48*5% + T48*5%+M48*10% + N48*15% + O48*5% + P48*10%) -> 0.9975 | Z48: 0.5 | AA48: 0.5 | AB48: 0.5 | AC48: 0.5 | AD48: =Z48*45% + AA48*45% + AB48*5% + AC48*5% -> 0.5 | AE48: 1 | AF48: 0.7 | AG48: 0.7 | AH48: 0.7 | AI48: =AE48*5% + AF48*30% + AG48*35% + AH48*30% -> 0.715 | AJ48: 1 | AK48: 1 | AM48: 1 | AN48: 0.7 | AO48: 0 | AP48: 0.95 | AQ48: =AM48*15% + AN48*35% + AO48*15% + AP48*35% -> 0.7275 | AR48: 0.7 | AS48: 0 | AT48: 0 | AU48: 0 | AV48: =AR48*30% + AS48*30% + AT48*15% + AU48*25% -> 0.21 | AZ48: =AW48*30% + AX48*45% + AY48*25% -> 0 | BA48: 0 | BB48: 0 | BC48: 0 | BD48: =BA48*30% + BB48*45% + BC48*25% -> 0 | BF48: =( (COUNTIF(B48:E48,"✓")/(COUNTIF(B48:E48,"✓")+COUNTIF(B48:E48,"x")))*0.2 + (COUNTIF(F48:J48,"✓")/(COUNTIF(F48:J48,"✓")+COUNTIF(F48:J48,"x")))*0.1 + (COUNTIF(K48:O48,"✓")/(COUNTIF(K48:O48,"✓")+COUNTIF(K48:O48,"x")))*0.1 + (COUNTIF(P48:S48,"✓")/(COUNTIF(P48:S48,"✓")+COUNTIF(P48:S48,"x")))*0.1 + (COUNTIF(T48:W48,"✓")/(COUNTIF(T48:W48,"✓")+COUNTIF(T48:W48,"x")))*0.1 + (COUNTIF(X48:AB48,"✓")/(COUNTIF(X48:AB48,"✓")+COUNTIF(X48:AB48,"x")))*0.1 + (COUNTIF(AC48:AO48,"✓")/(COUNTIF(AC48:AO48,"✓")+COUNTIF(AC48:AO48,"x")))*0.1 + (COUNTIF(AP48:AT48,"✓")/(COUNTIF(AP48:AT48,"✓")+COUNTIF(AP48:AT48,"x")))*0.05 + (COUNTIF(AU48:BB48,"✓")/(COUNTIF(AU48:BB48,"✓")+COUNTIF(AU48:BB48,"x")))*0.1 + (COUNTIF(BC48:BC48,"✓")/(COUNTIF(BC48:BC48,"✓")+COUNTIF(BC48:BC48,"x")))*0.05 ) -> #DIV/0!
B49: 302 | C49: 1 | D49: 1 | E49: 1 | F49: 1 | G49: =C49*45% + D49*45% + E49*5% + F49*5% -> 1 | H49: 1 | I49: 1 | J49: 1 | K49: 1 | L49: =H49*30% + I49*30% + J49*10% + K49*30% -> 1 | M49: 1 | N49: 1 | O49: 0.95 | P49: 1 | Q49: 1 | R49: 1 | S49: 1 | T49: 1 | U49: 1 | V49: 1 | W49: 1 | X49: 1 | Y49: =(U49*10% + V49*10% + W49*10% + X49*10%+ Q49*5% + R49*5% + S49*5% + T49*5%+M49*10% + N49*15% + O49*5% + P49*10%) -> 0.9975 | Z49: 0.5 | AA49: 0.5 | AB49: 0.5 | AC49: 0.5 | AD49: =Z49*45% + AA49*45% + AB49*5% + AC49*5% -> 0.5 | AE49: 1 | AF49: 0.7 | AG49: 1 | AH49: 0 | AI49: =AE49*5% + AF49*30% + AG49*35% + AH49*30% -> 0.61 | AJ49: 1 | AK49: 1 | AM49: 1 | AN49: 1 | AO49: 1 | AP49: 0.95 | AQ49: =AM49*15% + AN49*35% + AO49*15% + AP49*35% -> 0.9825 | AR49: 0.7 | AS49: 0 | AT49: 0 | AU49: 0 | AV49: =AR49*30% + AS49*30% + AT49*15% + AU49*25% -> 0.21 | AZ49: =AW49*30% + AX49*45% + AY49*25% -> 0 | BA49: 0 | BB49: 0 | BC49: 0 | BD49: =BA49*30% + BB49*45% + BC49*25% -> 0 | BF49: =( (COUNTIF(B49:E49,"✓")/(COUNTIF(B49:E49,"✓")+COUNTIF(B49:E49,"x")))*0.2 + (COUNTIF(F49:J49,"✓")/(COUNTIF(F49:J49,"✓")+COUNTIF(F49:J49,"x")))*0.1 + (COUNTIF(K49:O49,"✓")/(COUNTIF(K49:O49,"✓")+COUNTIF(K49:O49,"x")))*0.1 + (COUNTIF(P49:S49,"✓")/(COUNTIF(P49:S49,"✓")+COUNTIF(P49:S49,"x")))*0.1 + (COUNTIF(T49:W49,"✓")/(COUNTIF(T49:W49,"✓")+COUNTIF(T49:W49,"x")))*0.1 + (COUNTIF(X49:AB49,"✓")/(COUNTIF(X49:AB49,"✓")+COUNTIF(X49:AB49,"x")))*0.1 + (COUNTIF(AC49:AO49,"✓")/(COUNTIF(AC49:AO49,"✓")+COUNTIF(AC49:AO49,"x")))*0.1 + (COUNTIF(AP49:AT49,"✓")/(COUNTIF(AP49:AT49,"✓")+COUNTIF(AP49:AT49,"x")))*0.05 + (COUNTIF(AU49:BB49,"✓")/(COUNTIF(AU49:BB49,"✓")+COUNTIF(AU49:BB49,"x")))*0.1 + (COUNTIF(BC49:BC49,"✓")/(COUNTIF(BC49:BC49,"✓")+COUNTIF(BC49:BC49,"x")))*0.05 ) -> #DIV/0!
B50: 303 | C50: 1 | D50: 1 | E50: 1 | F50: 1 | G50: =C50*45% + D50*45% + E50*5% + F50*5% -> 1 | H50: 1 | I50: 1 | J50: 1 | K50: 1 | L50: =H50*30% + I50*30% + J50*10% + K50*30% -> 1 | M50: 1 | N50: 1 | O50: 0.95 | P50: 1 | Q50: 1 | R50: 1 | S50: 1 | T50: 1 | U50: 1 | V50: 1 | W50: 1 | X50: 1 | Y50: =(U50*10% + V50*10% + W50*10% + X50*10%+ Q50*5% + R50*5% + S50*5% + T50*5%+M50*10% + N50*15% + O50*5% + P50*10%) -> 0.9975 | Z50: 0.5 | AA50: 0.5 | AB50: 0.5 | AC50: 0.5 | AD50: =Z50*45% + AA50*45% + AB50*5% + AC50*5% -> 0.5 | AE50: 1 | AF50: 0.7 | AG50: 1 | AH50: 0.7 | AI50: =AE50*5% + AF50*30% + AG50*35% + AH50*30% -> 0.82 | AJ50: 1 | AK50: 1 | AM50: 1 | AN50: 1 | AO50: 1 | AP50: 0.95 | AQ50: =AM50*15% + AN50*35% + AO50*15% + AP50*35% -> 0.9825 | AR50: 0.7 | AS50: 0 | AT50: 0 | AU50: 0 | AV50: =AR50*30% + AS50*30% + AT50*15% + AU50*25% -> 0.21 | AZ50: =AW50*30% + AX50*45% + AY50*25% -> 0 | BA50: 0 | BB50: 0 | BC50: 0 | BD50: =BA50*30% + BB50*45% + BC50*25% -> 0 | BF50: =( (COUNTIF(B50:E50,"✓")/(COUNTIF(B50:E50,"✓")+COUNTIF(B50:E50,"x")))*0.2 + (COUNTIF(F50:J50,"✓")/(COUNTIF(F50:J50,"✓")+COUNTIF(F50:J50,"x")))*0.1 + (COUNTIF(K50:O50,"✓")/(COUNTIF(K50:O50,"✓")+COUNTIF(K50:O50,"x")))*0.1 + (COUNTIF(P50:S50,"✓")/(COUNTIF(P50:S50,"✓")+COUNTIF(P50:S50,"x")))*0.1 + (COUNTIF(T50:W50,"✓")/(COUNTIF(T50:W50,"✓")+COUNTIF(T50:W50,"x")))*0.1 + (COUNTIF(X50:AB50,"✓")/(COUNTIF(X50:AB50,"✓")+COUNTIF(X50:AB50,"x")))*0.1 + (COUNTIF(AC50:AO50,"✓")/(COUNTIF(AC50:AO50,"✓")+COUNTIF(AC50:AO50,"x")))*0.1 + (COUNTIF(AP50:AT50,"✓")/(COUNTIF(AP50:AT50,"✓")+COUNTIF(AP50:AT50,"x")))*0.05 + (COUNTIF(AU50:BB50,"✓")/(COUNTIF(AU50:BB50,"✓")+COUNTIF(AU50:BB50,"x")))*0.1 + (COUNTIF(BC50:BC50,"✓")/(COUNTIF(BC50:BC50,"✓")+COUNTIF(BC50:BC50,"x")))*0.05 ) -> #DIV/0!
B51: 304 | C51: 1 | D51: 1 | E51: 1 | F51: 1 | G51: =C51*45% + D51*45% + E51*5% + F51*5% -> 1 | H51: 1 | I51: 1 | J51: 1 | K51: 1 | L51: =H51*30% + I51*30% + J51*10% + K51*30% -> 1 | M51: 1 | N51: 1 | O51: 0.95 | P51: 0 | Q51: 1 | R51: 1 | S51: 1 | T51: 1 | U51: 1 | V51: 1 | W51: 1 | X51: 1 | Y51: =(U51*10% + V51*10% + W51*10% + X51*10%+ Q51*5% + R51*5% + S51*5% + T51*5%+M51*10% + N51*15% + O51*5% + P51*10%) -> 0.8975 | Z51: 0.5 | AA51: 0.5 | AB51: 0.5 | AC51: 0.5 | AD51: =Z51*45% + AA51*45% + AB51*5% + AC51*5% -> 0.5 | AE51: 0.7 | AF51: 1 | AG51: 1 | AH51: 0 | AI51: =AE51*5% + AF51*30% + AG51*35% + AH51*30% -> 0.685 | AJ51: 1 | AK51: 0 | AM51: 1 | AN51: 1 | AO51: 0.8 | AP51: 0.95 | AQ51: =AM51*15% + AN51*35% + AO51*15% + AP51*35% -> 0.9525 | AR51: 1 | AS51: 0 | AT51: 0 | AU51: 0 | AV51: =AR51*30% + AS51*30% + AT51*15% + AU51*25% -> 0.3 | AZ51: =AW51*30% + AX51*45% + AY51*25% -> 0 | BA51: 0 | BB51: 0 | BC51: 0 | BD51: =BA51*30% + BB51*45% + BC51*25% -> 0 | BF51: =( (COUNTIF(B51:E51,"✓")/(COUNTIF(B51:E51,"✓")+COUNTIF(B51:E51,"x")))*0.2 + (COUNTIF(F51:J51,"✓")/(COUNTIF(F51:J51,"✓")+COUNTIF(F51:J51,"x")))*0.1 + (COUNTIF(K51:O51,"✓")/(COUNTIF(K51:O51,"✓")+COUNTIF(K51:O51,"x")))*0.1 + (COUNTIF(P51:S51,"✓")/(COUNTIF(P51:S51,"✓")+COUNTIF(P51:S51,"x")))*0.1 + (COUNTIF(T51:W51,"✓")/(COUNTIF(T51:W51,"✓")+COUNTIF(T51:W51,"x")))*0.1 + (COUNTIF(X51:AB51,"✓")/(COUNTIF(X51:AB51,"✓")+COUNTIF(X51:AB51,"x")))*0.1 + (COUNTIF(AC51:AO51,"✓")/(COUNTIF(AC51:AO51,"✓")+COUNTIF(AC51:AO51,"x")))*0.1 + (COUNTIF(AP51:AT51,"✓")/(COUNTIF(AP51:AT51,"✓")+COUNTIF(AP51:AT51,"x")))*0.05 + (COUNTIF(AU51:BB51,"✓")/(COUNTIF(AU51:BB51,"✓")+COUNTIF(AU51:BB51,"x")))*0.1 + (COUNTIF(BC51:BC51,"✓")/(COUNTIF(BC51:BC51,"✓")+COUNTIF(BC51:BC51,"x")))*0.05 ) -> #DIV/0!
B52: 305 | C52: 1 | D52: 1 | E52: 1 | F52: 1 | G52: =C52*45% + D52*45% + E52*5% + F52*5% -> 1 | H52: 1 | I52: 1 | J52: 1 | K52: 1 | L52: =H52*30% + I52*30% + J52*10% + K52*30% -> 1 | M52: 1 | N52: 1 | O52: 0.95 | P52: 1 | Q52: 1 | R52: 1 | S52: 1 | T52: 1 | U52: 1 | V52: 1 | W52: 1 | X52: 1 | Y52: =(U52*10% + V52*10% + W52*10% + X52*10%+ Q52*5% + R52*5% + S52*5% + T52*5%+M52*10% + N52*15% + O52*5% + P52*10%) -> 0.9975 | Z52: 0.5 | AA52: 0.5 | AB52: 0.5 | AC52: 0.5 | AD52: =Z52*45% + AA52*45% + AB52*5% + AC52*5% -> 0.5 | AE52: 0.9 | AF52: 1 | AG52: 1 | AH52: 1 | AI52: =AE52*5% + AF52*30% + AG52*35% + AH52*30% -> 0.995 | AJ52: 1 | AK52: 1 | AM52: 1 | AN52: 1 | AO52: 1 | AP52: 0.95 | AQ52: =AM52*15% + AN52*35% + AO52*15% + AP52*35% -> 0.9825 | AR52: 0.7 | AS52: 0 | AT52: 0 | AU52: 0 | AV52: =AR52*30% + AS52*30% + AT52*15% + AU52*25% -> 0.21 | AZ52: =AW52*30% + AX52*45% + AY52*25% -> 0 | BA52: 0 | BB52: 0 | BC52: 0 | BD52: =BA52*30% + BB52*45% + BC52*25% -> 0 | BF52: =( (COUNTIF(B52:E52,"✓")/(COUNTIF(B52:E52,"✓")+COUNTIF(B52:E52,"x")))*0.2 + (COUNTIF(F52:J52,"✓")/(COUNTIF(F52:J52,"✓")+COUNTIF(F52:J52,"x")))*0.1 + (COUNTIF(K52:O52,"✓")/(COUNTIF(K52:O52,"✓")+COUNTIF(K52:O52,"x")))*0.1 + (COUNTIF(P52:S52,"✓")/(COUNTIF(P52:S52,"✓")+COUNTIF(P52:S52,"x")))*0.1 + (COUNTIF(T52:W52,"✓")/(COUNTIF(T52:W52,"✓")+COUNTIF(T52:W52,"x")))*0.1 + (COUNTIF(X52:AB52,"✓")/(COUNTIF(X52:AB52,"✓")+COUNTIF(X52:AB52,"x")))*0.1 + (COUNTIF(AC52:AO52,"✓")/(COUNTIF(AC52:AO52,"✓")+COUNTIF(AC52:AO52,"x")))*0.1 + (COUNTIF(AP52:AT52,"✓")/(COUNTIF(AP52:AT52,"✓")+COUNTIF(AP52:AT52,"x")))*0.05 + (COUNTIF(AU52:BB52,"✓")/(COUNTIF(AU52:BB52,"✓")+COUNTIF(AU52:BB52,"x")))*0.1 + (COUNTIF(BC52:BC52,"✓")/(COUNTIF(BC52:BC52,"✓")+COUNTIF(BC52:BC52,"x")))*0.05 ) -> #DIV/0!
B53: 306 | C53: 1 | D53: 1 | E53: 1 | F53: 1 | G53: =C53*45% + D53*45% + E53*5% + F53*5% -> 1 | H53: 1 | I53: 1 | J53: 1 | K53: 1 | L53: =H53*30% + I53*30% + J53*10% + K53*30% -> 1 | M53: 1 | N53: 1 | O53: 0.95 | P53: 1 | Q53: 1 | R53: 1 | S53: 1 | T53: 1 | U53: 1 | V53: 1 | W53: 1 | X53: 1 | Y53: =(U53*10% + V53*10% + W53*10% + X53*10%+ Q53*5% + R53*5% + S53*5% + T53*5%+M53*10% + N53*15% + O53*5% + P53*10%) -> 0.9975 | Z53: 0.5 | AA53: 0.5 | AB53: 0.5 | AC53: 0.5 | AD53: =Z53*45% + AA53*45% + AB53*5% + AC53*5% -> 0.5 | AE53: 1 | AF53: 0.5 | AG53: 1 | AH53: 1 | AI53: =AE53*5% + AF53*30% + AG53*35% + AH53*30% -> 0.85 | AJ53: 1 | AK53: 0.9 | AM53: 1 | AN53: 1 | AO53: 1 | AP53: 0.95 | AQ53: =AM53*15% + AN53*35% + AO53*15% + AP53*35% -> 0.9825 | AR53: 1 | AS53: 0 | AT53: 0 | AU53: 0 | AV53: =AR53*30% + AS53*30% + AT53*15% + AU53*25% -> 0.3 | AZ53: =AW53*30% + AX53*45% + AY53*25% -> 0 | BA53: 0 | BB53: 0 | BC53: 0 | BD53: =BA53*30% + BB53*45% + BC53*25% -> 0 | BF53: =( (COUNTIF(B53:E53,"✓")/(COUNTIF(B53:E53,"✓")+COUNTIF(B53:E53,"x")))*0.2 + (COUNTIF(F53:J53,"✓")/(COUNTIF(F53:J53,"✓")+COUNTIF(F53:J53,"x")))*0.1 + (COUNTIF(K53:O53,"✓")/(COUNTIF(K53:O53,"✓")+COUNTIF(K53:O53,"x")))*0.1 + (COUNTIF(P53:S53,"✓")/(COUNTIF(P53:S53,"✓")+COUNTIF(P53:S53,"x")))*0.1 + (COUNTIF(T53:W53,"✓")/(COUNTIF(T53:W53,"✓")+COUNTIF(T53:W53,"x")))*0.1 + (COUNTIF(X53:AB53,"✓")/(COUNTIF(X53:AB53,"✓")+COUNTIF(X53:AB53,"x")))*0.1 + (COUNTIF(AC53:AO53,"✓")/(COUNTIF(AC53:AO53,"✓")+COUNTIF(AC53:AO53,"x")))*0.1 + (COUNTIF(AP53:AT53,"✓")/(COUNTIF(AP53:AT53,"✓")+COUNTIF(AP53:AT53,"x")))*0.05 + (COUNTIF(AU53:BB53,"✓")/(COUNTIF(AU53:BB53,"✓")+COUNTIF(AU53:BB53,"x")))*0.1 + (COUNTIF(BC53:BC53,"✓")/(COUNTIF(BC53:BC53,"✓")+COUNTIF(BC53:BC53,"x")))*0.05 ) -> #DIV/0!
B54: 307 | C54: 1 | D54: 1 | E54: 1 | F54: 1 | G54: =C54*45% + D54*45% + E54*5% + F54*5% -> 1 | H54: 1 | I54: 1 | J54: 1 | K54: 1 | L54: =H54*30% + I54*30% + J54*10% + K54*30% -> 1 | M54: 1 | N54: 1 | O54: 0.95 | P54: 1 | Q54: 1 | R54: 1 | S54: 1 | T54: 1 | U54: 1 | V54: 1 | W54: 1 | X54: 1 | Y54: =(U54*10% + V54*10% + W54*10% + X54*10%+ Q54*5% + R54*5% + S54*5% + T54*5%+M54*10% + N54*15% + O54*5% + P54*10%) -> 0.9975 | Z54: 0.5 | AA54: 0.5 | AB54: 0.5 | AC54: 0.5 | AD54: =Z54*45% + AA54*45% + AB54*5% + AC54*5% -> 0.5 | AE54: 1 | AF54: 1 | AG54: 1 | AH54: 1 | AI54: =AE54*5% + AF54*30% + AG54*35% + AH54*30% -> 1 | AJ54: 1 | AK54: 1 | AM54: 1 | AN54: 1 | AO54: 1 | AP54: 0.95 | AQ54: =AM54*15% + AN54*35% + AO54*15% + AP54*35% -> 0.9825 | AR54: 0.7 | AS54: 0 | AT54: 0 | AU54: 0 | AV54: =AR54*30% + AS54*30% + AT54*15% + AU54*25% -> 0.21 | AZ54: =AW54*30% + AX54*45% + AY54*25% -> 0 | BA54: 0 | BB54: 0 | BC54: 0 | BD54: =BA54*30% + BB54*45% + BC54*25% -> 0 | BF54: =( (COUNTIF(B54:E54,"✓")/(COUNTIF(B54:E54,"✓")+COUNTIF(B54:E54,"x")))*0.2 + (COUNTIF(F54:J54,"✓")/(COUNTIF(F54:J54,"✓")+COUNTIF(F54:J54,"x")))*0.1 + (COUNTIF(K54:O54,"✓")/(COUNTIF(K54:O54,"✓")+COUNTIF(K54:O54,"x")))*0.1 + (COUNTIF(P54:S54,"✓")/(COUNTIF(P54:S54,"✓")+COUNTIF(P54:S54,"x")))*0.1 + (COUNTIF(T54:W54,"✓")/(COUNTIF(T54:W54,"✓")+COUNTIF(T54:W54,"x")))*0.1 + (COUNTIF(X54:AB54,"✓")/(COUNTIF(X54:AB54,"✓")+COUNTIF(X54:AB54,"x")))*0.1 + (COUNTIF(AC54:AO54,"✓")/(COUNTIF(AC54:AO54,"✓")+COUNTIF(AC54:AO54,"x")))*0.1 + (COUNTIF(AP54:AT54,"✓")/(COUNTIF(AP54:AT54,"✓")+COUNTIF(AP54:AT54,"x")))*0.05 + (COUNTIF(AU54:BB54,"✓")/(COUNTIF(AU54:BB54,"✓")+COUNTIF(AU54:BB54,"x")))*0.1 + (COUNTIF(BC54:BC54,"✓")/(COUNTIF(BC54:BC54,"✓")+COUNTIF(BC54:BC54,"x")))*0.05 ) -> #DIV/0!
B55: 308 | C55: 1 | D55: 1 | E55: 1 | F55: 1 | G55: =C55*45% + D55*45% + E55*5% + F55*5% -> 1 | H55: 1 | I55: 1 | J55: 1 | K55: 1 | L55: =H55*30% + I55*30% + J55*10% + K55*30% -> 1 | M55: 1 | N55: 1 | O55: 0.95 | P55: 1 | Q55: 1 | R55: 1 | S55: 1 | T55: 1 | U55: 1 | V55: 1 | W55: 1 | X55: 1 | Y55: =(U55*10% + V55*10% + W55*10% + X55*10%+ Q55*5% + R55*5% + S55*5% + T55*5%+M55*10% + N55*15% + O55*5% + P55*10%) -> 0.9975 | Z55: 0.5 | AA55: 0.5 | AB55: 0.5 | AC55: 0.5 | AD55: =Z55*45% + AA55*45% + AB55*5% + AC55*5% -> 0.5 | AE55: 1 | AF55: 1 | AG55: 1 | AH55: 1 | AI55: =AE55*5% + AF55*30% + AG55*35% + AH55*30% -> 1 | AJ55: 1 | AK55: 0.9 | AM55: 1 | AN55: 1 | AO55: 1 | AP55: 0.95 | AQ55: =AM55*15% + AN55*35% + AO55*15% + AP55*35% -> 0.9825 | AR55: 1 | AS55: 0 | AT55: 0 | AU55: 0 | AV55: =AR55*30% + AS55*30% + AT55*15% + AU55*25% -> 0.3 | AZ55: =AW55*30% + AX55*45% + AY55*25% -> 0 | BA55: 0 | BB55: 0 | BC55: 0 | BD55: =BA55*30% + BB55*45% + BC55*25% -> 0 | BF55: =( (COUNTIF(B55:E55,"✓")/(COUNTIF(B55:E55,"✓")+COUNTIF(B55:E55,"x")))*0.2 + (COUNTIF(F55:J55,"✓")/(COUNTIF(F55:J55,"✓")+COUNTIF(F55:J55,"x")))*0.1 + (COUNTIF(K55:O55,"✓")/(COUNTIF(K55:O55,"✓")+COUNTIF(K55:O55,"x")))*0.1 + (COUNTIF(P55:S55,"✓")/(COUNTIF(P55:S55,"✓")+COUNTIF(P55:S55,"x")))*0.1 + (COUNTIF(T55:W55,"✓")/(COUNTIF(T55:W55,"✓")+COUNTIF(T55:W55,"x")))*0.1 + (COUNTIF(X55:AB55,"✓")/(COUNTIF(X55:AB55,"✓")+COUNTIF(X55:AB55,"x")))*0.1 + (COUNTIF(AC55:AO55,"✓")/(COUNTIF(AC55:AO55,"✓")+COUNTIF(AC55:AO55,"x")))*0.1 + (COUNTIF(AP55:AT55,"✓")/(COUNTIF(AP55:AT55,"✓")+COUNTIF(AP55:AT55,"x")))*0.05 + (COUNTIF(AU55:BB55,"✓")/(COUNTIF(AU55:BB55,"✓")+COUNTIF(AU55:BB55,"x")))*0.1 + (COUNTIF(BC55:BC55,"✓")/(COUNTIF(BC55:BC55,"✓")+COUNTIF(BC55:BC55,"x")))*0.05 ) -> #DIV/0!
B56: 309 | C56: 1 | D56: 1 | E56: 1 | F56: 1 | G56: =C56*45% + D56*45% + E56*5% + F56*5% -> 1 | H56: 1 | I56: 1 | J56: 1 | K56: 1 | L56: =H56*30% + I56*30% + J56*10% + K56*30% -> 1 | M56: 1 | N56: 1 | O56: 0.95 | P56: 1 | Q56: 1 | R56: 1 | S56: 1 | T56: 1 | U56: 1 | V56: 1 | W56: 1 | X56: 1 | Y56: =(U56*10% + V56*10% + W56*10% + X56*10%+ Q56*5% + R56*5% + S56*5% + T56*5%+M56*10% + N56*15% + O56*5% + P56*10%) -> 0.9975 | Z56: 0.5 | AA56: 0.5 | AB56: 0.5 | AC56: 0.5 | AD56: =Z56*45% + AA56*45% + AB56*5% + AC56*5% -> 0.5 | AE56: 1 | AF56: 0.7 | AG56: 1 | AH56: 0.7 | AI56: =AE56*5% + AF56*30% + AG56*35% + AH56*30% -> 0.82 | AJ56: 1 | AK56: 1 | AM56: 1 | AN56: 1 | AO56: 1 | AP56: 0.95 | AQ56: =AM56*15% + AN56*35% + AO56*15% + AP56*35% -> 0.9825 | AR56: 0.7 | AS56: 0 | AT56: 0 | AU56: 0 | AV56: =AR56*30% + AS56*30% + AT56*15% + AU56*25% -> 0.21 | AZ56: =AW56*30% + AX56*45% + AY56*25% -> 0 | BA56: 0 | BB56: 0 | BC56: 0 | BD56: =BA56*30% + BB56*45% + BC56*25% -> 0 | BF56: =( (COUNTIF(B56:E56,"✓")/(COUNTIF(B56:E56,"✓")+COUNTIF(B56:E56,"x")))*0.2 + (COUNTIF(F56:J56,"✓")/(COUNTIF(F56:J56,"✓")+COUNTIF(F56:J56,"x")))*0.1 + (COUNTIF(K56:O56,"✓")/(COUNTIF(K56:O56,"✓")+COUNTIF(K56:O56,"x")))*0.1 + (COUNTIF(P56:S56,"✓")/(COUNTIF(P56:S56,"✓")+COUNTIF(P56:S56,"x")))*0.1 + (COUNTIF(T56:W56,"✓")/(COUNTIF(T56:W56,"✓")+COUNTIF(T56:W56,"x")))*0.1 + (COUNTIF(X56:AB56,"✓")/(COUNTIF(X56:AB56,"✓")+COUNTIF(X56:AB56,"x")))*0.1 + (COUNTIF(AC56:AO56,"✓")/(COUNTIF(AC56:AO56,"✓")+COUNTIF(AC56:AO56,"x")))*0.1 + (COUNTIF(AP56:AT56,"✓")/(COUNTIF(AP56:AT56,"✓")+COUNTIF(AP56:AT56,"x")))*0.05 + (COUNTIF(AU56:BB56,"✓")/(COUNTIF(AU56:BB56,"✓")+COUNTIF(AU56:BB56,"x")))*0.1 + (COUNTIF(BC56:BC56,"✓")/(COUNTIF(BC56:BC56,"✓")+COUNTIF(BC56:BC56,"x")))*0.05 ) -> #DIV/0!
B57: 310 | C57: 1 | D57: 1 | E57: 1 | F57: 1 | G57: =C57*45% + D57*45% + E57*5% + F57*5% -> 1 | H57: 1 | I57: 1 | J57: 1 | K57: 1 | L57: =H57*30% + I57*30% + J57*10% + K57*30% -> 1 | M57: 1 | N57: 1 | O57: 0.95 | P57: 1 | Q57: 1 | R57: 1 | S57: 1 | T57: 1 | U57: 1 | V57: 1 | W57: 1 | X57: 1 | Y57: =(U57*10% + V57*10% + W57*10% + X57*10%+ Q57*5% + R57*5% + S57*5% + T57*5%+M57*10% + N57*15% + O57*5% + P57*10%) -> 0.9975 | Z57: 0.5 | AA57: 0.5 | AB57: 0.5 | AC57: 0.5 | AD57: =Z57*45% + AA57*45% + AB57*5% + AC57*5% -> 0.5 | AE57: 1 | AF57: 1 | AG57: 1 | AH57: 1 | AI57: =AE57*5% + AF57*30% + AG57*35% + AH57*30% -> 1 | AJ57: 1 | AK57: 0.9 | AM57: 1 | AN57: 1 | AO57: 1 | AP57: 0.95 | AQ57: =AM57*15% + AN57*35% + AO57*15% + AP57*35% -> 0.9825 | AR57: 1 | AS57: 0 | AT57: 0 | AU57: 0 | AV57: =AR57*30% + AS57*30% + AT57*15% + AU57*25% -> 0.3 | AZ57: =AW57*30% + AX57*45% + AY57*25% -> 0 | BA57: 0 | BB57: 0 | BC57: 0 | BD57: =BA57*30% + BB57*45% + BC57*25% -> 0 | BF57: =( (COUNTIF(B57:E57,"✓")/(COUNTIF(B57:E57,"✓")+COUNTIF(B57:E57,"x")))*0.2 + (COUNTIF(F57:J57,"✓")/(COUNTIF(F57:J57,"✓")+COUNTIF(F57:J57,"x")))*0.1 + (COUNTIF(K57:O57,"✓")/(COUNTIF(K57:O57,"✓")+COUNTIF(K57:O57,"x")))*0.1 + (COUNTIF(P57:S57,"✓")/(COUNTIF(P57:S57,"✓")+COUNTIF(P57:S57,"x")))*0.1 + (COUNTIF(T57:W57,"✓")/(COUNTIF(T57:W57,"✓")+COUNTIF(T57:W57,"x")))*0.1 + (COUNTIF(X57:AB57,"✓")/(COUNTIF(X57:AB57,"✓")+COUNTIF(X57:AB57,"x")))*0.1 + (COUNTIF(AC57:AO57,"✓")/(COUNTIF(AC57:AO57,"✓")+COUNTIF(AC57:AO57,"x")))*0.1 + (COUNTIF(AP57:AT57,"✓")/(COUNTIF(AP57:AT57,"✓")+COUNTIF(AP57:AT57,"x")))*0.05 + (COUNTIF(AU57:BB57,"✓")/(COUNTIF(AU57:BB57,"✓")+COUNTIF(AU57:BB57,"x")))*0.1 + (COUNTIF(BC57:BC57,"✓")/(COUNTIF(BC57:BC57,"✓")+COUNTIF(BC57:BC57,"x")))*0.05 ) -> #DIV/0!
B58: 311 | C58: 1 | D58: 1 | E58: 1 | F58: 1 | G58: =C58*45% + D58*45% + E58*5% + F58*5% -> 1 | H58: 1 | I58: 1 | J58: 1 | K58: 1 | L58: =H58*30% + I58*30% + J58*10% + K58*30% -> 1 | M58: 1 | N58: 1 | O58: 0.95 | P58: 1 | Q58: 1 | R58: 1 | S58: 1 | T58: 1 | U58: 1 | V58: 1 | W58: 1 | X58: 1 | Y58: =(U58*10% + V58*10% + W58*10% + X58*10%+ Q58*5% + R58*5% + S58*5% + T58*5%+M58*10% + N58*15% + O58*5% + P58*10%) -> 0.9975 | Z58: 0.5 | AA58: 0.5 | AB58: 0.5 | AC58: 0.5 | AD58: =Z58*45% + AA58*45% + AB58*5% + AC58*5% -> 0.5 | AE58: 1 | AF58: 1 | AG58: 1 | AH58: 0.7 | AI58: =AE58*5% + AF58*30% + AG58*35% + AH58*30% -> 0.91 | AJ58: 1 | AK58: 1 | AM58: 1 | AN58: 1 | AO58: 1 | AP58: 0.95 | AQ58: =AM58*15% + AN58*35% + AO58*15% + AP58*35% -> 0.9825 | AR58: 0.7 | AS58: 0 | AT58: 0 | AU58: 0 | AV58: =AR58*30% + AS58*30% + AT58*15% + AU58*25% -> 0.21 | AZ58: =AW58*30% + AX58*45% + AY58*25% -> 0 | BA58: 0 | BB58: 0 | BC58: 0 | BD58: =BA58*30% + BB58*45% + BC58*25% -> 0 | BF58: =( (COUNTIF(B58:E58,"✓")/(COUNTIF(B58:E58,"✓")+COUNTIF(B58:E58,"x")))*0.2 + (COUNTIF(F58:J58,"✓")/(COUNTIF(F58:J58,"✓")+COUNTIF(F58:J58,"x")))*0.1 + (COUNTIF(K58:O58,"✓")/(COUNTIF(K58:O58,"✓")+COUNTIF(K58:O58,"x")))*0.1 + (COUNTIF(P58:S58,"✓")/(COUNTIF(P58:S58,"✓")+COUNTIF(P58:S58,"x")))*0.1 + (COUNTIF(T58:W58,"✓")/(COUNTIF(T58:W58,"✓")+COUNTIF(T58:W58,"x")))*0.1 + (COUNTIF(X58:AB58,"✓")/(COUNTIF(X58:AB58,"✓")+COUNTIF(X58:AB58,"x")))*0.1 + (COUNTIF(AC58:AO58,"✓")/(COUNTIF(AC58:AO58,"✓")+COUNTIF(AC58:AO58,"x")))*0.1 + (COUNTIF(AP58:AT58,"✓")/(COUNTIF(AP58:AT58,"✓")+COUNTIF(AP58:AT58,"x")))*0.05 + (COUNTIF(AU58:BB58,"✓")/(COUNTIF(AU58:BB58,"✓")+COUNTIF(AU58:BB58,"x")))*0.1 + (COUNTIF(BC58:BC58,"✓")/(COUNTIF(BC58:BC58,"✓")+COUNTIF(BC58:BC58,"x")))*0.05 ) -> #DIV/0!
B59: 312 | C59: 1 | D59: 1 | E59: 1 | F59: 1 | G59: =C59*45% + D59*45% + E59*5% + F59*5% -> 1 | H59: 0.9 | I59: 0.9 | J59: 0.9 | K59: 0.9 | L59: =H59*30% + I59*30% + J59*10% + K59*30% -> 0.9 | M59: 1 | N59: 1 | O59: 0.95 | P59: 1 | Q59: 1 | R59: 1 | S59: 1 | T59: 1 | U59: 1 | V59: 1 | W59: 1 | X59: 1 | Y59: =(U59*10% + V59*10% + W59*10% + X59*10%+ Q59*5% + R59*5% + S59*5% + T59*5%+M59*10% + N59*15% + O59*5% + P59*10%) -> 0.9975 | Z59: 0.5 | AA59: 0.5 | AB59: 0.5 | AC59: 0.5 | AD59: =Z59*45% + AA59*45% + AB59*5% + AC59*5% -> 0.5 | AE59: 1 | AF59: 1 | AG59: 1 | AH59: 1 | AI59: =AE59*5% + AF59*30% + AG59*35% + AH59*30% -> 1 | AJ59: 1 | AK59: 1 | AM59: 1 | AN59: 1 | AO59: 1 | AP59: 0.95 | AQ59: =AM59*15% + AN59*35% + AO59*15% + AP59*35% -> 0.9825 | AR59: 1 | AS59: 0 | AT59: 0 | AU59: 0 | AV59: =AR59*30% + AS59*30% + AT59*15% + AU59*25% -> 0.3 | AZ59: =AW59*30% + AX59*45% + AY59*25% -> 0 | BA59: 1 | BB59: 1 | BC59: 0 | BD59: =BA59*30% + BB59*45% + BC59*25% -> 0.75 | BF59: =( (COUNTIF(B59:E59,"✓")/(COUNTIF(B59:E59,"✓")+COUNTIF(B59:E59,"x")))*0.2 + (COUNTIF(F59:J59,"✓")/(COUNTIF(F59:J59,"✓")+COUNTIF(F59:J59,"x")))*0.1 + (COUNTIF(K59:O59,"✓")/(COUNTIF(K59:O59,"✓")+COUNTIF(K59:O59,"x")))*0.1 + (COUNTIF(P59:S59,"✓")/(COUNTIF(P59:S59,"✓")+COUNTIF(P59:S59,"x")))*0.1 + (COUNTIF(T59:W59,"✓")/(COUNTIF(T59:W59,"✓")+COUNTIF(T59:W59,"x")))*0.1 + (COUNTIF(X59:AB59,"✓")/(COUNTIF(X59:AB59,"✓")+COUNTIF(X59:AB59,"x")))*0.1 + (COUNTIF(AC59:AO59,"✓")/(COUNTIF(AC59:AO59,"✓")+COUNTIF(AC59:AO59,"x")))*0.1 + (COUNTIF(AP59:AT59,"✓")/(COUNTIF(AP59:AT59,"✓")+COUNTIF(AP59:AT59,"x")))*0.05 + (COUNTIF(AU59:BB59,"✓")/(COUNTIF(AU59:BB59,"✓")+COUNTIF(AU59:BB59,"x")))*0.1 + (COUNTIF(BC59:BC59,"✓")/(COUNTIF(BC59:BC59,"✓")+COUNTIF(BC59:BC59,"x")))*0.05 ) -> #DIV/0!
... B63: 316 | C63: 1 | D63: 1 | E63: 1 | F63: 1 | G63: =C63*45% + D63*45% + E63*5% + F63*5% -> 1 | H63: 0.9 | I63: 0.9 | J63: 0.9 | K63: 0.9 | L63: =H63*30% + I63*30% + J63*10% + K63*30% -> 0.9 | M63: 1 | N63: 1 | O63: 0.95 | P63: 1 | Q63: 1 | R63: 1 | S63: 1 | T63: 1 | U63: 1 | V63: 1 | W63: 1 | X63: 1 | Y63: =(U63*10% + V63*10% + W63*10% + X63*10%+ Q63*5% + R63*5% + S63*5% + T63*5%+M63*10% + N63*15% + O63*5% + P63*10%) -> 0.9975 | Z63: 0.5 | AA63: 0.5 | AB63: 0.5 | AC63: 0.5 | AD63: =Z63*45% + AA63*45% + AB63*5% + AC63*5% -> 0.5 | AE63: 1 | AF63: 1 | AG63: 0.7 | AH63: 1 | AI63: =AE63*5% + AF63*30% + AG63*35% + AH63*30% -> 0.895 | AJ63: 1 | AK63: 0 | AM63: 1 | AN63: 1 | AO63: 1 | AP63: 0.95 | AQ63: =AM63*15% + AN63*35% + AO63*15% + AP63*35% -> 0.9825 | AR63: 0 | AS63: 0 | AT63: 0 | AU63: 0 | AV63: =AR63*30% + AS63*30% + AT63*15% + AU63*25% -> 0 | AZ63: =AW63*30% + AX63*45% + AY63*25% -> 0 | BA63: 0 | BB63: 0 | BC63: 0 | BD63: =BA63*30% + BB63*45% + BC63*25% -> 0 | BF63: =( (COUNTIF(B63:E63,"✓")/(COUNTIF(B63:E63,"✓")+COUNTIF(B63:E63,"x")))*0.2 + (COUNTIF(F63:J63,"✓")/(COUNTIF(F63:J63,"✓")+COUNTIF(F63:J63,"x")))*0.1 + (COUNTIF(K63:O63,"✓")/(COUNTIF(K63:O63,"✓")+COUNTIF(K63:O63,"x")))*0.1 + (COUNTIF(P63:S63,"✓")/(COUNTIF(P63:S63,"✓")+COUNTIF(P63:S63,"x")))*0.1 + (COUNTIF(T63:W63,"✓")/(COUNTIF(T63:W63,"✓")+COUNTIF(T63:W63,"x")))*0.1 + (COUNTIF(X63:AB63,"✓")/(COUNTIF(X63:AB63,"✓")+COUNTIF(X63:AB63,"x")))*0.1 + (COUNTIF(AC63:AO63,"✓")/(COUNTIF(AC63:AO63,"✓")+COUNTIF(AC63:AO63,"x")))*0.1 + (COUNTIF(AP63:AT63,"✓")/(COUNTIF(AP63:AT63,"✓")+COUNTIF(AP63:AT63,"x")))*0.05 + (COUNTIF(AU63:BB63,"✓")/(COUNTIF(AU63:BB63,"✓")+COUNTIF(AU63:BB63,"x")))*0.1 + (COUNTIF(BC63:BC63,"✓")/(COUNTIF(BC63:BC63,"✓")+COUNTIF(BC63:BC63,"x")))*0.05 ) -> #DIV/0!
B64: Fourth Floor
B65: 401 | C65: 1 | D65: 1 | E65: 1 | F65: 1 | G65: =C65*45% + D65*45% + E65*5% + F65*5% -> 1 | H65: 0.95 | I65: 0.95 | J65: 0.95 | K65: 0.95 | L65: =H65*30% + I65*30% + J65*10% + K65*30% -> 0.95 | M65: 1 | N65: 1 | O65: 0.95 | P65: 1 | Q65: 1 | R65: 1 | S65: 1 | T65: 1 | U65: 1 | V65: 1 | W65: 1 | X65: 1 | Y65: =(U65*10% + V65*10% + W65*10% + X65*10%+ Q65*5% + R65*5% + S65*5% + T65*5%+M65*10% + N65*15% + O65*5% + P65*10%) -> 0.9975 | Z65: 0.5 | AA65: 0.5 | AB65: 0.5 | AC65: 0.5 | AD65: =Z65*45% + AA65*45% + AB65*5% + AC65*5% -> 0.5 | AE65: 1 | AF65: 1 | AG65: 1 | AH65: 1 | AI65: =AE65*5% + AF65*30% + AG65*35% + AH65*30% -> 1 | AJ65: 1 | AK65: 1 | AM65: 0.7 | AN65: 0.8 | AO65: 0 | AP65: 0.85 | AQ65: =AM65*15% + AN65*35% + AO65*15% + AP65*35% -> 0.6825 | AR65: 0 | AS65: 0 | AT65: 0 | AU65: 0 | AV65: =AR65*30% + AS65*30% + AT65*15% + AU65*25% -> 0 | AZ65: =AW65*30% + AX65*45% + AY65*25% -> 0 | BA65: 0 | BB65: 0 | BC65: 0 | BD65: =BA65*30% + BB65*45% + BC65*25% -> 0 | BF65: =( (COUNTIF(B65:E65,"✓")/(COUNTIF(B65:E65,"✓")+COUNTIF(B65:E65,"x")))*0.2 + (COUNTIF(F65:J65,"✓")/(COUNTIF(F65:J65,"✓")+COUNTIF(F65:J65,"x")))*0.1 + (COUNTIF(K65:O65,"✓")/(COUNTIF(K65:O65,"✓")+COUNTIF(K65:O65,"x")))*0.1 + (COUNTIF(P65:S65,"✓")/(COUNTIF(P65:S65,"✓")+COUNTIF(P65:S65,"x")))*0.1 + (COUNTIF(T65:W65,"✓")/(COUNTIF(T65:W65,"✓")+COUNTIF(T65:W65,"x")))*0.1 + (COUNTIF(X65:AB65,"✓")/(COUNTIF(X65:AB65,"✓")+COUNTIF(X65:AB65,"x")))*0.1 + (COUNTIF(AC65:AO65,"✓")/(COUNTIF(AC65:AO65,"✓")+COUNTIF(AC65:AO65,"x")))*0.1 + (COUNTIF(AP65:AT65,"✓")/(COUNTIF(AP65:AT65,"✓")+COUNTIF(AP65:AT65,"x")))*0.05 + (COUNTIF(AU65:BB65,"✓")/(COUNTIF(AU65:BB65,"✓")+COUNTIF(AU65:BB65,"x")))*0.1 + (COUNTIF(BC65:BC65,"✓")/(COUNTIF(BC65:BC65,"✓")+COUNTIF(BC65:BC65,"x")))*0.05 ) -> #DIV/0!
B66: 402 | C66: 1 | D66: 1 | E66: 1 | F66: 1 | G66: =C66*45% + D66*45% + E66*5% + F66*5% -> 1 | H66: 1 | I66: 0.9 | J66: 0.9 | K66: 0.9 | L66: =H66*30% + I66*30% + J66*10% + K66*30% -> 0.93 | M66: 1 | N66: 1 | O66: 0.95 | P66: 1 | Q66: 1 | R66: 1 | S66: 1 | T66: 1 | U66: 1 | V66: 1 | W66: 1 | X66: 1 | Y66: =(U66*10% + V66*10% + W66*10% + X66*10%+ Q66*5% + R66*5% + S66*5% + T66*5%+M66*10% + N66*15% + O66*5% + P66*10%) -> 0.9975 | Z66: 0.5 | AA66: 0.5 | AB66: 0.5 | AC66: 0.5 | AD66: =Z66*45% + AA66*45% + AB66*5% + AC66*5% -> 0.5 | AE66: 0.7 | AF66: 0.7 | AG66: 1 | AH66: 0 | AI66: =AE66*5% + AF66*30% + AG66*35% + AH66*30% -> 0.595 | AJ66: 1 | AK66: 0 | AM66: 0.7 | AN66: 0.85 | AO66: 0.7 | AP66: 0.85 | AQ66: =AM66*15% + AN66*35% + AO66*15% + AP66*35% -> 0.805 | AR66: 0 | AS66: 0 | AT66: 0 | AU66: 0 | AV66: =AR66*30% + AS66*30% + AT66*15% + AU66*25% -> 0 | AZ66: =AW66*30% + AX66*45% + AY66*25% -> 0 | BA66: 0 | BB66: 0 | BC66: 0 | BD66: =BA66*30% + BB66*45% + BC66*25% -> 0 | BF66: =( (COUNTIF(B66:E66,"✓")/(COUNTIF(B66:E66,"✓")+COUNTIF(B66:E66,"x")))*0.2 + (COUNTIF(F66:J66,"✓")/(COUNTIF(F66:J66,"✓")+COUNTIF(F66:J66,"x")))*0.1 + (COUNTIF(K66:O66,"✓")/(COUNTIF(K66:O66,"✓")+COUNTIF(K66:O66,"x")))*0.1 + (COUNTIF(P66:S66,"✓")/(COUNTIF(P66:S66,"✓")+COUNTIF(P66:S66,"x")))*0.1 + (COUNTIF(T66:W66,"✓")/(COUNTIF(T66:W66,"✓")+COUNTIF(T66:W66,"x")))*0.1 + (COUNTIF(X66:AB66,"✓")/(COUNTIF(X66:AB66,"✓")+COUNTIF(X66:AB66,"x")))*0.1 + (COUNTIF(AC66:AO66,"✓")/(COUNTIF(AC66:AO66,"✓")+COUNTIF(AC66:AO66,"x")))*0.1 + (COUNTIF(AP66:AT66,"✓")/(COUNTIF(AP66:AT66,"✓")+COUNTIF(AP66:AT66,"x")))*0.05 + (COUNTIF(AU66:BB66,"✓")/(COUNTIF(AU66:BB66,"✓")+COUNTIF(AU66:BB66,"x")))*0.1 + (COUNTIF(BC66:BC66,"✓")/(COUNTIF(BC66:BC66,"✓")+COUNTIF(BC66:BC66,"x")))*0.05 ) -> #DIV/0!
B67: 403 | C67: 1 | D67: 1 | E67: 1 | F67: 1 | G67: =C67*45% + D67*45% + E67*5% + F67*5% -> 1 | H67: 1 | I67: 1 | J67: 1 | K67: 1 | L67: =H67*30% + I67*30% + J67*10% + K67*30% -> 1 | M67: 1 | N67: 1 | O67: 0.95 | P67: 1 | Q67: 1 | R67: 1 | S67: 1 | T67: 1 | U67: 1 | V67: 1 | W67: 1 | X67: 1 | Y67: =(U67*10% + V67*10% + W67*10% + X67*10%+ Q67*5% + R67*5% + S67*5% + T67*5%+M67*10% + N67*15% + O67*5% + P67*10%) -> 0.9975 | Z67: 0.5 | AA67: 0.5 | AB67: 0.5 | AC67: 0.5 | AD67: =Z67*45% + AA67*45% + AB67*5% + AC67*5% -> 0.5 | AE67: 1 | AF67: 1 | AG67: 0.7 | AH67: 1 | AI67: =AE67*5% + AF67*30% + AG67*35% + AH67*30% -> 0.895 | AJ67: 1 | AK67: 1 | AM67: 0.95 | AN67: 0.9 | AO67: 0.7 | AP67: 0.85 | AQ67: =AM67*15% + AN67*35% + AO67*15% + AP67*35% -> 0.86 | AR67: 0 | AS67: 0 | AT67: 0 | AU67: 0 | AV67: =AR67*30% + AS67*30% + AT67*15% + AU67*25% -> 0 | AZ67: =AW67*30% + AX67*45% + AY67*25% -> 0 | BA67: 0 | BB67: 0 | BC67: 0 | BD67: =BA67*30% + BB67*45% + BC67*25% -> 0 | BF67: =( (COUNTIF(B67:E67,"✓")/(COUNTIF(B67:E67,"✓")+COUNTIF(B67:E67,"x")))*0.2 + (COUNTIF(F67:J67,"✓")/(COUNTIF(F67:J67,"✓")+COUNTIF(F67:J67,"x")))*0.1 + (COUNTIF(K67:O67,"✓")/(COUNTIF(K67:O67,"✓")+COUNTIF(K67:O67,"x")))*0.1 + (COUNTIF(P67:S67,"✓")/(COUNTIF(P67:S67,"✓")+COUNTIF(P67:S67,"x")))*0.1 + (COUNTIF(T67:W67,"✓")/(COUNTIF(T67:W67,"✓")+COUNTIF(T67:W67,"x")))*0.1 + (COUNTIF(X67:AB67,"✓")/(COUNTIF(X67:AB67,"✓")+COUNTIF(X67:AB67,"x")))*0.1 + (COUNTIF(AC67:AO67,"✓")/(COUNTIF(AC67:AO67,"✓")+COUNTIF(AC67:AO67,"x")))*0.1 + (COUNTIF(AP67:AT67,"✓")/(COUNTIF(AP67:AT67,"✓")+COUNTIF(AP67:AT67,"x")))*0.05 + (COUNTIF(AU67:BB67,"✓")/(COUNTIF(AU67:BB67,"✓")+COUNTIF(AU67:BB67,"x")))*0.1 + (COUNTIF(BC67:BC67,"✓")/(COUNTIF(BC67:BC67,"✓")+COUNTIF(BC67:BC67,"x")))*0.05 ) -> #DIV/0!
B68: 404 | C68: 1 | D68: 1 | E68: 1 | F68: 1 | G68: =C68*45% + D68*45% + E68*5% + F68*5% -> 1 | H68: 0.9 | I68: 0.9 | J68: 0.9 | K68: 0.9 | L68: =H68*30% + I68*30% + J68*10% + K68*30% -> 0.9 | M68: 1 | N68: 1 | O68: 0.95 | P68: 1 | Q68: 1 | R68: 1 | S68: 1 | T68: 1 | U68: 1 | V68: 1 | W68: 1 | X68: 1 | Y68: =(U68*10% + V68*10% + W68*10% + X68*10%+ Q68*5% + R68*5% + S68*5% + T68*5%+M68*10% + N68*15% + O68*5% + P68*10%) -> 0.9975 | Z68: 0.5 | AA68: 0.5 | AB68: 0.5 | AC68: 0.5 | AD68: =Z68*45% + AA68*45% + AB68*5% + AC68*5% -> 0.5 | AE68: 0.7 | AF68: 1 | AG68: 1 | AH68: 0 | AI68: =AE68*5% + AF68*30% + AG68*35% + AH68*30% -> 0.685 | AJ68: 1 | AK68: 0 | AM68: 0.95 | AN68: 0.95 | AO68: 0.95 | AP68: 0.85 | AQ68: =AM68*15% + AN68*35% + AO68*15% + AP68*35% -> 0.915 | AR68: 0 | AS68: 0 | AT68: 0 | AU68: 0 | AV68: =AR68*30% + AS68*30% + AT68*15% + AU68*25% -> 0 | AZ68: =AW68*30% + AX68*45% + AY68*25% -> 0 | BA68: 0 | BB68: 0 | BC68: 0 | BD68: =BA68*30% + BB68*45% + BC68*25% -> 0 | BF68: =( (COUNTIF(B68:E68,"✓")/(COUNTIF(B68:E68,"✓")+COUNTIF(B68:E68,"x")))*0.2 + (COUNTIF(F68:J68,"✓")/(COUNTIF(F68:J68,"✓")+COUNTIF(F68:J68,"x")))*0.1 + (COUNTIF(K68:O68,"✓")/(COUNTIF(K68:O68,"✓")+COUNTIF(K68:O68,"x")))*0.1 + (COUNTIF(P68:S68,"✓")/(COUNTIF(P68:S68,"✓")+COUNTIF(P68:S68,"x")))*0.1 + (COUNTIF(T68:W68,"✓")/(COUNTIF(T68:W68,"✓")+COUNTIF(T68:W68,"x")))*0.1 + (COUNTIF(X68:AB68,"✓")/(COUNTIF(X68:AB68,"✓")+COUNTIF(X68:AB68,"x")))*0.1 + (COUNTIF(AC68:AO68,"✓")/(COUNTIF(AC68:AO68,"✓")+COUNTIF(AC68:AO68,"x")))*0.1 + (COUNTIF(AP68:AT68,"✓")/(COUNTIF(AP68:AT68,"✓")+COUNTIF(AP68:AT68,"x")))*0.05 + (COUNTIF(AU68:BB68,"✓")/(COUNTIF(AU68:BB68,"✓")+COUNTIF(AU68:BB68,"x")))*0.1 + (COUNTIF(BC68:BC68,"✓")/(COUNTIF(BC68:BC68,"✓")+COUNTIF(BC68:BC68,"x")))*0.05 ) -> #DIV/0!
B69: 405 | C69: 1 | D69: 1 | E69: 1 | F69: 1 | G69: =C69*45% + D69*45% + E69*5% + F69*5% -> 1 | H69: 0.9 | I69: 0.9 | J69: 0.9 | K69: 0.9 | L69: =H69*30% + I69*30% + J69*10% + K69*30% -> 0.9 | M69: 1 | N69: 1 | O69: 0.95 | P69: 1 | Q69: 1 | R69: 1 | S69: 1 | T69: 1 | U69: 1 | V69: 1 | W69: 1 | X69: 1 | Y69: =(U69*10% + V69*10% + W69*10% + X69*10%+ Q69*5% + R69*5% + S69*5% + T69*5%+M69*10% + N69*15% + O69*5% + P69*10%) -> 0.9975 | Z69: 0.5 | AA69: 0.5 | AB69: 0.5 | AC69: 0.5 | AD69: =Z69*45% + AA69*45% + AB69*5% + AC69*5% -> 0.5 | AE69: 1 | AF69: 1 | AG69: 0.7 | AH69: 1 | AI69: =AE69*5% + AF69*30% + AG69*35% + AH69*30% -> 0.895 | AJ69: 1 | AK69: 1 | AM69: 0.95 | AN69: 0.95 | AO69: 0.95 | AP69: 0.85 | AQ69: =AM69*15% + AN69*35% + AO69*15% + AP69*35% -> 0.915 | AR69: 0 | AS69: 0 | AT69: 0 | AU69: 0 | AV69: =AR69*30% + AS69*30% + AT69*15% + AU69*25% -> 0 | AZ69: =AW69*30% + AX69*45% + AY69*25% -> 0 | BA69: 0 | BB69: 0 | BC69: 0 | BD69: =BA69*30% + BB69*45% + BC69*25% -> 0 | BF69: =( (COUNTIF(B69:E69,"✓")/(COUNTIF(B69:E69,"✓")+COUNTIF(B69:E69,"x")))*0.2 + (COUNTIF(F69:J69,"✓")/(COUNTIF(F69:J69,"✓")+COUNTIF(F69:J69,"x")))*0.1 + (COUNTIF(K69:O69,"✓")/(COUNTIF(K69:O69,"✓")+COUNTIF(K69:O69,"x")))*0.1 + (COUNTIF(P69:S69,"✓")/(COUNTIF(P69:S69,"✓")+COUNTIF(P69:S69,"x")))*0.1 + (COUNTIF(T69:W69,"✓")/(COUNTIF(T69:W69,"✓")+COUNTIF(T69:W69,"x")))*0.1 + (COUNTIF(X69:AB69,"✓")/(COUNTIF(X69:AB69,"✓")+COUNTIF(X69:AB69,"x")))*0.1 + (COUNTIF(AC69:AO69,"✓")/(COUNTIF(AC69:AO69,"✓")+COUNTIF(AC69:AO69,"x")))*0.1 + (COUNTIF(AP69:AT69,"✓")/(COUNTIF(AP69:AT69,"✓")+COUNTIF(AP69:AT69,"x")))*0.05 + (COUNTIF(AU69:BB69,"✓")/(COUNTIF(AU69:BB69,"✓")+COUNTIF(AU69:BB69,"x")))*0.1 + (COUNTIF(BC69:BC69,"✓")/(COUNTIF(BC69:BC69,"✓")+COUNTIF(BC69:BC69,"x")))*0.05 ) -> #DIV/0!
B70: 406 | C70: 1 | D70: 1 | E70: 1 | F70: 1 | G70: =C70*45% + D70*45% + E70*5% + F70*5% -> 1 | H70: 1 | I70: 1 | J70: 1 | K70: 1 | L70: =H70*30% + I70*30% + J70*10% + K70*30% -> 1 | M70: 1 | N70: 1 | O70: 0.95 | P70: 1 | Q70: 1 | R70: 1 | S70: 1 | T70: 1 | U70: 1 | V70: 1 | W70: 1 | X70: 1 | Y70: =(U70*10% + V70*10% + W70*10% + X70*10%+ Q70*5% + R70*5% + S70*5% + T70*5%+M70*10% + N70*15% + O70*5% + P70*10%) -> 0.9975 | Z70: 0.5 | AA70: 0.5 | AB70: 0.5 | AC70: 0.5 | AD70: =Z70*45% + AA70*45% + AB70*5% + AC70*5% -> 0.5 | AE70: 0.7 | AF70: 0 | AG70: 1 | AH70: 1 | AI70: =AE70*5% + AF70*30% + AG70*35% + AH70*30% -> 0.685 | AJ70: 1 | AK70: 1 | AM70: 0.7 | AN70: 0.95 | AO70: 0.95 | AP70: 0.85 | AQ70: =AM70*15% + AN70*35% + AO70*15% + AP70*35% -> 0.8775 | AR70: 0 | AS70: 0 | AT70: 0 | AU70: 0 | AV70: =AR70*30% + AS70*30% + AT70*15% + AU70*25% -> 0 | AZ70: =AW70*30% + AX70*45% + AY70*25% -> 0 | BA70: 0 | BB70: 0 | BC70: 0 | BD70: =BA70*30% + BB70*45% + BC70*25% -> 0 | BF70: =( (COUNTIF(B70:E70,"✓")/(COUNTIF(B70:E70,"✓")+COUNTIF(B70:E70,"x")))*0.2 + (COUNTIF(F70:J70,"✓")/(COUNTIF(F70:J70,"✓")+COUNTIF(F70:J70,"x")))*0.1 + (COUNTIF(K70:O70,"✓")/(COUNTIF(K70:O70,"✓")+COUNTIF(K70:O70,"x")))*0.1 + (COUNTIF(P70:S70,"✓")/(COUNTIF(P70:S70,"✓")+COUNTIF(P70:S70,"x")))*0.1 + (COUNTIF(T70:W70,"✓")/(COUNTIF(T70:W70,"✓")+COUNTIF(T70:W70,"x")))*0.1 + (COUNTIF(X70:AB70,"✓")/(COUNTIF(X70:AB70,"✓")+COUNTIF(X70:AB70,"x")))*0.1 + (COUNTIF(AC70:AO70,"✓")/(COUNTIF(AC70:AO70,"✓")+COUNTIF(AC70:AO70,"x")))*0.1 + (COUNTIF(AP70:AT70,"✓")/(COUNTIF(AP70:AT70,"✓")+COUNTIF(AP70:AT70,"x")))*0.05 + (COUNTIF(AU70:BB70,"✓")/(COUNTIF(AU70:BB70,"✓")+COUNTIF(AU70:BB70,"x")))*0.1 + (COUNTIF(BC70:BC70,"✓")/(COUNTIF(BC70:BC70,"✓")+COUNTIF(BC70:BC70,"x")))*0.05 ) -> #DIV/0!
B71: 407 | C71: 1 | D71: 1 | E71: 1 | F71: 1 | G71: =C71*45% + D71*45% + E71*5% + F71*5% -> 1 | H71: 1 | I71: 1 | J71: 0.7 | K71: 1 | L71: =H71*30% + I71*30% + J71*10% + K71*30% -> 0.97 | M71: 1 | N71: 1 | O71: 0.95 | P71: 1 | Q71: 1 | R71: 1 | S71: 1 | T71: 1 | U71: 1 | V71: 1 | W71: 1 | X71: 1 | Y71: =(U71*10% + V71*10% + W71*10% + X71*10%+ Q71*5% + R71*5% + S71*5% + T71*5%+M71*10% + N71*15% + O71*5% + P71*10%) -> 0.9975 | Z71: 0.5 | AA71: 0.5 | AB71: 0.5 | AC71: 0.5 | AD71: =Z71*45% + AA71*45% + AB71*5% + AC71*5% -> 0.5 | AE71: 1 | AF71: 1 | AG71: 1 | AH71: 1 | AI71: =AE71*5% + AF71*30% + AG71*35% + AH71*30% -> 1 | AJ71: 1 | AK71: 1 | AM71: 0.7 | AN71: 0.4 | AO71: 0.95 | AP71: 0.85 | AQ71: =AM71*15% + AN71*35% + AO71*15% + AP71*35% -> 0.685 | AR71: 0 | AS71: 0 | AT71: 0 | AU71: 0 | AV71: =AR71*30% + AS71*30% + AT71*15% + AU71*25% -> 0 | AZ71: =AW71*30% + AX71*45% + AY71*25% -> 0 | BA71: 0 | BB71: 0 | BC71: 0 | BD71: =BA71*30% + BB71*45% + BC71*25% -> 0 | BF71: =( (COUNTIF(B71:E71,"✓")/(COUNTIF(B71:E71,"✓")+COUNTIF(B71:E71,"x")))*0.2 + (COUNTIF(F71:J71,"✓")/(COUNTIF(F71:J71,"✓")+COUNTIF(F71:J71,"x")))*0.1 + (COUNTIF(K71:O71,"✓")/(COUNTIF(K71:O71,"✓")+COUNTIF(K71:O71,"x")))*0.1 + (COUNTIF(P71:S71,"✓")/(COUNTIF(P71:S71,"✓")+COUNTIF(P71:S71,"x")))*0.1 + (COUNTIF(T71:W71,"✓")/(COUNTIF(T71:W71,"✓")+COUNTIF(T71:W71,"x")))*0.1 + (COUNTIF(X71:AB71,"✓")/(COUNTIF(X71:AB71,"✓")+COUNTIF(X71:AB71,"x")))*0.1 + (COUNTIF(AC71:AO71,"✓")/(COUNTIF(AC71:AO71,"✓")+COUNTIF(AC71:AO71,"x")))*0.1 + (COUNTIF(AP71:AT71,"✓")/(COUNTIF(AP71:AT71,"✓")+COUNTIF(AP71:AT71,"x")))*0.05 + (COUNTIF(AU71:BB71,"✓")/(COUNTIF(AU71:BB71,"✓")+COUNTIF(AU71:BB71,"x")))*0.1 + (COUNTIF(BC71:BC71,"✓")/(COUNTIF(BC71:BC71,"✓")+COUNTIF(BC71:BC71,"x")))*0.05 ) -> #DIV/0!
B72: 408 | C72: 1 | D72: 1 | E72: 1 | F72: 1 | G72: =C72*45% + D72*45% + E72*5% + F72*5% -> 1 | H72: 1 | I72: 1 | J72: 1 | K72: 1 | L72: =H72*30% + I72*30% + J72*10% + K72*30% -> 1 | M72: 1 | N72: 1 | O72: 0.95 | P72: 1 | Q72: 1 | R72: 1 | S72: 1 | T72: 1 | U72: 1 | V72: 1 | W72: 1 | X72: 1 | Y72: =(U72*10% + V72*10% + W72*10% + X72*10%+ Q72*5% + R72*5% + S72*5% + T72*5%+M72*10% + N72*15% + O72*5% + P72*10%) -> 0.9975 | Z72: 0.5 | AA72: 0.5 | AB72: 0.5 | AC72: 0.5 | AD72: =Z72*45% + AA72*45% + AB72*5% + AC72*5% -> 0.5 | AE72: 1 | AF72: 1 | AG72: 1 | AH72: 1 | AI72: =AE72*5% + AF72*30% + AG72*35% + AH72*30% -> 1 | AJ72: 1 | AK72: 1 | AM72: 0.95 | AN72: 0.95 | AO72: 0.95 | AP72: 0.85 | AQ72: =AM72*15% + AN72*35% + AO72*15% + AP72*35% -> 0.915 | AR72: 0 | AS72: 0 | AT72: 0 | AU72: 0 | AV72: =AR72*30% + AS72*30% + AT72*15% + AU72*25% -> 0 | AZ72: =AW72*30% + AX72*45% + AY72*25% -> 0 | BA72: 0 | BB72: 0 | BC72: 0 | BD72: =BA72*30% + BB72*45% + BC72*25% -> 0 | BF72: =( (COUNTIF(B72:E72,"✓")/(COUNTIF(B72:E72,"✓")+COUNTIF(B72:E72,"x")))*0.2 + (COUNTIF(F72:J72,"✓")/(COUNTIF(F72:J72,"✓")+COUNTIF(F72:J72,"x")))*0.1 + (COUNTIF(K72:O72,"✓")/(COUNTIF(K72:O72,"✓")+COUNTIF(K72:O72,"x")))*0.1 + (COUNTIF(P72:S72,"✓")/(COUNTIF(P72:S72,"✓")+COUNTIF(P72:S72,"x")))*0.1 + (COUNTIF(T72:W72,"✓")/(COUNTIF(T72:W72,"✓")+COUNTIF(T72:W72,"x")))*0.1 + (COUNTIF(X72:AB72,"✓")/(COUNTIF(X72:AB72,"✓")+COUNTIF(X72:AB72,"x")))*0.1 + (COUNTIF(AC72:AO72,"✓")/(COUNTIF(AC72:AO72,"✓")+COUNTIF(AC72:AO72,"x")))*0.1 + (COUNTIF(AP72:AT72,"✓")/(COUNTIF(AP72:AT72,"✓")+COUNTIF(AP72:AT72,"x")))*0.05 + (COUNTIF(AU72:BB72,"✓")/(COUNTIF(AU72:BB72,"✓")+COUNTIF(AU72:BB72,"x")))*0.1 + (COUNTIF(BC72:BC72,"✓")/(COUNTIF(BC72:BC72,"✓")+COUNTIF(BC72:BC72,"x")))*0.05 ) -> #DIV/0!
B73: 409 | C73: 1 | D73: 1 | E73: 1 | F73: 1 | G73: =C73*45% + D73*45% + E73*5% + F73*5% -> 1 | H73: 1 | I73: 1 | J73: 1 | K73: 1 | L73: =H73*30% + I73*30% + J73*10% + K73*30% -> 1 | M73: 1 | N73: 1 | O73: 0.95 | P73: 1 | Q73: 1 | R73: 1 | S73: 1 | T73: 1 | U73: 1 | V73: 1 | W73: 1 | X73: 1 | Y73: =(U73*10% + V73*10% + W73*10% + X73*10%+ Q73*5% + R73*5% + S73*5% + T73*5%+M73*10% + N73*15% + O73*5% + P73*10%) -> 0.9975 | Z73: 0.5 | AA73: 0.5 | AB73: 0.5 | AC73: 0.5 | AD73: =Z73*45% + AA73*45% + AB73*5% + AC73*5% -> 0.5 | AE73: 1 | AF73: 1 | AG73: 1 | AH73: 1 | AI73: =AE73*5% + AF73*30% + AG73*35% + AH73*30% -> 1 | AJ73: 1 | AK73: 1 | AM73: 0.95 | AN73: 0.95 | AO73: 0.95 | AP73: 0.85 | AQ73: =AM73*15% + AN73*35% + AO73*15% + AP73*35% -> 0.915 | AR73: 0 | AS73: 0 | AT73: 0 | AU73: 0 | AV73: =AR73*30% + AS73*30% + AT73*15% + AU73*25% -> 0 | AZ73: =AW73*30% + AX73*45% + AY73*25% -> 0 | BA73: 0 | BB73: 0 | BC73: 0 | BD73: =BA73*30% + BB73*45% + BC73*25% -> 0 | BF73: =( (COUNTIF(B73:E73,"✓")/(COUNTIF(B73:E73,"✓")+COUNTIF(B73:E73,"x")))*0.2 + (COUNTIF(F73:J73,"✓")/(COUNTIF(F73:J73,"✓")+COUNTIF(F73:J73,"x")))*0.1 + (COUNTIF(K73:O73,"✓")/(COUNTIF(K73:O73,"✓")+COUNTIF(K73:O73,"x")))*0.1 + (COUNTIF(P73:S73,"✓")/(COUNTIF(P73:S73,"✓")+COUNTIF(P73:S73,"x")))*0.1 + (COUNTIF(T73:W73,"✓")/(COUNTIF(T73:W73,"✓")+COUNTIF(T73:W73,"x")))*0.1 + (COUNTIF(X73:AB73,"✓")/(COUNTIF(X73:AB73,"✓")+COUNTIF(X73:AB73,"x")))*0.1 + (COUNTIF(AC73:AO73,"✓")/(COUNTIF(AC73:AO73,"✓")+COUNTIF(AC73:AO73,"x")))*0.1 + (COUNTIF(AP73:AT73,"✓")/(COUNTIF(AP73:AT73,"✓")+COUNTIF(AP73:AT73,"x")))*0.05 + (COUNTIF(AU73:BB73,"✓")/(COUNTIF(AU73:BB73,"✓")+COUNTIF(AU73:BB73,"x")))*0.1 + (COUNTIF(BC73:BC73,"✓")/(COUNTIF(BC73:BC73,"✓")+COUNTIF(BC73:BC73,"x")))*0.05 ) -> #DIV/0!
B74: 410 | C74: 1 | D74: 1 | E74: 1 | F74: 1 | G74: =C74*45% + D74*45% + E74*5% + F74*5% -> 1 | H74: 1 | I74: 1 | J74: 1 | K74: 1 | L74: =H74*30% + I74*30% + J74*10% + K74*30% -> 1 | M74: 1 | N74: 1 | O74: 0.95 | P74: 1 | Q74: 1 | R74: 1 | S74: 1 | T74: 1 | U74: 1 | V74: 1 | W74: 1 | X74: 1 | Y74: =(U74*10% + V74*10% + W74*10% + X74*10%+ Q74*5% + R74*5% + S74*5% + T74*5%+M74*10% + N74*15% + O74*5% + P74*10%) -> 0.9975 | Z74: 0.5 | AA74: 0.5 | AB74: 0.5 | AC74: 0.5 | AD74: =Z74*45% + AA74*45% + AB74*5% + AC74*5% -> 0.5 | AE74: 1 | AF74: 1 | AG74: 1 | AH74: 1 | AI74: =AE74*5% + AF74*30% + AG74*35% + AH74*30% -> 1 | AJ74: 1 | AK74: 1 | AM74: 0.95 | AN74: 0.95 | AO74: 0.7 | AP74: 0.85 | AQ74: =AM74*15% + AN74*35% + AO74*15% + AP74*35% -> 0.8775 | AR74: 0 | AS74: 0 | AT74: 0 | AU74: 0 | AV74: =AR74*30% + AS74*30% + AT74*15% + AU74*25% -> 0 | AZ74: =AW74*30% + AX74*45% + AY74*25% -> 0 | BA74: 0 | BB74: 0 | BC74: 0 | BD74: =BA74*30% + BB74*45% + BC74*25% -> 0 | BF74: =( (COUNTIF(B74:E74,"✓")/(COUNTIF(B74:E74,"✓")+COUNTIF(B74:E74,"x")))*0.2 + (COUNTIF(F74:J74,"✓")/(COUNTIF(F74:J74,"✓")+COUNTIF(F74:J74,"x")))*0.1 + (COUNTIF(K74:O74,"✓")/(COUNTIF(K74:O74,"✓")+COUNTIF(K74:O74,"x")))*0.1 + (COUNTIF(P74:S74,"✓")/(COUNTIF(P74:S74,"✓")+COUNTIF(P74:S74,"x")))*0.1 + (COUNTIF(T74:W74,"✓")/(COUNTIF(T74:W74,"✓")+COUNTIF(T74:W74,"x")))*0.1 + (COUNTIF(X74:AB74,"✓")/(COUNTIF(X74:AB74,"✓")+COUNTIF(X74:AB74,"x")))*0.1 + (COUNTIF(AC74:AO74,"✓")/(COUNTIF(AC74:AO74,"✓")+COUNTIF(AC74:AO74,"x")))*0.1 + (COUNTIF(AP74:AT74,"✓")/(COUNTIF(AP74:AT74,"✓")+COUNTIF(AP74:AT74,"x")))*0.05 + (COUNTIF(AU74:BB74,"✓")/(COUNTIF(AU74:BB74,"✓")+COUNTIF(AU74:BB74,"x")))*0.1 + (COUNTIF(BC74:BC74,"✓")/(COUNTIF(BC74:BC74,"✓")+COUNTIF(BC74:BC74,"x")))*0.05 ) -> #DIV/0!
B75: 411 | C75: 1 | D75: 1 | E75: 1 | F75: 1 | G75: =C75*45% + D75*45% + E75*5% + F75*5% -> 1 | H75: 1 | I75: 1 | J75: 1 | K75: 1 | L75: =H75*30% + I75*30% + J75*10% + K75*30% -> 1 | M75: 1 | N75: 1 | O75: 0.95 | P75: 1 | Q75: 1 | R75: 1 | S75: 1 | T75: 1 | U75: 1 | V75: 1 | W75: 1 | X75: 1 | Y75: =(U75*10% + V75*10% + W75*10% + X75*10%+ Q75*5% + R75*5% + S75*5% + T75*5%+M75*10% + N75*15% + O75*5% + P75*10%) -> 0.9975 | Z75: 0.5 | AA75: 0.5 | AB75: 0.5 | AC75: 0.5 | AD75: =Z75*45% + AA75*45% + AB75*5% + AC75*5% -> 0.5 | AE75: 1 | AF75: 0.7 | AG75: 0.7 | AH75: 1 | AI75: =AE75*5% + AF75*30% + AG75*35% + AH75*30% -> 0.805 | AJ75: 1 | AK75: 1 | AM75: 0.7 | AN75: 0.7 | AO75: 0.95 | AP75: 0.85 | AQ75: =AM75*15% + AN75*35% + AO75*15% + AP75*35% -> 0.79 | AR75: 0 | AS75: 0 | AT75: 0 | AU75: 0 | AV75: =AR75*30% + AS75*30% + AT75*15% + AU75*25% -> 0 | AZ75: =AW75*30% + AX75*45% + AY75*25% -> 0 | BA75: 0 | BB75: 0 | BC75: 0 | BD75: =BA75*30% + BB75*45% + BC75*25% -> 0 | BF75: =( (COUNTIF(B75:E75,"✓")/(COUNTIF(B75:E75,"✓")+COUNTIF(B75:E75,"x")))*0.2 + (COUNTIF(F75:J75,"✓")/(COUNTIF(F75:J75,"✓")+COUNTIF(F75:J75,"x")))*0.1 + (COUNTIF(K75:O75,"✓")/(COUNTIF(K75:O75,"✓")+COUNTIF(K75:O75,"x")))*0.1 + (COUNTIF(P75:S75,"✓")/(COUNTIF(P75:S75,"✓")+COUNTIF(P75:S75,"x")))*0.1 + (COUNTIF(T75:W75,"✓")/(COUNTIF(T75:W75,"✓")+COUNTIF(T75:W75,"x")))*0.1 + (COUNTIF(X75:AB75,"✓")/(COUNTIF(X75:AB75,"✓")+COUNTIF(X75:AB75,"x")))*0.1 + (COUNTIF(AC75:AO75,"✓")/(COUNTIF(AC75:AO75,"✓")+COUNTIF(AC75:AO75,"x")))*0.1 + (COUNTIF(AP75:AT75,"✓")/(COUNTIF(AP75:AT75,"✓")+COUNTIF(AP75:AT75,"x")))*0.05 + (COUNTIF(AU75:BB75,"✓")/(COUNTIF(AU75:BB75,"✓")+COUNTIF(AU75:BB75,"x")))*0.1 + (COUNTIF(BC75:BC75,"✓")/(COUNTIF(BC75:BC75,"✓")+COUNTIF(BC75:BC75,"x")))*0.05 ) -> #DIV/0!
B76: 412 | C76: 1 | D76: 1 | E76: 1 | F76: 1 | G76: =C76*45% + D76*45% + E76*5% + F76*5% -> 1 | H76: 1 | I76: 1 | J76: 1 | K76: 1 | L76: =H76*30% + I76*30% + J76*10% + K76*30% -> 1 | M76: 1 | N76: 1 | O76: 0.95 | P76: 1 | Q76: 1 | R76: 1 | S76: 1 | T76: 1 | U76: 1 | V76: 1 | W76: 1 | X76: 1 | Y76: =(U76*10% + V76*10% + W76*10% + X76*10%+ Q76*5% + R76*5% + S76*5% + T76*5%+M76*10% + N76*15% + O76*5% + P76*10%) -> 0.9975 | Z76: 0.5 | AA76: 0.5 | AB76: 0.5 | AC76: 0.5 | AD76: =Z76*45% + AA76*45% + AB76*5% + AC76*5% -> 0.5 | AE76: 1 | AF76: 1 | AG76: 1 | AH76: 1 | AI76: =AE76*5% + AF76*30% + AG76*35% + AH76*30% -> 1 | AJ76: 1 | AK76: 1 | AM76: 0.95 | AN76: 0.6 | AO76: 0.95 | AP76: 0.85 | AQ76: =AM76*15% + AN76*35% + AO76*15% + AP76*35% -> 0.7925 | AR76: 0 | AS76: 0 | AT76: 0 | AU76: 0 | AV76: =AR76*30% + AS76*30% + AT76*15% + AU76*25% -> 0 | AZ76: =AW76*30% + AX76*45% + AY76*25% -> 0 | BA76: 0 | BB76: 0 | BC76: 0 | BD76: =BA76*30% + BB76*45% + BC76*25% -> 0 | BF76: =( (COUNTIF(B76:E76,"✓")/(COUNTIF(B76:E76,"✓")+COUNTIF(B76:E76,"x")))*0.2 + (COUNTIF(F76:J76,"✓")/(COUNTIF(F76:J76,"✓")+COUNTIF(F76:J76,"x")))*0.1 + (COUNTIF(K76:O76,"✓")/(COUNTIF(K76:O76,"✓")+COUNTIF(K76:O76,"x")))*0.1 + (COUNTIF(P76:S76,"✓")/(COUNTIF(P76:S76,"✓")+COUNTIF(P76:S76,"x")))*0.1 + (COUNTIF(T76:W76,"✓")/(COUNTIF(T76:W76,"✓")+COUNTIF(T76:W76,"x")))*0.1 + (COUNTIF(X76:AB76,"✓")/(COUNTIF(X76:AB76,"✓")+COUNTIF(X76:AB76,"x")))*0.1 + (COUNTIF(AC76:AO76,"✓")/(COUNTIF(AC76:AO76,"✓")+COUNTIF(AC76:AO76,"x")))*0.1 + (COUNTIF(AP76:AT76,"✓")/(COUNTIF(AP76:AT76,"✓")+COUNTIF(AP76:AT76,"x")))*0.05 + (COUNTIF(AU76:BB76,"✓")/(COUNTIF(AU76:BB76,"✓")+COUNTIF(AU76:BB76,"x")))*0.1 + (COUNTIF(BC76:BC76,"✓")/(COUNTIF(BC76:BC76,"✓")+COUNTIF(BC76:BC76,"x")))*0.05 ) -> #DIV/0!
... B80: 416 | C80: 1 | D80: 1 | E80: 1 | F80: 1 | G80: =C80*45% + D80*45% + E80*5% + F80*5% -> 1 | H80: 1 | I80: 1 | J80: 1 | K80: 1 | L80: =H80*30% + I80*30% + J80*10% + K80*30% -> 1 | M80: 1 | N80: 1 | O80: 0.95 | P80: 1 | Q80: 1 | R80: 1 | S80: 1 | T80: 1 | U80: 1 | V80: 1 | W80: 1 | X80: 1 | Y80: =(U80*10% + V80*10% + W80*10% + X80*10%+ Q80*5% + R80*5% + S80*5% + T80*5%+M80*10% + N80*15% + O80*5% + P80*10%) -> 0.9975 | Z80: 0.5 | AA80: 0.5 | AB80: 0.5 | AC80: 0.5 | AD80: =Z80*45% + AA80*45% + AB80*5% + AC80*5% -> 0.5 | AE80: 1 | AF80: 1 | AG80: 0.7 | AH80: 1 | AI80: =AE80*5% + AF80*30% + AG80*35% + AH80*30% -> 0.895 | AJ80: 1 | AK80: 1 | AM80: 0.95 | AN80: 0.7 | AO80: 0.95 | AP80: 0.85 | AQ80: =AM80*15% + AN80*35% + AO80*15% + AP80*35% -> 0.8275 | AR80: 0 | AS80: 0 | AT80: 0 | AU80: 0 | AV80: =AR80*30% + AS80*30% + AT80*15% + AU80*25% -> 0 | AZ80: =AW80*30% + AX80*45% + AY80*25% -> 0 | BA80: 0 | BB80: 0 | BC80: 0 | BD80: =BA80*30% + BB80*45% + BC80*25% -> 0 | BF80: =( (COUNTIF(B80:E80,"✓")/(COUNTIF(B80:E80,"✓")+COUNTIF(B80:E80,"x")))*0.2 + (COUNTIF(F80:J80,"✓")/(COUNTIF(F80:J80,"✓")+COUNTIF(F80:J80,"x")))*0.1 + (COUNTIF(K80:O80,"✓")/(COUNTIF(K80:O80,"✓")+COUNTIF(K80:O80,"x")))*0.1 + (COUNTIF(P80:S80,"✓")/(COUNTIF(P80:S80,"✓")+COUNTIF(P80:S80,"x")))*0.1 + (COUNTIF(T80:W80,"✓")/(COUNTIF(T80:W80,"✓")+COUNTIF(T80:W80,"x")))*0.1 + (COUNTIF(X80:AB80,"✓")/(COUNTIF(X80:AB80,"✓")+COUNTIF(X80:AB80,"x")))*0.1 + (COUNTIF(AC80:AO80,"✓")/(COUNTIF(AC80:AO80,"✓")+COUNTIF(AC80:AO80,"x")))*0.1 + (COUNTIF(AP80:AT80,"✓")/(COUNTIF(AP80:AT80,"✓")+COUNTIF(AP80:AT80,"x")))*0.05 + (COUNTIF(AU80:BB80,"✓")/(COUNTIF(AU80:BB80,"✓")+COUNTIF(AU80:BB80,"x")))*0.1 + (COUNTIF(BC80:BC80,"✓")/(COUNTIF(BC80:BC80,"✓")+COUNTIF(BC80:BC80,"x")))*0.05 ) -> #DIV/0!
B81: Fifth Floor
B82: 501 | C82: 1 | D82: 1 | E82: 1 | F82: 1 | G82: =C82*45% + D82*45% + E82*5% + F82*5% -> 1 | H82: 1 | I82: 1 | J82: 1 | K82: 1 | L82: =H82*30% + I82*30% + J82*10% + K82*30% -> 1 | M82: 1 | N82: 1 | O82: 1 | P82: 1 | Q82: 1 | R82: 1 | S82: 1 | T82: 1 | U82: 1 | V82: 1 | W82: 1 | X82: 1 | Y82: =(U82*10% + V82*10% + W82*10% + X82*10%+ Q82*5% + R82*5% + S82*5% + T82*5%+M82*10% + N82*15% + O82*5% + P82*10%) -> 1 | Z82: 0.5 | AA82: 0.5 | AB82: 0.5 | AC82: 0.5 | AD82: =Z82*45% + AA82*45% + AB82*5% + AC82*5% -> 0.5 | AE82: 0.9 | AF82: 0.7 | AG82: 0.7 | AH82: 0.7 | AI82: =AE82*5% + AF82*30% + AG82*35% + AH82*30% -> 0.71 | AJ82: 1 | AK82: 1 | AM82: 0 | AN82: 0.4 | AO82: 0.6 | AP82: 0.6 | AQ82: =AM82*15% + AN82*35% + AO82*15% + AP82*35% -> 0.44 | AR82: 0 | AS82: 0 | AT82: 0 | AU82: 0 | AV82: =AR82*30% + AS82*30% + AT82*15% + AU82*25% -> 0 | AW82: 0 | AX82: 0 | AY82: 0 | AZ82: =AW82*30% + AX82*45% + AY82*25% -> 0 | BA82: 0 | BB82: 0 | BC82: 0 | BD82: =BA82*30% + BB82*45% + BC82*25% -> 0 | BF82: =( (COUNTIF(B82:E82,"✓")/(COUNTIF(B82:E82,"✓")+COUNTIF(B82:E82,"x")))*0.2 + (COUNTIF(F82:J82,"✓")/(COUNTIF(F82:J82,"✓")+COUNTIF(F82:J82,"x")))*0.1 + (COUNTIF(K82:O82,"✓")/(COUNTIF(K82:O82,"✓")+COUNTIF(K82:O82,"x")))*0.1 + (COUNTIF(P82:S82,"✓")/(COUNTIF(P82:S82,"✓")+COUNTIF(P82:S82,"x")))*0.1 + (COUNTIF(T82:W82,"✓")/(COUNTIF(T82:W82,"✓")+COUNTIF(T82:W82,"x")))*0.1 + (COUNTIF(X82:AB82,"✓")/(COUNTIF(X82:AB82,"✓")+COUNTIF(X82:AB82,"x")))*0.1 + (COUNTIF(AC82:AO82,"✓")/(COUNTIF(AC82:AO82,"✓")+COUNTIF(AC82:AO82,"x")))*0.1 + (COUNTIF(AP82:AT82,"✓")/(COUNTIF(AP82:AT82,"✓")+COUNTIF(AP82:AT82,"x")))*0.05 + (COUNTIF(AU82:BB82,"✓")/(COUNTIF(AU82:BB82,"✓")+COUNTIF(AU82:BB82,"x")))*0.1 + (COUNTIF(BC82:BC82,"✓")/(COUNTIF(BC82:BC82,"✓")+COUNTIF(BC82:BC82,"x")))*0.05 ) -> #DIV/0!
B83: 502 | C83: 1 | D83: 1 | E83: 1 | F83: 1 | G83: =C83*45% + D83*45% + E83*5% + F83*5% -> 1 | H83: 1 | I83: 1 | J83: 1 | K83: 1 | L83: =H83*30% + I83*30% + J83*10% + K83*30% -> 1 | M83: 1 | N83: 1 | O83: 1 | P83: 1 | Q83: 1 | R83: 1 | S83: 1 | T83: 1 | U83: 1 | V83: 1 | W83: 1 | X83: 1 | Y83: =(U83*10% + V83*10% + W83*10% + X83*10%+ Q83*5% + R83*5% + S83*5% + T83*5%+M83*10% + N83*15% + O83*5% + P83*10%) -> 1 | Z83: 0.5 | AA83: 0.5 | AB83: 0.5 | AC83: 0.5 | AD83: =Z83*45% + AA83*45% + AB83*5% + AC83*5% -> 0.5 | AE83: 0.7 | AF83: 0.7 | AG83: 0.7 | AH83: 0 | AI83: =AE83*5% + AF83*30% + AG83*35% + AH83*30% -> 0.49 | AJ83: 1 | AK83: 1 | AM83: 0 | AN83: 0.5 | AO83: 0 | AP83: 0.6 | AQ83: =AM83*15% + AN83*35% + AO83*15% + AP83*35% -> 0.385 | AR83: 0 | AS83: 0 | AT83: 0 | AU83: 0 | AV83: =AR83*30% + AS83*30% + AT83*15% + AU83*25% -> 0 | AW83: 0 | AX83: 0 | AY83: 0 | AZ83: =AW83*30% + AX83*45% + AY83*25% -> 0 | BA83: 0 | BB83: 0 | BC83: 0 | BD83: =BA83*30% + BB83*45% + BC83*25% -> 0 | BF83: =( (COUNTIF(B83:E83,"✓")/(COUNTIF(B83:E83,"✓")+COUNTIF(B83:E83,"x")))*0.2 + (COUNTIF(F83:J83,"✓")/(COUNTIF(F83:J83,"✓")+COUNTIF(F83:J83,"x")))*0.1 + (COUNTIF(K83:O83,"✓")/(COUNTIF(K83:O83,"✓")+COUNTIF(K83:O83,"x")))*0.1 + (COUNTIF(P83:S83,"✓")/(COUNTIF(P83:S83,"✓")+COUNTIF(P83:S83,"x")))*0.1 + (COUNTIF(T83:W83,"✓")/(COUNTIF(T83:W83,"✓")+COUNTIF(T83:W83,"x")))*0.1 + (COUNTIF(X83:AB83,"✓")/(COUNTIF(X83:AB83,"✓")+COUNTIF(X83:AB83,"x")))*0.1 + (COUNTIF(AC83:AO83,"✓")/(COUNTIF(AC83:AO83,"✓")+COUNTIF(AC83:AO83,"x")))*0.1 + (COUNTIF(AP83:AT83,"✓")/(COUNTIF(AP83:AT83,"✓")+COUNTIF(AP83:AT83,"x")))*0.05 + (COUNTIF(AU83:BB83,"✓")/(COUNTIF(AU83:BB83,"✓")+COUNTIF(AU83:BB83,"x")))*0.1 + (COUNTIF(BC83:BC83,"✓")/(COUNTIF(BC83:BC83,"✓")+COUNTIF(BC83:BC83,"x")))*0.05 ) -> #DIV/0!
B84: 503 | C84: 1 | D84: 1 | E84: 1 | F84: 1 | G84: =C84*45% + D84*45% + E84*5% + F84*5% -> 1 | H84: 1 | I84: 1 | J84: 1 | K84: 1 | L84: =H84*30% + I84*30% + J84*10% + K84*30% -> 1 | M84: 1 | N84: 1 | O84: 1 | P84: 1 | Q84: 1 | R84: 1 | S84: 1 | T84: 1 | U84: 1 | V84: 1 | W84: 1 | X84: 1 | Y84: =(U84*10% + V84*10% + W84*10% + X84*10%+ Q84*5% + R84*5% + S84*5% + T84*5%+M84*10% + N84*15% + O84*5% + P84*10%) -> 1 | Z84: 0.5 | AA84: 0.5 | AB84: 0.5 | AC84: 0.5 | AD84: =Z84*45% + AA84*45% + AB84*5% + AC84*5% -> 0.5 | AE84: 1 | AF84: 0.7 | AG84: 0.7 | AH84: 0.7 | AI84: =AE84*5% + AF84*30% + AG84*35% + AH84*30% -> 0.715 | AJ84: 1 | AK84: 1 | AM84: 0.7 | AN84: 0.5 | AO84: 0 | AP84: 0.3 | AQ84: =AM84*15% + AN84*35% + AO84*15% + AP84*35% -> 0.385 | AR84: 0 | AS84: 0 | AT84: 0 | AU84: 0 | AV84: =AR84*30% + AS84*30% + AT84*15% + AU84*25% -> 0 | AW84: 0 | AX84: 0 | AY84: 0 | AZ84: =AW84*30% + AX84*45% + AY84*25% -> 0 | BA84: 0 | BB84: 0 | BC84: 0 | BD84: =BA84*30% + BB84*45% + BC84*25% -> 0 | BF84: =( (COUNTIF(B84:E84,"✓")/(COUNTIF(B84:E84,"✓")+COUNTIF(B84:E84,"x")))*0.2 + (COUNTIF(F84:J84,"✓")/(COUNTIF(F84:J84,"✓")+COUNTIF(F84:J84,"x")))*0.1 + (COUNTIF(K84:O84,"✓")/(COUNTIF(K84:O84,"✓")+COUNTIF(K84:O84,"x")))*0.1 + (COUNTIF(P84:S84,"✓")/(COUNTIF(P84:S84,"✓")+COUNTIF(P84:S84,"x")))*0.1 + (COUNTIF(T84:W84,"✓")/(COUNTIF(T84:W84,"✓")+COUNTIF(T84:W84,"x")))*0.1 + (COUNTIF(X84:AB84,"✓")/(COUNTIF(X84:AB84,"✓")+COUNTIF(X84:AB84,"x")))*0.1 + (COUNTIF(AC84:AO84,"✓")/(COUNTIF(AC84:AO84,"✓")+COUNTIF(AC84:AO84,"x")))*0.1 + (COUNTIF(AP84:AT84,"✓")/(COUNTIF(AP84:AT84,"✓")+COUNTIF(AP84:AT84,"x")))*0.05 + (COUNTIF(AU84:BB84,"✓")/(COUNTIF(AU84:BB84,"✓")+COUNTIF(AU84:BB84,"x")))*0.1 + (COUNTIF(BC84:BC84,"✓")/(COUNTIF(BC84:BC84,"✓")+COUNTIF(BC84:BC84,"x")))*0.05 ) -> #DIV/0!
B85: 504 | C85: 1 | D85: 1 | E85: 1 | F85: 1 | G85: =C85*45% + D85*45% + E85*5% + F85*5% -> 1 | H85: 1 | I85: 1 | J85: 1 | K85: 1 | L85: =H85*30% + I85*30% + J85*10% + K85*30% -> 1 | M85: 1 | N85: 1 | O85: 1 | P85: 1 | Q85: 1 | R85: 1 | S85: 1 | T85: 1 | U85: 1 | V85: 1 | W85: 1 | X85: 1 | Y85: =(U85*10% + V85*10% + W85*10% + X85*10%+ Q85*5% + R85*5% + S85*5% + T85*5%+M85*10% + N85*15% + O85*5% + P85*10%) -> 1 | Z85: 0.5 | AA85: 0.5 | AB85: 0.5 | AC85: 0.5 | AD85: =Z85*45% + AA85*45% + AB85*5% + AC85*5% -> 0.5 | AE85: 0.7 | AF85: 1 | AG85: 0.7 | AH85: 0 | AI85: =AE85*5% + AF85*30% + AG85*35% + AH85*30% -> 0.58 | AJ85: 1 | AK85: 1 | AM85: 0.7 | AN85: 0.45 | AO85: 0.7 | AP85: 0.3 | AQ85: =AM85*15% + AN85*35% + AO85*15% + AP85*35% -> 0.4725 | AR85: 0 | AS85: 0 | AT85: 0 | AU85: 0 | AV85: =AR85*30% + AS85*30% + AT85*15% + AU85*25% -> 0 | AW85: 0 | AX85: 0 | AY85: 0 | AZ85: =AW85*30% + AX85*45% + AY85*25% -> 0 | BA85: 0 | BB85: 0 | BC85: 0 | BD85: =BA85*30% + BB85*45% + BC85*25% -> 0 | BF85: =( (COUNTIF(B85:E85,"✓")/(COUNTIF(B85:E85,"✓")+COUNTIF(B85:E85,"x")))*0.2 + (COUNTIF(F85:J85,"✓")/(COUNTIF(F85:J85,"✓")+COUNTIF(F85:J85,"x")))*0.1 + (COUNTIF(K85:O85,"✓")/(COUNTIF(K85:O85,"✓")+COUNTIF(K85:O85,"x")))*0.1 + (COUNTIF(P85:S85,"✓")/(COUNTIF(P85:S85,"✓")+COUNTIF(P85:S85,"x")))*0.1 + (COUNTIF(T85:W85,"✓")/(COUNTIF(T85:W85,"✓")+COUNTIF(T85:W85,"x")))*0.1 + (COUNTIF(X85:AB85,"✓")/(COUNTIF(X85:AB85,"✓")+COUNTIF(X85:AB85,"x")))*0.1 + (COUNTIF(AC85:AO85,"✓")/(COUNTIF(AC85:AO85,"✓")+COUNTIF(AC85:AO85,"x")))*0.1 + (COUNTIF(AP85:AT85,"✓")/(COUNTIF(AP85:AT85,"✓")+COUNTIF(AP85:AT85,"x")))*0.05 + (COUNTIF(AU85:BB85,"✓")/(COUNTIF(AU85:BB85,"✓")+COUNTIF(AU85:BB85,"x")))*0.1 + (COUNTIF(BC85:BC85,"✓")/(COUNTIF(BC85:BC85,"✓")+COUNTIF(BC85:BC85,"x")))*0.05 ) -> #DIV/0!
B86: 505 | C86: 1 | D86: 1 | E86: 1 | F86: 1 | G86: =C86*45% + D86*45% + E86*5% + F86*5% -> 1 | H86: 1 | I86: 1 | J86: 1 | K86: 1 | L86: =H86*30% + I86*30% + J86*10% + K86*30% -> 1 | M86: 1 | N86: 1 | O86: 1 | P86: 1 | Q86: 1 | R86: 1 | S86: 1 | T86: 1 | U86: 1 | V86: 1 | W86: 1 | X86: 1 | Y86: =(U86*10% + V86*10% + W86*10% + X86*10%+ Q86*5% + R86*5% + S86*5% + T86*5%+M86*10% + N86*15% + O86*5% + P86*10%) -> 1 | Z86: 0.5 | AA86: 0.5 | AB86: 0.5 | AC86: 0.5 | AD86: =Z86*45% + AA86*45% + AB86*5% + AC86*5% -> 0.5 | AE86: 1 | AF86: 0.7 | AG86: 0.7 | AH86: 0.7 | AI86: =AE86*5% + AF86*30% + AG86*35% + AH86*30% -> 0.715 | AJ86: 1 | AK86: 1 | AM86: 0.5 | AN86: 0.45 | AO86: 0.5 | AP86: 0 | AQ86: =AM86*15% + AN86*35% + AO86*15% + AP86*35% -> 0.3075 | AR86: 0 | AS86: 0 | AT86: 0 | AU86: 0 | AV86: =AR86*30% + AS86*30% + AT86*15% + AU86*25% -> 0 | AW86: 0 | AX86: 0 | AY86: 0 | AZ86: =AW86*30% + AX86*45% + AY86*25% -> 0 | BA86: 0 | BB86: 0 | BC86: 0 | BD86: =BA86*30% + BB86*45% + BC86*25% -> 0 | BF86: =( (COUNTIF(B86:E86,"✓")/(COUNTIF(B86:E86,"✓")+COUNTIF(B86:E86,"x")))*0.2 + (COUNTIF(F86:J86,"✓")/(COUNTIF(F86:J86,"✓")+COUNTIF(F86:J86,"x")))*0.1 + (COUNTIF(K86:O86,"✓")/(COUNTIF(K86:O86,"✓")+COUNTIF(K86:O86,"x")))*0.1 + (COUNTIF(P86:S86,"✓")/(COUNTIF(P86:S86,"✓")+COUNTIF(P86:S86,"x")))*0.1 + (COUNTIF(T86:W86,"✓")/(COUNTIF(T86:W86,"✓")+COUNTIF(T86:W86,"x")))*0.1 + (COUNTIF(X86:AB86,"✓")/(COUNTIF(X86:AB86,"✓")+COUNTIF(X86:AB86,"x")))*0.1 + (COUNTIF(AC86:AO86,"✓")/(COUNTIF(AC86:AO86,"✓")+COUNTIF(AC86:AO86,"x")))*0.1 + (COUNTIF(AP86:AT86,"✓")/(COUNTIF(AP86:AT86,"✓")+COUNTIF(AP86:AT86,"x")))*0.05 + (COUNTIF(AU86:BB86,"✓")/(COUNTIF(AU86:BB86,"✓")+COUNTIF(AU86:BB86,"x")))*0.1 + (COUNTIF(BC86:BC86,"✓")/(COUNTIF(BC86:BC86,"✓")+COUNTIF(BC86:BC86,"x")))*0.05 ) -> #DIV/0!
B87: 506 | C87: 1 | D87: 1 | E87: 1 | F87: 1 | G87: =C87*45% + D87*45% + E87*5% + F87*5% -> 1 | H87: 1 | I87: 1 | J87: 1 | K87: 1 | L87: =H87*30% + I87*30% + J87*10% + K87*30% -> 1 | M87: 1 | N87: 1 | O87: 1 | P87: 1 | Q87: 1 | R87: 1 | S87: 1 | T87: 1 | U87: 1 | V87: 1 | W87: 1 | X87: 1 | Y87: =(U87*10% + V87*10% + W87*10% + X87*10%+ Q87*5% + R87*5% + S87*5% + T87*5%+M87*10% + N87*15% + O87*5% + P87*10%) -> 1 | Z87: 0.5 | AA87: 0.5 | AB87: 0.5 | AC87: 0.5 | AD87: =Z87*45% + AA87*45% + AB87*5% + AC87*5% -> 0.5 | AE87: 0.7 | AF87: 0 | AG87: 0 | AH87: 1 | AI87: =AE87*5% + AF87*30% + AG87*35% + AH87*30% -> 0.335 | AJ87: 0.4 | AK87: 1 | AM87: 0 | AN87: 0.7 | AO87: 0.7 | AP87: 0 | AQ87: =AM87*15% + AN87*35% + AO87*15% + AP87*35% -> 0.35 | AR87: 0 | AS87: 0 | AT87: 0 | AU87: 0 | AV87: =AR87*30% + AS87*30% + AT87*15% + AU87*25% -> 0 | AW87: 0 | AX87: 0 | AY87: 0 | AZ87: =AW87*30% + AX87*45% + AY87*25% -> 0 | BA87: 0 | BB87: 0 | BC87: 0 | BD87: =BA87*30% + BB87*45% + BC87*25% -> 0 | BF87: =( (COUNTIF(B87:E87,"✓")/(COUNTIF(B87:E87,"✓")+COUNTIF(B87:E87,"x")))*0.2 + (COUNTIF(F87:J87,"✓")/(COUNTIF(F87:J87,"✓")+COUNTIF(F87:J87,"x")))*0.1 + (COUNTIF(K87:O87,"✓")/(COUNTIF(K87:O87,"✓")+COUNTIF(K87:O87,"x")))*0.1 + (COUNTIF(P87:S87,"✓")/(COUNTIF(P87:S87,"✓")+COUNTIF(P87:S87,"x")))*0.1 + (COUNTIF(T87:W87,"✓")/(COUNTIF(T87:W87,"✓")+COUNTIF(T87:W87,"x")))*0.1 + (COUNTIF(X87:AB87,"✓")/(COUNTIF(X87:AB87,"✓")+COUNTIF(X87:AB87,"x")))*0.1 + (COUNTIF(AC87:AO87,"✓")/(COUNTIF(AC87:AO87,"✓")+COUNTIF(AC87:AO87,"x")))*0.1 + (COUNTIF(AP87:AT87,"✓")/(COUNTIF(AP87:AT87,"✓")+COUNTIF(AP87:AT87,"x")))*0.05 + (COUNTIF(AU87:BB87,"✓")/(COUNTIF(AU87:BB87,"✓")+COUNTIF(AU87:BB87,"x")))*0.1 + (COUNTIF(BC87:BC87,"✓")/(COUNTIF(BC87:BC87,"✓")+COUNTIF(BC87:BC87,"x")))*0.05 ) -> #DIV/0!
B88: 507 | C88: 1 | D88: 1 | E88: 1 | F88: 1 | G88: =C88*45% + D88*45% + E88*5% + F88*5% -> 1 | H88: 1 | I88: 1 | J88: 1 | K88: 1 | L88: =H88*30% + I88*30% + J88*10% + K88*30% -> 1 | M88: 1 | N88: 1 | O88: 1 | P88: 1 | Q88: 1 | R88: 1 | S88: 1 | T88: 1 | U88: 1 | V88: 1 | W88: 1 | X88: 1 | Y88: =(U88*10% + V88*10% + W88*10% + X88*10%+ Q88*5% + R88*5% + S88*5% + T88*5%+M88*10% + N88*15% + O88*5% + P88*10%) -> 1 | Z88: 0.5 | AA88: 0.5 | AB88: 0.5 | AC88: 0.5 | AD88: =Z88*45% + AA88*45% + AB88*5% + AC88*5% -> 0.5 | AE88: 1 | AF88: 0.7 | AG88: 0.7 | AH88: 0.7 | AI88: =AE88*5% + AF88*30% + AG88*35% + AH88*30% -> 0.715 | AJ88: 1 | AK88: 1 | AM88: 0.5 | AN88: 0.4 | AO88: 0.7 | AP88: 0 | AQ88: =AM88*15% + AN88*35% + AO88*15% + AP88*35% -> 0.32 | AR88: 0 | AS88: 0 | AT88: 0 | AU88: 0 | AV88: =AR88*30% + AS88*30% + AT88*15% + AU88*25% -> 0 | AW88: 0 | AX88: 0 | AY88: 0 | AZ88: =AW88*30% + AX88*45% + AY88*25% -> 0 | BA88: 0 | BB88: 0 | BC88: 0 | BD88: =BA88*30% + BB88*45% + BC88*25% -> 0 | BF88: =( (COUNTIF(B88:E88,"✓")/(COUNTIF(B88:E88,"✓")+COUNTIF(B88:E88,"x")))*0.2 + (COUNTIF(F88:J88,"✓")/(COUNTIF(F88:J88,"✓")+COUNTIF(F88:J88,"x")))*0.1 + (COUNTIF(K88:O88,"✓")/(COUNTIF(K88:O88,"✓")+COUNTIF(K88:O88,"x")))*0.1 + (COUNTIF(P88:S88,"✓")/(COUNTIF(P88:S88,"✓")+COUNTIF(P88:S88,"x")))*0.1 + (COUNTIF(T88:W88,"✓")/(COUNTIF(T88:W88,"✓")+COUNTIF(T88:W88,"x")))*0.1 + (COUNTIF(X88:AB88,"✓")/(COUNTIF(X88:AB88,"✓")+COUNTIF(X88:AB88,"x")))*0.1 + (COUNTIF(AC88:AO88,"✓")/(COUNTIF(AC88:AO88,"✓")+COUNTIF(AC88:AO88,"x")))*0.1 + (COUNTIF(AP88:AT88,"✓")/(COUNTIF(AP88:AT88,"✓")+COUNTIF(AP88:AT88,"x")))*0.05 + (COUNTIF(AU88:BB88,"✓")/(COUNTIF(AU88:BB88,"✓")+COUNTIF(AU88:BB88,"x")))*0.1 + (COUNTIF(BC88:BC88,"✓")/(COUNTIF(BC88:BC88,"✓")+COUNTIF(BC88:BC88,"x")))*0.05 ) -> #DIV/0!
B89: 508 | C89: 1 | D89: 1 | E89: 1 | F89: 1 | G89: =C89*45% + D89*45% + E89*5% + F89*5% -> 1 | H89: 1 | I89: 1 | J89: 1 | K89: 1 | L89: =H89*30% + I89*30% + J89*10% + K89*30% -> 1 | M89: 1 | N89: 1 | O89: 1 | P89: 1 | Q89: 1 | R89: 1 | S89: 1 | T89: 1 | U89: 1 | V89: 1 | W89: 1 | X89: 1 | Y89: =(U89*10% + V89*10% + W89*10% + X89*10%+ Q89*5% + R89*5% + S89*5% + T89*5%+M89*10% + N89*15% + O89*5% + P89*10%) -> 1 | Z89: 0.5 | AA89: 0.5 | AB89: 0.5 | AC89: 0.5 | AD89: =Z89*45% + AA89*45% + AB89*5% + AC89*5% -> 0.5 | AE89: 1 | AF89: 1 | AG89: 1 | AH89: 0.7 | AI89: =AE89*5% + AF89*30% + AG89*35% + AH89*30% -> 0.91 | AJ89: 1 | AK89: 1 | AM89: 0.5 | AN89: 0 | AO89: 0.5 | AP89: 0 | AQ89: =AM89*15% + AN89*35% + AO89*15% + AP89*35% -> 0.15 | AR89: 0 | AS89: 0 | AT89: 0 | AU89: 0 | AV89: =AR89*30% + AS89*30% + AT89*15% + AU89*25% -> 0 | AW89: 0 | AX89: 0 | AY89: 0 | AZ89: =AW89*30% + AX89*45% + AY89*25% -> 0 | BA89: 0 | BB89: 0 | BC89: 0 | BD89: =BA89*30% + BB89*45% + BC89*25% -> 0 | BF89: =( (COUNTIF(B89:E89,"✓")/(COUNTIF(B89:E89,"✓")+COUNTIF(B89:E89,"x")))*0.2 + (COUNTIF(F89:J89,"✓")/(COUNTIF(F89:J89,"✓")+COUNTIF(F89:J89,"x")))*0.1 + (COUNTIF(K89:O89,"✓")/(COUNTIF(K89:O89,"✓")+COUNTIF(K89:O89,"x")))*0.1 + (COUNTIF(P89:S89,"✓")/(COUNTIF(P89:S89,"✓")+COUNTIF(P89:S89,"x")))*0.1 + (COUNTIF(T89:W89,"✓")/(COUNTIF(T89:W89,"✓")+COUNTIF(T89:W89,"x")))*0.1 + (COUNTIF(X89:AB89,"✓")/(COUNTIF(X89:AB89,"✓")+COUNTIF(X89:AB89,"x")))*0.1 + (COUNTIF(AC89:AO89,"✓")/(COUNTIF(AC89:AO89,"✓")+COUNTIF(AC89:AO89,"x")))*0.1 + (COUNTIF(AP89:AT89,"✓")/(COUNTIF(AP89:AT89,"✓")+COUNTIF(AP89:AT89,"x")))*0.05 + (COUNTIF(AU89:BB89,"✓")/(COUNTIF(AU89:BB89,"✓")+COUNTIF(AU89:BB89,"x")))*0.1 + (COUNTIF(BC89:BC89,"✓")/(COUNTIF(BC89:BC89,"✓")+COUNTIF(BC89:BC89,"x")))*0.05 ) -> #DIV/0!
B90: 509 | C90: 1 | D90: 1 | E90: 1 | F90: 1 | G90: =C90*45% + D90*45% + E90*5% + F90*5% -> 1 | H90: 1 | I90: 1 | J90: 1 | K90: 1 | L90: =H90*30% + I90*30% + J90*10% + K90*30% -> 1 | M90: 1 | N90: 1 | O90: 1 | P90: 1 | Q90: 1 | R90: 1 | S90: 1 | T90: 1 | U90: 1 | V90: 1 | W90: 1 | X90: 1 | Y90: =(U90*10% + V90*10% + W90*10% + X90*10%+ Q90*5% + R90*5% + S90*5% + T90*5%+M90*10% + N90*15% + O90*5% + P90*10%) -> 1 | Z90: 0.5 | AA90: 0.5 | AB90: 0.5 | AC90: 0.5 | AD90: =Z90*45% + AA90*45% + AB90*5% + AC90*5% -> 0.5 | AE90: 0.7 | AF90: 0.7 | AG90: 0.7 | AH90: 0.7 | AI90: =AE90*5% + AF90*30% + AG90*35% + AH90*30% -> 0.7 | AJ90: 1 | AK90: 1 | AM90: 0.5 | AN90: 0.3 | AO90: 0.5 | AP90: 0 | AQ90: =AM90*15% + AN90*35% + AO90*15% + AP90*35% -> 0.255 | AR90: 0 | AS90: 0 | AT90: 0 | AU90: 0 | AV90: =AR90*30% + AS90*30% + AT90*15% + AU90*25% -> 0 | AW90: 0 | AX90: 0 | AY90: 0 | AZ90: =AW90*30% + AX90*45% + AY90*25% -> 0 | BA90: 0 | BB90: 0 | BC90: 0 | BD90: =BA90*30% + BB90*45% + BC90*25% -> 0 | BF90: =( (COUNTIF(B90:E90,"✓")/(COUNTIF(B90:E90,"✓")+COUNTIF(B90:E90,"x")))*0.2 + (COUNTIF(F90:J90,"✓")/(COUNTIF(F90:J90,"✓")+COUNTIF(F90:J90,"x")))*0.1 + (COUNTIF(K90:O90,"✓")/(COUNTIF(K90:O90,"✓")+COUNTIF(K90:O90,"x")))*0.1 + (COUNTIF(P90:S90,"✓")/(COUNTIF(P90:S90,"✓")+COUNTIF(P90:S90,"x")))*0.1 + (COUNTIF(T90:W90,"✓")/(COUNTIF(T90:W90,"✓")+COUNTIF(T90:W90,"x")))*0.1 + (COUNTIF(X90:AB90,"✓")/(COUNTIF(X90:AB90,"✓")+COUNTIF(X90:AB90,"x")))*0.1 + (COUNTIF(AC90:AO90,"✓")/(COUNTIF(AC90:AO90,"✓")+COUNTIF(AC90:AO90,"x")))*0.1 + (COUNTIF(AP90:AT90,"✓")/(COUNTIF(AP90:AT90,"✓")+COUNTIF(AP90:AT90,"x")))*0.05 + (COUNTIF(AU90:BB90,"✓")/(COUNTIF(AU90:BB90,"✓")+COUNTIF(AU90:BB90,"x")))*0.1 + (COUNTIF(BC90:BC90,"✓")/(COUNTIF(BC90:BC90,"✓")+COUNTIF(BC90:BC90,"x")))*0.05 ) -> #DIV/0!
B91: 510 | C91: 1 | D91: 1 | E91: 1 | F91: 1 | G91: =C91*45% + D91*45% + E91*5% + F91*5% -> 1 | H91: 1 | I91: 1 | J91: 1 | K91: 1 | L91: =H91*30% + I91*30% + J91*10% + K91*30% -> 1 | M91: 1 | N91: 1 | O91: 1 | P91: 1 | Q91: 1 | R91: 1 | S91: 1 | T91: 1 | U91: 1 | V91: 1 | W91: 1 | X91: 1 | Y91: =(U91*10% + V91*10% + W91*10% + X91*10%+ Q91*5% + R91*5% + S91*5% + T91*5%+M91*10% + N91*15% + O91*5% + P91*10%) -> 1 | Z91: 0.5 | AA91: 0.5 | AB91: 0.5 | AC91: 0.5 | AD91: =Z91*45% + AA91*45% + AB91*5% + AC91*5% -> 0.5 | AE91: 1 | AF91: 1 | AG91: 1 | AH91: 1 | AI91: =AE91*5% + AF91*30% + AG91*35% + AH91*30% -> 1 | AJ91: 1 | AK91: 1 | AM91: 0.5 | AN91: 0.45 | AO91: 0.5 | AP91: 0 | AQ91: =AM91*15% + AN91*35% + AO91*15% + AP91*35% -> 0.3075 | AR91: 0 | AS91: 0 | AT91: 0 | AU91: 0 | AV91: =AR91*30% + AS91*30% + AT91*15% + AU91*25% -> 0 | AW91: 0 | AX91: 0 | AY91: 0 | AZ91: =AW91*30% + AX91*45% + AY91*25% -> 0 | BA91: 0 | BB91: 0 | BC91: 0 | BD91: =BA91*30% + BB91*45% + BC91*25% -> 0 | BF91: =( (COUNTIF(B91:E91,"✓")/(COUNTIF(B91:E91,"✓")+COUNTIF(B91:E91,"x")))*0.2 + (COUNTIF(F91:J91,"✓")/(COUNTIF(F91:J91,"✓")+COUNTIF(F91:J91,"x")))*0.1 + (COUNTIF(K91:O91,"✓")/(COUNTIF(K91:O91,"✓")+COUNTIF(K91:O91,"x")))*0.1 + (COUNTIF(P91:S91,"✓")/(COUNTIF(P91:S91,"✓")+COUNTIF(P91:S91,"x")))*0.1 + (COUNTIF(T91:W91,"✓")/(COUNTIF(T91:W91,"✓")+COUNTIF(T91:W91,"x")))*0.1 + (COUNTIF(X91:AB91,"✓")/(COUNTIF(X91:AB91,"✓")+COUNTIF(X91:AB91,"x")))*0.1 + (COUNTIF(AC91:AO91,"✓")/(COUNTIF(AC91:AO91,"✓")+COUNTIF(AC91:AO91,"x")))*0.1 + (COUNTIF(AP91:AT91,"✓")/(COUNTIF(AP91:AT91,"✓")+COUNTIF(AP91:AT91,"x")))*0.05 + (COUNTIF(AU91:BB91,"✓")/(COUNTIF(AU91:BB91,"✓")+COUNTIF(AU91:BB91,"x")))*0.1 + (COUNTIF(BC91:BC91,"✓")/(COUNTIF(BC91:BC91,"✓")+COUNTIF(BC91:BC91,"x")))*0.05 ) -> #DIV/0!
B92: 511 | C92: 1 | D92: 1 | E92: 1 | F92: 1 | G92: =C92*45% + D92*45% + E92*5% + F92*5% -> 1 | H92: 1 | I92: 1 | J92: 1 | K92: 1 | L92: =H92*30% + I92*30% + J92*10% + K92*30% -> 1 | M92: 1 | N92: 1 | O92: 1 | P92: 1 | Q92: 1 | R92: 1 | S92: 1 | T92: 1 | U92: 1 | V92: 1 | W92: 1 | X92: 1 | Y92: =(U92*10% + V92*10% + W92*10% + X92*10%+ Q92*5% + R92*5% + S92*5% + T92*5%+M92*10% + N92*15% + O92*5% + P92*10%) -> 1 | Z92: 0.5 | AA92: 0.5 | AB92: 0.5 | AC92: 0.5 | AD92: =Z92*45% + AA92*45% + AB92*5% + AC92*5% -> 0.5 | AE92: 1 | AF92: 0.7 | AG92: 0.5 | AH92: 0.7 | AI92: =AE92*5% + AF92*30% + AG92*35% + AH92*30% -> 0.645 | AJ92: 1 | AK92: 1 | AM92: 0 | AN92: 0 | AO92: 0.7 | AP92: 0 | AQ92: =AM92*15% + AN92*35% + AO92*15% + AP92*35% -> 0.105 | AR92: 0 | AS92: 0 | AT92: 0 | AU92: 0 | AV92: =AR92*30% + AS92*30% + AT92*15% + AU92*25% -> 0 | AW92: 0 | AX92: 0 | AY92: 0 | AZ92: =AW92*30% + AX92*45% + AY92*25% -> 0 | BA92: 0 | BB92: 0 | BC92: 0 | BD92: =BA92*30% + BB92*45% + BC92*25% -> 0 | BF92: =( (COUNTIF(B92:E92,"✓")/(COUNTIF(B92:E92,"✓")+COUNTIF(B92:E92,"x")))*0.2 + (COUNTIF(F92:J92,"✓")/(COUNTIF(F92:J92,"✓")+COUNTIF(F92:J92,"x")))*0.1 + (COUNTIF(K92:O92,"✓")/(COUNTIF(K92:O92,"✓")+COUNTIF(K92:O92,"x")))*0.1 + (COUNTIF(P92:S92,"✓")/(COUNTIF(P92:S92,"✓")+COUNTIF(P92:S92,"x")))*0.1 + (COUNTIF(T92:W92,"✓")/(COUNTIF(T92:W92,"✓")+COUNTIF(T92:W92,"x")))*0.1 + (COUNTIF(X92:AB92,"✓")/(COUNTIF(X92:AB92,"✓")+COUNTIF(X92:AB92,"x")))*0.1 + (COUNTIF(AC92:AO92,"✓")/(COUNTIF(AC92:AO92,"✓")+COUNTIF(AC92:AO92,"x")))*0.1 + (COUNTIF(AP92:AT92,"✓")/(COUNTIF(AP92:AT92,"✓")+COUNTIF(AP92:AT92,"x")))*0.05 + (COUNTIF(AU92:BB92,"✓")/(COUNTIF(AU92:BB92,"✓")+COUNTIF(AU92:BB92,"x")))*0.1 + (COUNTIF(BC92:BC92,"✓")/(COUNTIF(BC92:BC92,"✓")+COUNTIF(BC92:BC92,"x")))*0.05 ) -> #DIV/0!
B93: 512 | C93: 1 | D93: 1 | E93: 1 | F93: 1 | G93: =C93*45% + D93*45% + E93*5% + F93*5% -> 1 | H93: 0.2 | I93: 0.1 | J93: 0.2 | K93: 0 | L93: =H93*30% + I93*30% + J93*10% + K93*30% -> 0.11 | M93: 1 | N93: 1 | O93: 1 | P93: 1 | Q93: 1 | R93: 1 | S93: 1 | T93: 1 | U93: 1 | V93: 1 | W93: 1 | X93: 1 | Y93: =(U93*10% + V93*10% + W93*10% + X93*10%+ Q93*5% + R93*5% + S93*5% + T93*5%+M93*10% + N93*15% + O93*5% + P93*10%) -> 1 | Z93: 0.5 | AA93: 0.5 | AB93: 0.5 | AC93: 0.5 | AD93: =Z93*45% + AA93*45% + AB93*5% + AC93*5% -> 0.5 | AE93: 1 | AF93: 1 | AG93: 1 | AH93: 1 | AI93: =AE93*5% + AF93*30% + AG93*35% + AH93*30% -> 1 | AJ93: 1 | AK93: 1 | AM93: 0 | AN93: 0 | AO93: 0 | AP93: 0 | AQ93: =AM93*15% + AN93*35% + AO93*15% + AP93*35% -> 0 | AR93: 0 | AS93: 0 | AT93: 0 | AU93: 0 | AV93: =AR93*30% + AS93*30% + AT93*15% + AU93*25% -> 0 | AW93: 0 | AX93: 0 | AY93: 0 | AZ93: =AW93*30% + AX93*45% + AY93*25% -> 0 | BA93: 0 | BB93: 0 | BC93: 0 | BD93: =BA93*30% + BB93*45% + BC93*25% -> 0 | BF93: =( (COUNTIF(B93:E93,"✓")/(COUNTIF(B93:E93,"✓")+COUNTIF(B93:E93,"x")))*0.2 + (COUNTIF(F93:J93,"✓")/(COUNTIF(F93:J93,"✓")+COUNTIF(F93:J93,"x")))*0.1 + (COUNTIF(K93:O93,"✓")/(COUNTIF(K93:O93,"✓")+COUNTIF(K93:O93,"x")))*0.1 + (COUNTIF(P93:S93,"✓")/(COUNTIF(P93:S93,"✓")+COUNTIF(P93:S93,"x")))*0.1 + (COUNTIF(T93:W93,"✓")/(COUNTIF(T93:W93,"✓")+COUNTIF(T93:W93,"x")))*0.1 + (COUNTIF(X93:AB93,"✓")/(COUNTIF(X93:AB93,"✓")+COUNTIF(X93:AB93,"x")))*0.1 + (COUNTIF(AC93:AO93,"✓")/(COUNTIF(AC93:AO93,"✓")+COUNTIF(AC93:AO93,"x")))*0.1 + (COUNTIF(AP93:AT93,"✓")/(COUNTIF(AP93:AT93,"✓")+COUNTIF(AP93:AT93,"x")))*0.05 + (COUNTIF(AU93:BB93,"✓")/(COUNTIF(AU93:BB93,"✓")+COUNTIF(AU93:BB93,"x")))*0.1 + (COUNTIF(BC93:BC93,"✓")/(COUNTIF(BC93:BC93,"✓")+COUNTIF(BC93:BC93,"x")))*0.05 ) -> #DIV/0!
... B97: 516 | C97: 1 | D97: 1 | E97: 1 | F97: 1 | G97: =C97*45% + D97*45% + E97*5% + F97*5% -> 1 | H97: 1 | I97: 1 | J97: 1 | K97: 1 | L97: =H97*30% + I97*30% + J97*10% + K97*30% -> 1 | M97: 1 | N97: 1 | O97: 1 | P97: 1 | Q97: 1 | R97: 1 | S97: 1 | T97: 1 | U97: 1 | V97: 1 | W97: 1 | X97: 1 | Y97: =(U97*10% + V97*10% + W97*10% + X97*10%+ Q97*5% + R97*5% + S97*5% + T97*5%+M97*10% + N97*15% + O97*5% + P97*10%) -> 1 | Z97: 0.5 | AA97: 0.5 | AB97: 0.5 | AC97: 0.5 | AD97: =Z97*45% + AA97*45% + AB97*5% + AC97*5% -> 0.5 | AE97: 1 | AF97: 1 | AG97: 1 | AH97: 1 | AI97: =AE97*5% + AF97*30% + AG97*35% + AH97*30% -> 1 | AJ97: 1 | AK97: 1 | AM97: 0.5 | AN97: 0.45 | AO97: 0.5 | AP97: 0 | AQ97: =AM97*15% + AN97*35% + AO97*15% + AP97*35% -> 0.3075 | AR97: 0 | AS97: 0 | AT97: 0 | AU97: 0 | AV97: =AR97*30% + AS97*30% + AT97*15% + AU97*25% -> 0 | AW97: 0 | AX97: 0 | AY97: 0 | AZ97: =AW97*30% + AX97*45% + AY97*25% -> 0 | BA97: 0 | BB97: 0 | BC97: 0 | BD97: =BA97*30% + BB97*45% + BC97*25% -> 0 | BF97: =( (COUNTIF(B97:E97,"✓")/(COUNTIF(B97:E97,"✓")+COUNTIF(B97:E97,"x")))*0.2 + (COUNTIF(F97:J97,"✓")/(COUNTIF(F97:J97,"✓")+COUNTIF(F97:J97,"x")))*0.1 + (COUNTIF(K97:O97,"✓")/(COUNTIF(K97:O97,"✓")+COUNTIF(K97:O97,"x")))*0.1 + (COUNTIF(P97:S97,"✓")/(COUNTIF(P97:S97,"✓")+COUNTIF(P97:S97,"x")))*0.1 + (COUNTIF(T97:W97,"✓")/(COUNTIF(T97:W97,"✓")+COUNTIF(T97:W97,"x")))*0.1 + (COUNTIF(X97:AB97,"✓")/(COUNTIF(X97:AB97,"✓")+COUNTIF(X97:AB97,"x")))*0.1 + (COUNTIF(AC97:AO97,"✓")/(COUNTIF(AC97:AO97,"✓")+COUNTIF(AC97:AO97,"x")))*0.1 + (COUNTIF(AP97:AT97,"✓")/(COUNTIF(AP97:AT97,"✓")+COUNTIF(AP97:AT97,"x")))*0.05 + (COUNTIF(AU97:BB97,"✓")/(COUNTIF(AU97:BB97,"✓")+COUNTIF(AU97:BB97,"x")))*0.1 + (COUNTIF(BC97:BC97,"✓")/(COUNTIF(BC97:BC97,"✓")+COUNTIF(BC97:BC97,"x")))*0.05 ) -> #DIV/0!
B98: Sixth Floor
B99: 601 | C99: 1 | D99: 1 | E99: 1 | F99: 1 | G99: =C99*45% + D99*45% + E99*5% + F99*5% -> 1 | H99: 1 | I99: 1 | J99: 1 | K99: 1 | L99: =H99*30% + I99*30% + J99*10% + K99*30% -> 1 | M99: 1 | N99: 1 | O99: 1 | P99: 1 | Q99: 1 | R99: 1 | S99: 1 | T99: 1 | U99: 1 | V99: 1 | W99: 1 | X99: 1 | Y99: =(U99*10% + V99*10% + W99*10% + X99*10%+ Q99*5% + R99*5% + S99*5% + T99*5%+M99*10% + N99*15% + O99*5% + P99*10%) -> 1 | Z99: 0.5 | AA99: 0.5 | AB99: 0.5 | AC99: 0.5 | AD99: =Z99*45% + AA99*45% + AB99*5% + AC99*5% -> 0.5 | AE99: 0.9 | AF99: 0 | AG99: 0.7 | AH99: 0 | AI99: =AE99*5% + AF99*30% + AG99*35% + AH99*30% -> 0.29 | AJ99: 1 | AK99: 1 | AM99: 0 | AN99: 0 | AO99: 0 | AP99: 0.3 | AQ99: =AM99*15% + AN99*35% + AO99*15% + AP99*35% -> 0.105 | AR99: 0 | AS99: 0 | AT99: 0 | AU99: 0 | AV99: =AR99*30% + AS99*30% + AT99*15% + AU99*25% -> 0 | AW99: 0 | AX99: 0 | AY99: 0 | AZ99: =AW99*30% + AX99*45% + AY99*25% -> 0 | BA99: 0 | BB99: 0 | BC99: 0 | BD99: =BA99*30% + BB99*45% + BC99*25% -> 0 | BF99: =( (COUNTIF(B99:E99,"✓")/(COUNTIF(B99:E99,"✓")+COUNTIF(B99:E99,"x")))*0.2 + (COUNTIF(F99:J99,"✓")/(COUNTIF(F99:J99,"✓")+COUNTIF(F99:J99,"x")))*0.1 + (COUNTIF(K99:O99,"✓")/(COUNTIF(K99:O99,"✓")+COUNTIF(K99:O99,"x")))*0.1 + (COUNTIF(P99:S99,"✓")/(COUNTIF(P99:S99,"✓")+COUNTIF(P99:S99,"x")))*0.1 + (COUNTIF(T99:W99,"✓")/(COUNTIF(T99:W99,"✓")+COUNTIF(T99:W99,"x")))*0.1 + (COUNTIF(X99:AB99,"✓")/(COUNTIF(X99:AB99,"✓")+COUNTIF(X99:AB99,"x")))*0.1 + (COUNTIF(AC99:AO99,"✓")/(COUNTIF(AC99:AO99,"✓")+COUNTIF(AC99:AO99,"x")))*0.1 + (COUNTIF(AP99:AT99,"✓")/(COUNTIF(AP99:AT99,"✓")+COUNTIF(AP99:AT99,"x")))*0.05 + (COUNTIF(AU99:BB99,"✓")/(COUNTIF(AU99:BB99,"✓")+COUNTIF(AU99:BB99,"x")))*0.1 + (COUNTIF(BC99:BC99,"✓")/(COUNTIF(BC99:BC99,"✓")+COUNTIF(BC99:BC99,"x")))*0.05 ) -> #DIV/0!
B100: 602 | C100: 1 | D100: 1 | E100: 1 | F100: 1 | G100: =C100*45% + D100*45% + E100*5% + F100*5% -> 1 | H100: 1 | I100: 1 | J100: 1 | K100: 1 | L100: =H100*30% + I100*30% + J100*10% + K100*30% -> 1 | M100: 1 | N100: 1 | O100: 1 | P100: 1 | Q100: 1 | R100: 1 | S100: 1 | T100: 1 | U100: 1 | V100: 1 | W100: 1 | X100: 1 | Y100: =(U100*10% + V100*10% + W100*10% + X100*10%+ Q100*5% + R100*5% + S100*5% + T100*5%+M100*10% + N100*15% + O100*5% + P100*10%) -> 1 | Z100: 0.5 | AA100: 0.5 | AB100: 0.5 | AC100: 0.5 | AD100: =Z100*45% + AA100*45% + AB100*5% + AC100*5% -> 0.5 | AE100: 0.7 | AF100: 0.7 | AG100: 0.7 | AH100: 0.7 | AI100: =AE100*5% + AF100*30% + AG100*35% + AH100*30% -> 0.7 | AJ100: 0 | AK100: 1 | AM100: 0 | AN100: 0 | AO100: 0 | AP100: 0.3 | AQ100: =AM100*15% + AN100*35% + AO100*15% + AP100*35% -> 0.105 | AR100: 0 | AS100: 0 | AT100: 0 | AU100: 0 | AV100: =AR100*30% + AS100*30% + AT100*15% + AU100*25% -> 0 | AW100: 0 | AX100: 0 | AY100: 0 | AZ100: =AW100*30% + AX100*45% + AY100*25% -> 0 | BA100: 0 | BB100: 0 | BC100: 0 | BD100: =BA100*30% + BB100*45% + BC100*25% -> 0 | BF100: =( (COUNTIF(B100:E100,"✓")/(COUNTIF(B100:E100,"✓")+COUNTIF(B100:E100,"x")))*0.2 + (COUNTIF(F100:J100,"✓")/(COUNTIF(F100:J100,"✓")+COUNTIF(F100:J100,"x")))*0.1 + (COUNTIF(K100:O100,"✓")/(COUNTIF(K100:O100,"✓")+COUNTIF(K100:O100,"x")))*0.1 + (COUNTIF(P100:S100,"✓")/(COUNTIF(P100:S100,"✓")+COUNTIF(P100:S100,"x")))*0.1 + (COUNTIF(T100:W100,"✓")/(COUNTIF(T100:W100,"✓")+COUNTIF(T100:W100,"x")))*0.1 + (COUNTIF(X100:AB100,"✓")/(COUNTIF(X100:AB100,"✓")+COUNTIF(X100:AB100,"x")))*0.1 + (COUNTIF(AC100:AO100,"✓")/(COUNTIF(AC100:AO100,"✓")+COUNTIF(AC100:AO100,"x")))*0.1 + (COUNTIF(AP100:AT100,"✓")/(COUNTIF(AP100:AT100,"✓")+COUNTIF(AP100:AT100,"x")))*0.05 + (COUNTIF(AU100:BB100,"✓")/(COUNTIF(AU100:BB100,"✓")+COUNTIF(AU100:BB100,"x")))*0.1 + (COUNTIF(BC100:BC100,"✓")/(COUNTIF(BC100:BC100,"✓")+COUNTIF(BC100:BC100,"x")))*0.05 ) -> #DIV/0!
B101: 603 | C101: 1 | D101: 1 | E101: 1 | F101: 1 | G101: =C101*45% + D101*45% + E101*5% + F101*5% -> 1 | H101: 0.2 | I101: 1 | J101: 1 | K101: 0.2 | L101: =H101*30% + I101*30% + J101*10% + K101*30% -> 0.52 | M101: 1 | N101: 1 | O101: 1 | P101: 1 | Q101: 1 | R101: 1 | S101: 1 | T101: 1 | U101: 1 | V101: 1 | W101: 1 | X101: 1 | Y101: =(U101*10% + V101*10% + W101*10% + X101*10%+ Q101*5% + R101*5% + S101*5% + T101*5%+M101*10% + N101*15% + O101*5% + P101*10%) -> 1 | Z101: 0.5 | AA101: 0.5 | AB101: 0.5 | AC101: 0.5 | AD101: =Z101*45% + AA101*45% + AB101*5% + AC101*5% -> 0.5 | AE101: 1 | AF101: 0.7 | AG101: 0.7 | AH101: 0.7 | AI101: =AE101*5% + AF101*30% + AG101*35% + AH101*30% -> 0.715 | AJ101: 1 | AK101: 1 | AM101: 0 | AN101: 0 | AO101: 0 | AP101: 0.3 | AQ101: =AM101*15% + AN101*35% + AO101*15% + AP101*35% -> 0.105 | AR101: 0 | AS101: 0 | AT101: 0 | AU101: 0 | AV101: =AR101*30% + AS101*30% + AT101*15% + AU101*25% -> 0 | AW101: 0 | AX101: 0 | AY101: 0 | AZ101: =AW101*30% + AX101*45% + AY101*25% -> 0 | BA101: 0 | BB101: 0 | BC101: 0 | BD101: =BA101*30% + BB101*45% + BC101*25% -> 0 | BF101: =( (COUNTIF(B101:E101,"✓")/(COUNTIF(B101:E101,"✓")+COUNTIF(B101:E101,"x")))*0.2 + (COUNTIF(F101:J101,"✓")/(COUNTIF(F101:J101,"✓")+COUNTIF(F101:J101,"x")))*0.1 + (COUNTIF(K101:O101,"✓")/(COUNTIF(K101:O101,"✓")+COUNTIF(K101:O101,"x")))*0.1 + (COUNTIF(P101:S101,"✓")/(COUNTIF(P101:S101,"✓")+COUNTIF(P101:S101,"x")))*0.1 + (COUNTIF(T101:W101,"✓")/(COUNTIF(T101:W101,"✓")+COUNTIF(T101:W101,"x")))*0.1 + (COUNTIF(X101:AB101,"✓")/(COUNTIF(X101:AB101,"✓")+COUNTIF(X101:AB101,"x")))*0.1 + (COUNTIF(AC101:AO101,"✓")/(COUNTIF(AC101:AO101,"✓")+COUNTIF(AC101:AO101,"x")))*0.1 + (COUNTIF(AP101:AT101,"✓")/(COUNTIF(AP101:AT101,"✓")+COUNTIF(AP101:AT101,"x")))*0.05 + (COUNTIF(AU101:BB101,"✓")/(COUNTIF(AU101:BB101,"✓")+COUNTIF(AU101:BB101,"x")))*0.1 + (COUNTIF(BC101:BC101,"✓")/(COUNTIF(BC101:BC101,"✓")+COUNTIF(BC101:BC101,"x")))*0.05 ) -> #DIV/0!
B102: 604 | C102: 1 | D102: 1 | E102: 1 | F102: 1 | G102: =C102*45% + D102*45% + E102*5% + F102*5% -> 1 | H102: 0.9 | I102: 0.9 | J102: 1 | K102: 0.9 | L102: =H102*30% + I102*30% + J102*10% + K102*30% -> 0.91 | M102: 1 | N102: 1 | O102: 1 | P102: 1 | Q102: 1 | R102: 1 | S102: 1 | T102: 1 | U102: 1 | V102: 1 | W102: 1 | X102: 1 | Y102: =(U102*10% + V102*10% + W102*10% + X102*10%+ Q102*5% + R102*5% + S102*5% + T102*5%+M102*10% + N102*15% + O102*5% + P102*10%) -> 1 | Z102: 0.5 | AA102: 0.5 | AB102: 0.5 | AC102: 0.5 | AD102: =Z102*45% + AA102*45% + AB102*5% + AC102*5% -> 0.5 | AE102: 0.7 | AF102: 1 | AG102: 1 | AH102: 0 | AI102: =AE102*5% + AF102*30% + AG102*35% + AH102*30% -> 0.685 | AJ102: 1 | AK102: 0 | AM102: 0 | AN102: 0 | AO102: 0 | AP102: 0.3 | AQ102: =AM102*15% + AN102*35% + AO102*15% + AP102*35% -> 0.105 | AR102: 0 | AS102: 0 | AT102: 0 | AU102: 0 | AV102: =AR102*30% + AS102*30% + AT102*15% + AU102*25% -> 0 | AW102: 0 | AX102: 0 | AY102: 0 | AZ102: =AW102*30% + AX102*45% + AY102*25% -> 0 | BA102: 0 | BB102: 0 | BC102: 0 | BD102: =BA102*30% + BB102*45% + BC102*25% -> 0 | BF102: =( (COUNTIF(B102:E102,"✓")/(COUNTIF(B102:E102,"✓")+COUNTIF(B102:E102,"x")))*0.2 + (COUNTIF(F102:J102,"✓")/(COUNTIF(F102:J102,"✓")+COUNTIF(F102:J102,"x")))*0.1 + (COUNTIF(K102:O102,"✓")/(COUNTIF(K102:O102,"✓")+COUNTIF(K102:O102,"x")))*0.1 + (COUNTIF(P102:S102,"✓")/(COUNTIF(P102:S102,"✓")+COUNTIF(P102:S102,"x")))*0.1 + (COUNTIF(T102:W102,"✓")/(COUNTIF(T102:W102,"✓")+COUNTIF(T102:W102,"x")))*0.1 + (COUNTIF(X102:AB102,"✓")/(COUNTIF(X102:AB102,"✓")+COUNTIF(X102:AB102,"x")))*0.1 + (COUNTIF(AC102:AO102,"✓")/(COUNTIF(AC102:AO102,"✓")+COUNTIF(AC102:AO102,"x")))*0.1 + (COUNTIF(AP102:AT102,"✓")/(COUNTIF(AP102:AT102,"✓")+COUNTIF(AP102:AT102,"x")))*0.05 + (COUNTIF(AU102:BB102,"✓")/(COUNTIF(AU102:BB102,"✓")+COUNTIF(AU102:BB102,"x")))*0.1 + (COUNTIF(BC102:BC102,"✓")/(COUNTIF(BC102:BC102,"✓")+COUNTIF(BC102:BC102,"x")))*0.05 ) -> #DIV/0!
B103: 605 | C103: 1 | D103: 1 | E103: 1 | F103: 1 | G103: =C103*45% + D103*45% + E103*5% + F103*5% -> 1 | H103: 1 | I103: 1 | J103: 1 | K103: 1 | L103: =H103*30% + I103*30% + J103*10% + K103*30% -> 1 | M103: 1 | N103: 1 | O103: 1 | P103: 1 | Q103: 1 | R103: 1 | S103: 1 | T103: 1 | U103: 1 | V103: 1 | W103: 1 | X103: 1 | Y103: =(U103*10% + V103*10% + W103*10% + X103*10%+ Q103*5% + R103*5% + S103*5% + T103*5%+M103*10% + N103*15% + O103*5% + P103*10%) -> 1 | Z103: 0.5 | AA103: 0.5 | AB103: 0.5 | AC103: 0.5 | AD103: =Z103*45% + AA103*45% + AB103*5% + AC103*5% -> 0.5 | AE103: 1 | AF103: 0.7 | AG103: 0.7 | AH103: 0.7 | AI103: =AE103*5% + AF103*30% + AG103*35% + AH103*30% -> 0.715 | AJ103: 1 | AK103: 1 | AM103: 0 | AN103: 0 | AO103: 0 | AP103: 0.3 | AQ103: =AM103*15% + AN103*35% + AO103*15% + AP103*35% -> 0.105 | AR103: 0 | AS103: 0 | AT103: 0 | AU103: 0 | AV103: =AR103*30% + AS103*30% + AT103*15% + AU103*25% -> 0 | AW103: 0 | AX103: 0 | AY103: 0 | AZ103: =AW103*30% + AX103*45% + AY103*25% -> 0 | BA103: 0 | BB103: 0 | BC103: 0 | BD103: =BA103*30% + BB103*45% + BC103*25% -> 0 | BF103: =( (COUNTIF(B103:E103,"✓")/(COUNTIF(B103:E103,"✓")+COUNTIF(B103:E103,"x")))*0.2 + (COUNTIF(F103:J103,"✓")/(COUNTIF(F103:J103,"✓")+COUNTIF(F103:J103,"x")))*0.1 + (COUNTIF(K103:O103,"✓")/(COUNTIF(K103:O103,"✓")+COUNTIF(K103:O103,"x")))*0.1 + (COUNTIF(P103:S103,"✓")/(COUNTIF(P103:S103,"✓")+COUNTIF(P103:S103,"x")))*0.1 + (COUNTIF(T103:W103,"✓")/(COUNTIF(T103:W103,"✓")+COUNTIF(T103:W103,"x")))*0.1 + (COUNTIF(X103:AB103,"✓")/(COUNTIF(X103:AB103,"✓")+COUNTIF(X103:AB103,"x")))*0.1 + (COUNTIF(AC103:AO103,"✓")/(COUNTIF(AC103:AO103,"✓")+COUNTIF(AC103:AO103,"x")))*0.1 + (COUNTIF(AP103:AT103,"✓")/(COUNTIF(AP103:AT103,"✓")+COUNTIF(AP103:AT103,"x")))*0.05 + (COUNTIF(AU103:BB103,"✓")/(COUNTIF(AU103:BB103,"✓")+COUNTIF(AU103:BB103,"x")))*0.1 + (COUNTIF(BC103:BC103,"✓")/(COUNTIF(BC103:BC103,"✓")+COUNTIF(BC103:BC103,"x")))*0.05 ) -> #DIV/0!
