Workbook

Sheet Overall IR Status
A1: Overall IR Status
A3: Sr. No | B3: Contractor Name | C3: IR Status | D3: I Tower | E3: L1 Tower | F3: L2 Tower | G3: External Development
A4: 1 | B4: ICPL | C4: 1. Fully Approved | D4: ='I Tower ICPL IR log'!L3 -> 956 | E4: ='ICPL L1 Tower IR'!L4 -> 689 | F4: ='L2 Tower ICPL'!L3 -> 799
C5: 2. Approved with comments (B) | D5: ='I Tower ICPL IR log'!L4 -> 2 | E5: ='ICPL L1 Tower IR'!L5 -> 3 | F5: ='L2 Tower ICPL'!L4 -> 5
C6: 3. Rejected (R) | D6: ='I Tower ICPL IR log'!L5 -> 2 | E6: ='ICPL L1 Tower IR'!L6 -> 1 | F6: ='L2 Tower ICPL'!L5 -> 0
C7: 4. Open/Pending (OP) | D7: ='I Tower ICPL IR log'!L6 -> 0 | E7: ='ICPL L1 Tower IR'!L7 -> 0 | F7: ='L2 Tower ICPL'!L6 -> 3
C8: 5. Total | D8: ='I Tower ICPL IR log'!L7 -> 960 | E8: ='ICPL L1 Tower IR'!L8 -> 693 | F8: ='L2 Tower ICPL'!L7 -> 807
A9: 2 | B9: IIL | C9: 1. Fully Approved | D9: ='ICPL L1 Tower IR'!L4 -> 689 | E9: ='IIL L1 Tower IR'!L3 -> 119
C10: 2. Approved with comments (B) | D10: ='ICPL L1 Tower IR'!L5 -> 3 | E10: ='IIL L1 Tower IR'!L4 -> 54
C11: 3. Rejected (R) | D11: ='ICPL L1 Tower IR'!L6 -> 1 | E11: ='IIL L1 Tower IR'!L5 -> 1
C12: 4. Open/Pending (OP) | D12: ='ICPL L1 Tower IR'!L7 -> 0 | E12: ='IIL L1 Tower IR'!L6 -> 2
C13: 5. Total | D13: ='ICPL L1 Tower IR'!L8 -> 693 | E13: ='IIL L1 Tower IR'!L7 -> 176
A14: 3 | B14: GE | C14: 1. Fully Approved | D14: 0 | E14: ='GE L1 Tower'!L3 -> 636 | F14: ='GE L2 Tower '!L3 -> 663 | G14: ='GE SOG'!L3 -> 13
C15: 2. Approved with comments (B) | D15: ='GE I Tower'!L4 -> 333 | E15: ='GE L1 Tower'!L4 -> 43 | F15: ='GE L2 Tower '!L4 -> 73 | G15: ='GE SOG'!L4 -> 0
C16: 3. Rejected (R) | D16: ='GE I Tower'!L5 -> 82 | E16: ='GE L1 Tower'!L5 -> 55 | F16: ='GE L2 Tower '!L5 -> 19 | G16: ='GE SOG'!L5 -> 0
C17: 4. Open/Pending (OP) | D17: ='GE I Tower'!L6 -> 32 | E17: ='GE L1 Tower'!L6 -> 32 | F17: ='GE L2 Tower '!L6 -> 19 | G17: ='GE SOG'!L6 -> 0
C18: 5. Total | D18: ='GE I Tower'!L7 -> 1401 | E18: ='GE L1 Tower'!L7 -> 766 | F18: ='GE L2 Tower '!L7 -> 774 | G18: ='GE SOG'!L7 -> 13
A19: 4 | B19: Ezy Mix | C19: 1. Fully Approved | D19: ='Ezymix I Tower'!L3 -> 163 | G19: ='Ezymix I Tower'!L3 -> 163
C20: 2. Approved with comments (B) | D20: ='Ezymix I Tower'!L4 -> 37 | G20: ='Ezymix I Tower'!L4 -> 37
C21: 3. Rejected (R) | D21: ='Ezymix I Tower'!L5 -> 20 | G21: ='Ezymix I Tower'!L5 -> 20
C22: 4. Open/Pending (OP) | D22: ='Ezymix I Tower'!L6 -> 16 | G22: ='Ezymix I Tower'!L6 -> 16
C23: 5. Total | D23: ='Ezymix I Tower'!L7 -> 236 | G23: ='Ezymix I Tower'!L7 -> 236
A24: 5 | B24: QE | C24: 1. Fully Approved | D24: ='QE I Tower'!L3 -> 222 | G24: ='QE I Tower'!L3 -> 222
C25: 2. Approved with comments (B) | D25: ='QE I Tower'!L4 -> 164 | G25: ='QE I Tower'!L4 -> 164
C26: 3. Rejected (R) | D26: ='QE I Tower'!L5 -> 4 | G26: ='QE I Tower'!L5 -> 4
C27: 4. Open/Pending (OP) | D27: ='QE I Tower'!L6 -> 14 | G27: ='QE I Tower'!L6 -> 14
C28: 5. Total | D28: ='QE I Tower'!L7 -> 404 | G28: ='QE I Tower'!L7 -> 404
A29: 6 | B29: Captive Aire | C29: 1. Fully Approved | D29: ='Captive Air I Tower'!L3 -> 25
C30: 2. Approved with comments (B) | D30: ='Captive Air I Tower'!L4 -> 7
C31: 3. Rejected (R) | D31: ='Captive Air I Tower'!L5 -> 3
C32: 4. Open/Pending (OP) | D32: ='Captive Air I Tower'!L6 -> 0
C33: 5. Total | D33: ='Captive Air I Tower'!L7 -> 35
A34: 7 | B34: Al Hamd | C34: 1. Fully Approved | D34: ='Al Hamd'!L3 -> 48
C35: 2. Approved with comments (B) | D35: ='Al Hamd'!L4 -> 0
C36: 3. Rejected (R) | D36: ='Al Hamd'!L5 -> 2
C37: 4. Open/Pending (OP) | D37: ='Al Hamd'!L6 -> 1
C38: 5. Total | D38: ='Al Hamd'!L7 -> 51
A39: 8 | B39: Rayyan Associates | C39: 1. Fully Approved | D39: ='Rayyan I tower'!L3 -> 121
C40: 2. Approved with comments (B) | D40: ='Rayyan I tower'!L4 -> 1
C41: 3. Rejected (R) | D41: ='Rayyan I tower'!L5 -> 1
C42: 4. Open/Pending (OP) | D42: ='Rayyan I tower'!L6 -> 9
C43: 5. Total | D43: ='Rayyan I tower'!L7 -> 132
A44: 9 | B44: EPN | C44: 1. Fully Approved | D44: =EPN!L3 -> 0
C45: 2. Approved with comments (B) | D45: =EPN!L4 -> 1
C46: 3. Rejected (R) | D46: =EPN!L5 -> 0
C47: 4. Open/Pending (OP) | D47: =EPN!L6 -> 1
C48: 5. Total | D48: =EPN!L7 -> 2
A49: 10 | B49: Group star | C49: 1. Fully Approved | D49: ='Group Star'!L3 -> 28
C50: 2. Approved with comments (B) | D50: ='Group Star'!L4 -> 7
C51: 3. Rejected (R) | D51: ='Group Star'!L5 -> 4
C52: 4. Open/Pending (OP) | D52: ='Group Star'!L6 -> 1
C53: 5. Total | D53: ='Group Star'!L7 -> 40
A54: 11 | B54: Buildko | C54: 1. Fully Approved | D54: =Buildko!L3 -> 8
C55: 2. Approved with comments (B) | D55: =Buildko!L4 -> 0
C56: 3. Rejected (R) | D56: =Buildko!L5 -> 0
C57: 4. Open/Pending (OP) | D57: =Buildko!L6 -> 0
C58: 5. Total | D58: =Buildko!L7 -> 8
A59: 12 | B59: Rock Stone | C59: 1. Fully Approved | D59: ='Rock Stone'!L3 -> 214
C60: 2. Approved with comments (B) | D60: ='Rock Stone'!L4 -> 155
C61: 3. Rejected (R) | D61: ='Rock Stone'!L5 -> 96
C62: 4. Open/Pending (OP) | D62: ='Rock Stone'!L6 -> 19
C63: 5. Total | D63: ='Rock Stone'!L7 -> 484
A64: 13 | B64: Elegant Engineering | C64: 1. Fully Approved | D64: ='Elegant Engineering'!L3 -> 17
C65: 2. Approved with comments (B) | D65: ='Elegant Engineering'!L4 -> 0
C66: 3. Rejected (R) | D66: ='Elegant Engineering'!L5 -> 9
C67: 4. Open/Pending (OP) | D67: ='Elegant Engineering'!L6 -> 6
C68: 5. Total | D68: ='Elegant Engineering'!L7 -> 32
A69: 14 | B69: Aizdi | C69: 1. Fully Approved | D69: ='Aizdi '!L3 -> 1
C70: 2. Approved with comments (B) | D70: ='Aizdi '!L4 -> 0
C71: 3. Rejected (R) | D71: ='Aizdi '!L5 -> 0
C72: 4. Open/Pending (OP) | D72: ='Aizdi '!L6 -> 0
C73: 5. Total | D73: ='Aizdi '!L7 -> 1
A74: 15 | B74: Archtive | C74: 1. Fully Approved | D74: ='Archtive IT'!L3 -> 57
C75: 2. Approved with comments (B) | D75: ='Archtive IT'!L4 -> 41
C76: 3. Rejected (R) | D76: ='Archtive IT'!L5 -> 4
C77: 4. Open/Pending (OP) | D77: ='Archtive IT'!L6 -> 4
C78: 5. Total | D78: ='Archtive IT'!L7 -> 106
A79: 16 | B79: Cybersol | C79: 1. Fully Approved | E79: ='Cybersol L1 Tower'!L3 -> 26
C80: 2. Approved with comments (B) | E80: ='Cybersol L1 Tower'!L4 -> 1
C81: 3. Rejected (R) | E81: ='Cybersol L1 Tower'!L5 -> 10
C82: 4. Open/Pending (OP) | E82: ='Cybersol L1 Tower'!L6 -> 33
C83: 5. Total | E83: ='Cybersol L1 Tower'!L7 -> 70
A84: 17 | B84: Rex Engineering | C84: 1. Fully Approved | D84: ='Rex Engg Chiseling'!L3 -> 4
C85: 2. Approved with comments (B) | D85: ='Rex Engg Chiseling'!L4 -> 0
C86: 3. Rejected (R) | D86: ='Rex Engg Chiseling'!L5 -> 2
C87: 4. Open/Pending (OP) | D87: ='Rex Engg Chiseling'!L6 -> 0
C88: 5. Total | D88: ='Rex Engg Chiseling'!L7 -> 6

Sheet GE L1 Tower
C1: PROJECT: CONSTRUCTION OF LAKE CITY ROOF GARDEN APARTMENTS
J2: IR STATUS
D3: INSPECTION REQUEST LOG (L1 Tower) | J3: Fully Approved (A) | L3: =COUNTIFS(K:K,"A") -> 636
J4: Approved with comments (B) | L4: =COUNTIFS(K:K, "B") -> 43
J5: Rejected ( R) | L5: =COUNTIFS(K:K, "R") -> 55
J6: Open/Pending (OP) | L6: =COUNTIFS(K:K, "OP") -> 32
J7: Total | L7: =SUM(L3:L6) -> 766
A9: Sr. | B9: Work Package | C9: Floor | D9: IR No. | E9: Submission date | F9: Inspection Date | G9: Element | H9: Activity Description | I9: Level | J9: Location/ Grid Ref | K9: IR Status | L9: IR Closing date | M9: Pour Card No. | N9: Concrete Qty (m3) | O9: Remarks
B10: I TOWER
A11: 1 | B11: Sub Structure | C11: basement | D11: LT-1-001 | E11: 45486 | F11: 45486 | G11: formwork | H11: Check internal walls formwork of rain water tank Zone 4 | I11: (-11.75) | J11: Grid L-S/26-26 | K11: B | L11: 45491
A12: 2 | B12: Sub Structure | C12: basement | D12: LT-1-002 | E12: 45493 | F12: 45493 | G12: formwork | H12: Check internal walls of septic tank formwork Zone 3 & 4 | I12: (-11.75) | J12: Grid F-L/26-26 | K12: B | L12: 45496
A13: 3 | B13: Sub Structure | C13: basement | D13: LT-1-003 | E13: 45495 | F13: 45495 | G13: formwork | H13: Check internal walls of rain water harvesting tank formwork Zone 4 | I13: (-11.75) | J13: Grid A-T/26-26 | K13: B | L13: 45496
A14: 4 | B14: Sub Structure | C14: Basement | D14: LT-1-004 | E14: 45509 | F14: 45509 | G14: formwork | H14: Check SOG & slab formwork of rain water harvesting tank Zone 4 | I14: (+0.0) | J14: Grid L-T/26-26 | K14: B | L14: 45511
A15: 5 | B15: Sub Structure | C15: Basement | D15: LT-1-005 | E15: 45523 | F15: 45523 | G15: formwork | H15: Check formwork for SOG & slab of septic tank Zone 4 | I15: (+0.0) | J15: Grid G-L/26-26 | K15: A | L15: 45525
A16: 6 | B16: Sub Structure | C16: 1st floor | D16: LT-1-006 | E16: 45526 | F16: 45526 | G16: layout | H16: Check layout & allow to start brick work on external sides Zone 5 | I16: (+19.0) | J16: Grid N-U/14-20 | K16: A | L16: 45528
A17: 7 | B17: Sub Structure | C17: 1st floor | D17: LT-1-007 | E17: 45528 | F17: 45528 | G17: layout | H17: Check layout & allow to start brick work on external sides of building Zone 4 | I17: (+19.0) | J17: Grid G-U/20-26 | K17: OP
A18: 8 | B18: Sub Structure | C18: 2nd floor | D18: LT-1-008 | E18: 45538 | F18: 45538 | G18: layout | H18: Check layout & allow to start brick work on external sides Zone 4 & 5 | I18: (+30.0) | J18: Grid N-U/14-26 | K18: A | L18: 45544
A19: 9 | B19: Sub Structure | C19: 2nd floor | D19: LT-1-009 | E19: 45539 | F19: 45539 | G19: layout | H19: Check layout & allow to start brick work on external sides Zone 4 & 5 | I19: (+30.0) | J19: Grid G-U/20-26 | K19: A | L19: 45544
A20: 10 | B20: Sub Structure | C20: 3rd floor | D20: LT-1-010 | E20: 45543 | F20: 45543 | G20: layout | H20: Check layout and allow to start brick work Zone 5 | I20: (+41.0) | J20: Grid N-U/14-20 | K20: B | L20: 45545
A21: 11 | B21: Sub Structure | C21: 3rd floor | D21: LT-1-011 | E21: 45546 | F21: 45547 | G21: layout | H21: Check layout & allow to start brick work | I21: (+41.0) | J21: Grid G-U/20-26 | K21: A | L21: 45551
A22: 12 | B22: Sub Structure | C22: 4th floor | D22: LT-1-012 | E22: 45546 | F22: 45547 | G22: layout | H22: Check layout and allow to start brick work Zone 4 & 5 | I22: (+52.0) | J22: Grid G-U/14-26 | K22: A | L22: 45551
A23: 13 | B23: Sub Structure | C23: 1st floor | D23: LT-1-013 | E23: 45547 | F23: 45547 | G23: brick work | H23: Check brick work on external sides of building in Zone 4 & 5 | I23: (+19.0) | J23: Grid G-U/14-26 | K23: B | L23: 45559
A24: 14 | B24: Sub Structure | C24: 3rd Floor | D24: LT-1-014 | E24: 45549 | F24: 45549 | G24: formwork | H24: Check formwork for slab & beam of balcony zone 5 | I24: (+18.75) | J24: Grid U/16-17, U/18-19 | K24: A | L24: 45553
A25: 15 | B25: Sub Structure | C25: 1st floor | D25: LT-1-015 | E25: 45549 | F25: 45549 | G25: reinforcement | H25: Check slab & beam reinforcement & allow to start concrete | I25: (+18.75) | J25: Grid U/16-17, U/18-19 | K25: A | L25: 45553
A26: 16 | B26: Sub Structure | C26: 5th floor | D26: LT-1-016 | E26: 45551 | F26: 45551 | G26: layout | H26: Check layout & allow to start brick work on external sides of building Zone 5 | I26: (+63.0) | J26: Grid N-U/14-20 | K26: A | L26: 45555
A27: 17 | B27: Sub Structure | C27: 5th floor | D27: LT-1-017 | E27: 45551 | F27: 45551 | G27: layout | H27: Check layout & allow to start brick work zone 4 | I27: (+63.0) | J27: Grid G-U/20-26 | K27: A | L27: 45559
A28: 18 | B28: Sub Structure | C28: 7th floor | D28: LT-1-018 | E28: 45558 | F28: 45558 | G28: layout | H28: Check layout and allow to start brick work zone 4 & 5 | I28: (+85.0) | J28: Grid G-U/15-26 | K28: A | L28: 45561
A29: 19 | B29: Sub Structure | C29: 8th floor | D29: LT-1-019 | E29: 45558 | F29: 45558 | G29: layout | H29: Check layout & allow to start brick work zone 5 | I29: (+96.0) | J29: Grid M-U/15-19 | K29: A | L29: 45561
... A54: 44 | B54: Sub Structure | C54: 2nd floor | D54: LT-1-044 | E54: 45584 | F54: 45584 | G54: brick work | H54: Check layout & allow to start brick work of building zone 4 | I54: (+30.0) | J54: Grid K-R/20-26 | K54: A | L54: 45589
B55: Sub Structure | C55: 2nd floor | D55: LT-1-044 A | E55: 45587 | F55: 45587 | G55: layout | H55: Check layout and allow to start brick work Zone 4 | I55: (+30.0) | J55: Grid R-U/14-20, G-R/23-26 | K55: A | L55: 45589
A56: 45 | B56: Sub Structure | C56: 1st floor | D56: LT-1-045 | E56: 45586 | F56: 45586 | G56: formwork | H56: Check slab/beam formwork in balcony zone 4 | I56: (+18.75) | J56: Grid U/21-23 | K56: A | L56: 45596
A57: 46 | B57: Sub Structure | C57: 1st floor | D57: LT-1-046 | E57: 45586 | F57: 45586 | G57: reinforcement | H57: Check slab/beam reinforcement of balcony & allow to start concrete work zone 4 | I57: (+18.75) | J57: Grid U/21-23 | K57: A | L57: 45596
A58: 47 | B58: Sub Structure | C58: 1st floor | D58: LT-1-047 | E58: 22-Oct*-24 | F58: 22-Oct*-24 | G58: reinforcement | H58: Check slab & beam reinforcement and allow to start concrete work | I58: (+18.75) | J58: Grid U/24-26 | K58: A | L58: 45589
A59: 48 | B59: Sub Structure | C59: 1st floor | D59: LT-1-048 | E59: 22-Oct*-24 | F59: 22-Oct*-24 | G59: formwork | H59: Check slab & beam formwork zone 4 | I59: (+18.75) | J59: Grid U/24-26 | K59: A | L59: 45589
A60: 49 | B60: Sub Structure | C60: 3rd floor | D60: LT-1-049 | E60: 45588 | F60: 45589 | G60: formwork | H60: Check leftover formwork of balcony zone 5 | I60: (+40.75) | J60: Grid U/18-19, U/16-17 | K60: A | L60: 45596
A61: 50 | B61: Sub Structure | C61: 3rd floor | D61: LT-1-050 | E61: 45588 | F61: 45589 | G61: reinforcement | H61: Check slab and beam reinforcement and allow to start concrete zone 5 | I61: (+40.75) | J61: Grid U/18-19, U/16-17 | K61: A | L61: 45596
A62: 51 | B62: Sub Structure | C62: 2nd floor | D62: LT-1-051 | E62: 45588 | F62: 45588 | G62: reinforcement | H62: Check RCC Lintel reinforcement and allow to start concrete work | I62: (+30.0) | K62: A | L62: 45589
A63: 52 | B63: Sub Structure | C63: GF | D63: LT-1-052 | E63: 45589 | F63: 45589 | G63: layout | H63: Check layout and allow to start brick work zone 5 | I63: (+2.0) | J63: Grid N-S/15-20 | K63: A | L63: 45596
A64: 53 | B64: Sub Structure | C64: 1st floor | D64: LT-1-053 | E64: 45590 | F64: 45590 | G64: reinforcement | H64: Check vertical band reinforcement & allow to start formwork | I64: (+18.75) | J64: Grid U/21-23, U/24-26 | K64: A | L64: 45593
A65: 54 | B65: Sub Structure | C65: 1st floor | D65: LT-1-054 | E65: 45591 | F65: 45591 | G65: formwork | H65: Check vertical band formwork & allow to start concrete work | I65: (+18.75 to +29.75) | J65: Grid U/21-23 | K65: A | L65: 45602
A66: 55 | B66: Sub Structure | C66: 1st floor | D66: LT-1-055 | E66: 45593 | F66: 45593 | G66: formwork | H66: Check vertical band formwork and allow to start concrete work | I66: (+18.75 to +29.75) | J66: Grid U/24-26 | K66: A | L66: 45602
A67: 56 | B67: Sub Structure | C67: 2nd floor | D67: LT-1-056 | E67: 45593 | F67: 45593 | G67: formwork | H67: Check leftover slab/beam formwork and allow to start concrete work zone 4 | I67: (+29.75) | J67: Grid U/21-23 | K67: A | L67: 45596
A68: 57 | B68: Sub Structure | C68: 2nd floor | D68: LT-1-057 | E68: 45594 | F68: 45594 | G68: formwork | H68: Check vertical band formwork and allow to start concrete work | I68: (+29.75 to +40.75) | J68: Grid U/21-23, | K68: A | L68: 45602
A69: 58 | B69: Sub Structure | C69: 2nd floor | D69: LT-1-058 | E69: 45594 | F69: 45594 | G69: reinforcement | H69: Check vertical band reinforcement and allow to start formwork | I69: (+29.75) | J69: Grid U/21-23 | K69: A | L69: 45596
A70: 59 | B70: Sub Structure | C70: 2nd floor | D70: LT-1-059 | E70: 45596 | F70: 45596 | G70: formwork | H70: Check leftover slab/beam formwork and allow to start concrete zone 4 | I70: (+29.75) | J70: Grid U/24-26 | K70: A | L70: 45602
A71: 60 | B71: Sub Structure | C71: 3rd Floor | D71: LT-1-060 | E71: 45597 | F71: 45597 | G71: reinforcement | H71: Check vertical band rienforcement and allow to start formwork | I71: (+40.75) | J71: Grid U/18-19 | K71: A | L71: 45602
A72: 61 | B72: Sub Structure | C72: 3rd floor | D72: LT-1-061 | E72: 45597 | F72: 45597 | G72: formwork | H72: Check vertical band formwork and allow to start concrete work | I72: (+40.75 to +51.75) | J72: Grid U/18-19 | K72: A | L72: 45602
A73: 62 | B73: Sub Structure | C73: 3rd floor | D73: LT-1-062 | E73: 45598 | F73: 45598 | G73: reinforcement | H73: Check vertical band reinforcement and allow to start formwork | I73: (+40.75) | J73: Grid U/16-17 | K73: A | L73: 45602
A74: 63 | B74: Sub Structure | C74: 2nd floor | D74: LT-1-063 | E74: 45598 | F74: 45598 | G74: reinforcement | H74: Check vertical band rienforcement and allow to start formwork | I74: (+29.75) | J74: Grid U/24-26 | K74: A | L74: 45602
... A76: 65 | B76: Sub Structure | C76: 1st floor | D76: LT-1-065 | E76: 45598 | F76: 45598 | G76: reinforcement | H76: Check reinforcement and formwork for leftover slab/beam of balcony zone 5 | I76: (+18.75) | J76: Grid U/14-16 | K76: A | L76: 45602
A77: 66 | B77: Sub Structure | C77: 5th Floor | D77: LT-1-066
A78: 67 | B78: Sub Structure | C78: 3rd floor | D78: LT-1-067 | E78: 45600 | F78: 45600 | G78: formwork | H78: Check vertical band formwork an and allow to start concrete work | I78: (+40.75 to +51.75) | J78: Grid U/16-17 | K78: A | L78: 45602
A79: 68 | B79: Sub Structure | C79: 3rd floor | D79: LT-1-068 | E79: 45602 | F79: 45602 | G79: reinforcement | H79: Check vertical band reinforcement and allow to start formwork | I79: (+40.75) | J79: Grid U/21-23 | K79: A | L79: 45610
A80: 69 | B80: Sub Structure | C80: 3rd floor | D80: LT-1-069 | E80: 45602 | F80: 45602 | G80: formwork | H80: Check vertical band formwork and allow to start concrete work | I80: (+40.75 to +51.75) | J80: Grid U/21-23 | K80: A | L80: 45610
A81: 70 | B81: Sub Structure | C81: 4th floor | D81: LT-1-070 | E81: 45602 | F81: 45602 | G81: reinforcement | H81: Check reinforcement and formwork for leftover slab/beam of balcony an | I81: (+51.75) | J81: Grid U/18-19 | K81: A | L81: 45610
A82: 71 | B82: Sub Structure | C82: 3rd floor | D82: LT-1-071 | E82: 45607 | F82: 45607 | G82: reinforcement | H82: Check reinforcement & formwork for leftover and allow to start concrete work | I82: (+40.75) | J82: Grid u/24-26 | K82: A | L82: 45609
A83: 72 | B83: Sub Structure | C83: 1st floor | D83: LT-1-072 | E83: 45604 | F83: 45605 | G83: layout | H83: Check layout & allow to start brick work zone 4 & 5 | I83: (+19.0) | J83: Grid R-U/17-24 | K83: A | L83: 45607
A84: 73 | B84: Sub Structure | C84: 4th floor | D84: LT-1-073 | E84: 45607 | F84: 45607 | G84: reinforcement | H84: Check vertical band reinforcement and allow to start formwork | I84: (+51.75) | J84: Grid U/16-17, U/18-19, U/21-23 | K84: A | L84: 45609
A85: 74 | B85: Sub Structure | C85: 1st floor | D85: LT-1-074 | E85: 45607 | F85: 45607 | G85: layout | H85: Check layout and allow to start brick work on internal sides zone 4 | I85: (+19.0) | J85: Grid G-N/19-23 | K85: A | L85: 45614
A86: 75 | B86: Sub Structure | C86: 3rd floor | D86: LT-1-075 | E86: 45609 | F86: 45609 | G86: reinforcement | H86: Check vertical band rienforcement and allow to start formwork | I86: (+40.75) | J86: Grid U/24-26 | K86: A | L86: 45614
A87: 76 | B87: Sub Structure | C87: 3rd floor | D87: LT-1-076 | E87: 45609 | F87: 45610 | G87: formwork | H87: Check vertical band formwork and allow to start concrete work | I87: (+40.75 to +51.75) | J87: Grid U/24-26 | K87: A | L87: 45628
A88: 77 | B88: Sub Structure | C88: 4th floor | D88: LT-1-077 | E88: 45612 | F88: 45612 | G88: formwork | H88: Check vertical band formwork and allow to start concrete work | I88: (+51.75 to +62.75) | J88: Grid U/18-19 | K88: A | L88: 45618
A89: 78 | B89: Sub Structure | C89: 1st floor | D89: LT-1-078 | E89: 45626 | F89: 45626 | G89: layout | H89: Check layout & allow to start brick masonry on internal sides zone 4 | I89: (+19.0) | J89: Grid Q-J/23-26 | K89: A | L89: 45628
... A93: 82 | B93: Sub Structure | C93: 4th floor | D93: LT-1-082 | E93: 45628 | F93: 45626 | G93: formwork | H93: Check vertical band formwork and allow to start concrete work zone 4 | I93: (+51.75) | J93: Grid U/24-26 | K93: A | L93: 45636
A94: 83 | B94: Sub Structure | C94: 4th floor | D94: LT-1-083 | E94: 45628 | F94: 45629 | G94: reinforcement | H94: Check vertical band reinforcement and allow to start formwork zone 5 | I94: (+51.75) | J94: Grid U/16-17 | K94: OP
A95: 84 | B95: Sub Structure | C95: 5th Floor | D95: LT-1-084 | E95: 45630 | F95: 45630 | G95: reinforcement | H95: Check reinforcement and formwork of leftover slab and allow to start concrete z-5 | I95: (+63.75) | J95: Grid U/18-19 | K95: A | L95: 45636
A96: 85 | B96: Sub Structure | C96: 4th floor | D96: LT-1-085 | E96: 45630 | F96: 45631 | G96: formwork | H96: Check vertical band formwork and allow to start concrete zone 5 | I96: (+51.75) | J96: Grid U/16-17 | K96: A | L96: 45636
A97: 86 | B97: Sub Structure | C97: 5th floor | D97: LT-1-086 | E97: 45632 | F97: 45633 | G97: reinforcement | H97: Check formwork and reinforcement slab/beam and allow to start concrete work z-5 | I97: (+63.75) | J97: Grid U/21-23 | K97: A | L97: 45636
A98: 87 | B98: Sub Structure | C98: 5th floor | D98: LT-1-087 | E98: 45635 | F98: 45635 | G98: reinforcement | H98: Check reinforcement and formwrok of slab and allow to start concrete work | I98: (+63.75) | J98: Grid U/24-26 | K98: A | L98: 45642
A99: 88 | B99: Sub Structure | C99: 5th floor | D99: LT-1-088 | E99: 45635 | F99: 45635 | G99: formwork | H99: Check vertical band formwork and allow to start concrete work | I99: (+52.75) | J99: Grid U/18-19 | K99: A | L99: 45642
A100: 89 | B100: Sub Structure | C100: 5th floor | D100: LT-1-089 | E100: 45636 | F100: 45636 | G100: reinforcement | H100: check vertical bend reinforcement and allow to start formwork | I100: (+62.75) | J100: Grid U/21-23 | K100: A | L100: 45636
A101: 90 | B101: Sub Structure | C101: 5th floor | D101: LT-1-090 | E101: 45637 | F101: 45637 | G101: reinforcement | H101: Check reinforcement and formwork of leftover slab and allow to start concrete z-5 | I101: (+63.75) | J101: grid U/16-17 | K101: A | L101: 45637
A102: 91 | B102: Sub Structure | C102: 1st floor | D102: LT-1-091 | E102: 45637 | F102: 45637 | G102: reinforcement | H102: Check vertical bend reinforcement and allow to start formwork | I102: (+18.75) | J102: Grid U/21-23 | K102: B | L102: 45637
A103: 92 | B103: Sub Structure | C103: 5th floor | D103: LT-1-092 | E103: 45638 | F103: 45638 | G103: formwork | H103: Check vertical bend formwork and allow to start concrete | I103: (+62.75) | J103: Grid U/21-23 | K103: A | L103: 45645
A104: 93 | B104: Sub Structure | C104: 5th floor | D104: LT-1-093 | E104: 45638 | F104: 45638 | G104: reinforcement | H104: Check vertical bend reinforcement and allow to start formwork | I104: (+62.75) | J104: Grid U/24-26 | K104: B | L104: 45638
A105: 94 | B105: Sub Structure | C105: 5th floor | D105: LT-1-094 | E105: 45640 | F105: 45640 | G105: formwork | H105: Check vertical bend formwork and allow to start concrete | I105: (+62.75) | J105: Grid U/24-26 | K105: A | L105: 45645
A106: 95 | B106: Sub Structure | C106: 6th floor | D106: LT-1-095 | E106: 45641 | F106: 45641 | G106: reinforcement | H106: Check reinforcement and formwork of leftover slab and allow to start concrete | I106: (+73.75) | J106: Grid U/21-23 | K106: A | L106: 45642
... A127: 116 | B127: Sub Structure | C127: 4th floor | D127: LT-1-116 | E127: 45658 | F127: 45659 | G127: layout | H127: Check layout and allow to start brick work on internal sides of building | I127: (+52.0) | J127: Grid G-N/19-23 | K127: A | L127: 45662
A128: 117 | B128: Sub Structure | C128: GF | D128: LT-1-117 | E128: 45656 | F128: 45654 | G128: brick wrok | H128: Check brick work on internal sides of building | J128: Grid M-S/15-26 | K128: A | L128: 45664
A129: 118 | B129: Sub Structure | C129: 7th floor | D129: LT-1-118 | E129: 45654 | F129: 45654 | G129: reinforcement | H129: Check vertical bend reinforcement and allow to start formwork | I129: (+84.75) | J129: Grid U/18-19 | K129: A | L129: 45657
A130: 119 | B130: Sub Structure | C130: 7th floor | D130: LT-1-119 | E130: 45655 | F130: 45655 | G130: reinforcement | H130: Check rienforcement and formwork of leftover slab and allow to start concrete | I130: (+84.75) | J130: Grid U/16-17 | K130: A | L130: 45659
A131: 120 | B131: Sub Structure | C131: 3rd floor | D131: LT-1-120 | E131: 45654 | F131: 45654 | G131: layout | H131: Check layout and allow to start brick work on internal sides of building | I131: (+41.0) | J131: Grid R-U/15-18, G-L/20-23 | K131: A | L131: 45659
A132: 121 | B132: Sub Structure | C132: 7th floor | D132: LT-1-121 | E132: 45656 | F132: 45656 | G132: reinforcement | H132: Check vertical bend rienforcement and allow to start formwork | I132: (+84.75) | J132: Grid U/16-17 | K132: A | L132: 45657
A133: 122 | B133: Sub Structure | C133: 7th floor | D133: LT-1-122 | E133: 45656 | F133: 45656 | G133: formwork | H133: Check vertical bend formwork and allow to start concrete work | I133: (+84.75) | J133: Grid U/18-19 | K133: A | L133: 45659
A134: 123 | B134: Sub Structure | C134: 7th floor | D134: LT-1-123 | E134: 45656 | F134: 45656 | G134: formwork | H134: Check reinforcement and formwork of leftover slab and allow to start concrete | I134: (+84.75) | J134: Grid U/24-26 | K134: A | L134: 45659
A135: 124 | B135: Sub Structure | C135: 8th floor | D135: LT-1-124 | E135: 45658 | F135: 45658 | G135: reinforcement | H135: Check reinforcement and formwork of beam/nib and allow to start concrete | I135: (+95.75) | J135: Grid U/21-23 | K135: B | L135: 45668
A136: 125 | B136: Sub Structure | C136: 7th floor | D136: LT-1-125 | E136: 45658 | F136: 45658 | G136: formwork | H136: Check formwork of vertical bend and allow to start concrete work | I136: (+84.75) | J136: Grid U/16-17 | K136: A | L136: 45664
A137: 126 | B137: Sub Structure | C137: 1st floor | D137: LT-1-126 | E137: 45670 | F137: 45670 | G137: brick work | H137: Check brick work on internal sides of building | I137: (+19.0) | J137: Grid G-U/15-26 | K137: A | L137: 45674
D138: LT-1-126 R01 | E138: 45912 | F138: 45912 | G138: brick work | H138: Check brick work on internal sides of building | J138: Grid G-U/15-26 | K138: A | L138: 45912
A139: 127 | B139: Sub Structure | C139: 2nd floor | D139: LT-1-127 | E139: 45670 | F139: 45670 | G139: brick work | H139: Check brick work on internal sides of building | I139: (+30.0) | J139: Grid G-U/15-26 | K139: A | L139: 45674
A140: 128 | B140: Sub Structure | C140: GF | D140: LT-1-128 | E140: 45659 | F140: 45659 | G140: formwork | H140: Check front platform wall formwork and allow to start concrete work | J140: Grid N/15-20 | K140: B | L140: 45662
A141: 129 | B141: Sub Structure | C141: 7th floor | D141: LT-1-129 | E141: 45660 | F141: 45660 | G141: reinforcement | H141: check vertical band reinforcement and allow to start formwork | I141: (+84.75) | J141: Grid U/24-26 | K141: A | L141: 45660
A142: 130 | B142: Sub Structure | C142: 8th floor | D142: LT-1-130 | E142: 45660 | F142: 45660 | G142: reinforcement | H142: Check reinforcement and formwork of nib beam and allow to start concrete work | I142: (+95.75) | J142: Grid U/18-19 | K142: A | L142: 45668
A143: 131 | B143: Sub Structure | C143: 7th floor | D143: LT-1-131 | E143: 45661 | F143: 45661 | G143: formwork | H143: Check vertical band formwrok and allow to start concreteq | I143: (+84.75) | J143: Grid U/24-26 | K143: A | L143: 45668
A144: 132 | B144: Sub Structure | C144: 8th floor | D144: LT-1-132 | E144: 45661 | F144: 45661 | G144: reinforcement | H144: Check reinforcement and formwork of beam/nib and allow to start concrete | I144: (+95.75) | J144: grid U/16-17 | K144: B | L144: 45663
A145: 133 | B145: Sub Structure | C145: 8th floor | D145: LT-1-133 | E145: 45662 | F145: 45662 | G145: reinforcement | H145: Check reinforcement and formwork of leftover slab and allow to start concrete | I145: (+95.75) | J145: Grid U/21-23 | K145: A | L145: 45668
B146: Sub Structure | C146: 8th floor | D146: LT-1-134 | E146: 45663 | F146: 45663 | G146: reinforcement | H146: check leftover slab reinforcement and allow to start formwork | I146: (+95.75) | J146: Grid U/18-19 | K146: A | L146: 45663
B147: Sub Structure | C147: 8th floor | D147: LT-1-135 | E147: 45664 | F147: 45664 | G147: reinforcement | H147: Check reinforcement and formwork of leftover slab and allow to start concrete | I147: (+95.75) | J147: Grid U/16-17 | K147: B | L147: 45668
B148: Sub Structure | C148: 8th floor | D148: LT-1-136 | E148: 45664 | F148: 45664 | G148: formwork | H148: Check leftover slab formwork and allow to start concrete | I148: (+95.75) | J148: Grid U/18-19 | K148: A | L148: 45668
B149: Sub Structure | C149: 8th floor | D149: LT-1-137 | E149: 45664 | F149: 45665 | G149: reinforcement | H149: check vertical band reinforcement and allow to start formwork | I149: (+95.75) | J149: Grid U/21-23 | K149: A | L149: 45666
...

Sheet I Tower ICPL IR log
C1: PROJECT: CONSTRUCTION OF LAKE CITY ROOF GARDEN APARTMENTS
J2: IR STATUS
D3: INSPECTION REQUEST LOG (I Tower) | J3: Fully Approved (A) | L3: =COUNTIFS(K:K,"A") -> 956
J4: Approved with comments (B) | L4: =COUNTIFS(K:K, "B") -> 2
J5: Rejected ( R) | L5: =COUNTIFS(K:K, "R") -> 2
J6: Open/Pending (OP) | L6: =COUNTIFS(K:K, "OP") -> 0
J7: Total | L7: =SUM(L3:L6) -> 960
A9: Sr. | B9: Work Package | C9: Floor | D9: IR No. | E9: Submission date | F9: Inspection Date | G9: Element | H9: Activity Description | I9: Level | J9: Location/ Grid Ref | K9: IR Status | L9: IR Closing date | M9: Pour Card No. | N9: Concrete Qty (m3) | O9: Remarks
B10: I TOWER
A11: 1 | B11: Sub Structure | C11: Basement | D11: IT/1 | E11: 44721 | G11: Survey | H11: Checking of control points and shifting of BM | J11: I & L Tower | K11: A | L11: 44721
A12: 2 | B12: Sub Structure | C12: Basement | D12: IT/2 | E12: 44722 | G12: Survey | H12: Layout & level before excavation | J12: I & L Tower | K12: A | L12: 44722
A13: 3 | B13: Sub Structure | C13: Basement | D13: IT/3 | E13: 44738 | G13: Excavation | H13: Excavation level, surface preparation & final bed level before PCC | I13: (-17'-3'') | J13: A~F/1~10 | K13: A | L13: 44740
A14: =1+A13 -> 4 | B14: Sub Structure | C14: Basement | D14: IT/4 | E14: 44740 | G14: Termite Proofing | H14: Termite proofing of Zone-1 | J14: A~F/1~10 | K14: A | L14: 45063
A15: =1+A14 -> 5 | B15: Sub Structure | C15: Basement | D15: IT/5 | E15: 44740 | G15: PCC | H15: Laying of PCC 3" thick (1st layer) Zone-1 | J15: A~F/1~10 | K15: A | L15: 44741 | M15: PC-1 | N15: 38
A16: =1+A15 -> 6 | B16: Sub Structure | C16: Basement | D16: IT/6 | E16: 44741 | G16: Excavation | H16: Excavation level, surface preparation & final bed level before PCC Zone-3 | J16: A~F/17~26 | K16: A | L16: 44742
A17: =1+A16 -> 7 | B17: Sub Structure | C17: Basement | D17: IT/7 | E17: 44742 | G17: Termite Proofing | H17: Termite proofing oF Zone-3 | J17: A~F/17~26 | K17: A | L17: 45063
A18: =1+A17 -> 8 | B18: Sub Structure | C18: Basement | D18: IT/8 | E18: 44742 | G18: PCC | H18: Laying of PCC 3" thick (1st layer) Zone-3 | J18: A~F/17~26 | K18: A | L18: 44742 | M18: PC-2 | N18: 54
A19: =1+A18 -> 9 | B19: Sub Structure | C19: Basement | D19: IT/9 | E19: 44744 | G19: Excavation | H19: Excavation level, surface preparation & final bed level before PCC Zone-2 | J19: A~F/11~16 | K19: A | L19: 44744
A20: =1+A19 -> 10 | B20: Sub Structure | C20: Basement | D20: IT/10 | E20: 44742 | G20: Termite Proofing | H20: Termite proofing of Zone-2 | J20: A~F/11~16 | K20: A | L20: 45063
A21: =1+A20 -> 11 | B21: Sub Structure | C21: Basement | D21: IT/11 | E21: 44742 | G21: PCC | H21: Laying of PCC 3" thick (1st layer) Zone-2 | J21: A~F/11~16 | K21: A | L21: 45013 | M21: PC-3 | N21: 50
B22: Sub Structure | C22: Basement | D22: IT/11a | E22: 44744 | G22: PCC | H22: 1st layer PCC of I Tower (Zone 2) | J22: Grid D-F/11-14 | K22: A | L22: 29--Aug-22 | M22: PC-5 | N22: 62
A23: =1+A21 -> 12 | B23: Sub Structure | C23: Basement | D23: IT/12 | E23: 44738 | G23: Excavation | H23: Excavation level, surface preparation & final bed level of lift well Zone1 & 3 | J23: A~B/9~10, A~B/17~18 | K23: A | L23: 44739
A24: =1+A23 -> 13 | B24: Sub Structure | C24: Basement | D24: IT/13 | E24: 44738 | G24: Termite Proofing | H24: Termite proofing at lifet wells Zone-1 & 3 | J24: A~B/9~10, A~B/17~18 | K24: A | L24: 45063
A25: =1+A24 -> 14 | B25: Sub Structure | C25: Basement | D25: IT/14 | E25: 44738 | G25: PCC | H25: Laying of PCC 3" thick (1st layer) Zone-1 & 3 | J25: A~B/9~10, A~B/17~18 | K25: A | L25: 44743 | M25: PC-4 | N25: 60
A26: =1+A25 -> 15 | B26: Sub Structure | C26: Basement | D26: IT/15 | E26: 44748 | G26: Brick Work | H26: Brick work of Lift Wells IT Tower (Zone 1 & 3) | J26: Grid-A-B/9-10, A-B/17-18 | K26: A | L26: 44777
A27: =1+A26 -> 16 | B27: Sub Structure | C27: Basement | D27: IT/16 | E27: 44776 | G27: Brick Work | H27: Brick work (th 9" and ht 4') for Raft external face protection I Tower (Zone 1 & 3) | J27: Grid A-F/1, Grid A-F/26 | K27: A | L27: 44777
A28: =1+A27 -> 17 | B28: Sub Structure | C28: Basement | D28: IT/17 | E28: 44776 | G28: Brick Work | H28: Brick work (Th 13" and ht 4') for Raft external face protection I Tower (Zone 1 & 3) | J28: Grid A-/01-10, Grid A/12-24 | K28: A | L28: 44777
A29: =1+A28 -> 18 | B29: Sub Structure | C29: Basement | D29: IT/18 | E29: 44776 | G29: Brick Work | H29: Brick work (Th 18" and ht 10') for Raft external face protection I Tower (Zone 2) | J29: Grid A-/10-12, | K29: A | L29: 44777
A30: =1+A29 -> 19 | B30: Sub Structure | C30: Basement | D30: IT/19 | E30: 44776 | G30: Brick Work | H30: Brick work (Th 18" and ht 4') for Raft external face protection I Tower (Zone 3) | J30: Grid A/24-26 | K30: A | L30: 44777
A31: =1+A30 -> 20 | B31: Sub Structure | C31: Basement | D31: IT/20 | E31: 44776 | G31: Excavation | H31: Layout excavation surface preparation and final bed level before laying of PCC I Tower (Zone 1, 2 & 3) | J31: Grid F/1-26 | K31: A | L31: 44777
A32: =1+A31 -> 21 | B32: Sub Structure | C32: Basement | D32: IT/21 | E32: 44776 | G32: Termitte | H32: Termitte proofing (Fiprokill) before laying of PCC | J32: Grid F/1-26 | K32: A | L32: 44777
A33: =1+A32 -> 22 | B33: Sub Structure | C33: Basement | D33: IT/22 | E33: 44778 | G33: PCC | H33: First layer of PCC I Tower Zone 1, 2 and 3 as per revised drawing | J33: Grid F/1-26 | K33: A | L33: 44778 | M33: PC-6 | N33: 15
A34: =1+A33 -> 23 | B34: Sub Structure | C34: Basement | D34: IT/23 | E34: 44778 | G34: Brick work | H34: Layout, surface preparation, brick work, backfilling and PCC | J34: Backside of ICPL office | K34: A | L34: 44779 | M34: PC-7 | N34: 5
A35: =1+A34 -> 24 | B35: Sub Structure | C35: Basement | D35: IT/24 | E35: 44778 | G35: Brick work | H35: Work of Brickwall (Th 9" and ht 4') raft external face protection I Towr (Zone 1 and 3) | J35: Grid A-F/1, A-F/26 | K35: A | L35: 44779
A36: =1+A35 -> 25 | B36: Sub Structure | C36: Basement | D36: IT/25 | E36: 44778 | G36: Plaster work | H36: Plaster work of Brick wall (Th 13" and ht 4') raft external face protection I Tower Zone (1 and 3) | J36: Grid A/1-10, Grid A/12-24 | K36: A | L36: 44789
A37: =1+A36 -> 26 | B37: Sub Structure | C37: Basement | D37: IT/26 | E37: 44778 | G37: Plaster work | H37: Plaster work of Brick wall (Th 18" and ht 10') raft external face protection I Tower Zone (2) | J37: Grid A/10-12 | K37: A | L37: 44789
A38: =1+A37 -> 27 | B38: Sub Structure | C38: Basement | D38: IT/27 | E38: 44778 | G38: Plaster work | H38: Plaster work of Brick wall (Th 18" and ht 4') raft external face protection I Tower Zone (3) | J38: Grid A/24-26 | K38: A | L38: 44779
A39: =1+A38 -> 28 | B39: Sub Structure | C39: Basement | D39: IT/28 | E39: 44778 | G39: Dismental | H39: Dismental of 1sty layer PCC for pits excavation (14' 6" x 14' -6") as per revised drawing I Tower Zone (1 & 3) | J39: Grid AB/8-9, AB/18-19 | K39: A | L39: 44778
A40: =1+A39 -> 29 | B40: Sub Structure | C40: Basement | D40: IT/29 | E40: 44779 | G40: Dismental | H40: Dismental additional 1sty layer PCC and excavation b/w pits and lift well (14' -6 x 2' -9") as per revised drawing I Tower Zone (1 & 3) | J40: Grid AB/8-9, AB/18-19 | K40: A | L40: 44779
A41: =1+A40 -> 30 | B41: Sub Structure | C41: Basement | D41: IT/30 | E41: 44779 | G41: Gen foundation | H41: Layout, surface preparation, brick work, backfilling and PCC of Generator foundation as per approved drawing | J41: Steel yard area | K41: A | L41: 44795
A42: =1+A41 -> 31 | B42: Sub Structure | C42: Basement | D42: IT/31 | E42: 44779 | G42: PCC | H42: 1st layer of PCC I tower Zone 1 as per revised drawing | J42: F/1-4 | K42: A | L42: 44779 | M42: PC-7 | N42: 5
A43: =1+A42 -> 32 | B43: Sub Structure | C43: Basement | D43: IT/32 | E43: 44779 | G43: Backfilling | H43: Backfilling, spreading and levelling site office area | J43: Site Office Area | K43: A | L43: 44779
A44: =1+A43 -> 33 | B44: Sub Structure | C44: Basement | D44: IT/33 | E44: 44779 | G44: Backfilling | H44: Backfilling, spreading, levellingand Compaction site office area | J44: Site Office Area | K44: A | L44: 44795
A45: =1+A44 -> 34 | B45: Sub Structure | C45: Basement | D45: IT/34 | E45: 44779 | G45: Backfilling | H45: Backfilling, spreading and levelling outside of plot along main road | J45: Outside of plot | K45: A | L45: 44779
A46: =1+A45 -> 35 | B46: Sub Structure | C46: Basement | D46: IT/35 | E46: 44788 | G46: Brick work | H46: Brick wall (Th 9" and h2'-9") raft external face protection I tower (Zone 1 and 3) | J46: Grid F/1-26 | K46: A | L46: 44789
A47: =1+A46 -> 36 | B47: Sub Structure | C47: Basement | D47: IT/36 | E47: 44788 | G47: Plaster work | H47: Plaster workof Brickwall (Th 9", ht: 2'-9") for raft external face protection I Tower Zone (1&3) | J47: Grid F/1-26 | K47: A | L47: 44789
A48: =1+A47 -> 37 | B48: Sub Structure | C48: Basement | D48: IT/37 | E48: 44788 | G48: Sand filling | H48: Sand filling around lift wells Qty 2760 Cft I Tower (Zone 1 & 3) | J48: Grid A-B/9-10 & A-B/17-18 | K48: A | L48: 44789
A49: =1+A48 -> 38 | B49: Sub Structure | C49: Basement | D49: IT/38 | E49: 44789 | G49: Redo work/PCC | H49: Redo work of 1st layer of PCC Total area 3640 ft I tower (Zone 1-3) | J49: Grid A-C/8-11, Grid B-D/12-14, & A-D/16-21 | K49: A | L49: 44834
A50: =1+A49 -> 39 | B50: Sub Structure | C50: Basement | D50: IT/39 | E50: 44789 | G50: Brick Wall | H50: Rework of Brick wall of lift well I Tower (Zone 1 & 3) | J50: Grid A-B/9-10, A-B/17-18 | K50: A | L50: 44793
A51: =1+A50 -> 40 | B51: Sub Structure | C51: Basement | D51: IT/40 | E51: 44790 | G51: Surface cleaning | H51: Surface cleaning and allow for water proofing I Tower (Zone 1) | J51: Grid A-F/1-7 | K51: A | L51: 44793
A52: =1+A51 -> 41 | B52: Sub Structure | C52: Basement | D52: IT/41 | E52: 44791 | G52: Water Proofing | H52: Water Proofing before 2nd layer of PCC I Tower (Zone 1) | J52: Grid A-F/1-7 | K52: A | L52: 44793
A53: =1+A52 -> 42 | B53: Sub Structure | C53: Basement | D53: IT/42 | E53: 44791 | G53: Surface cleaning | H53: Surface cleaning of vertical brick walls and allow for water proofing I tower (Zone-1) | J53: Grid A/1-7, Grid F/1-7, A-F/1 | K53: A | L53: 44793
A54: =1+A53 -> 43 | B54: Sub Structure | C54: Basement | D54: IT/43 | E54: 44791 | G54: Water Proofing | H54: Water Proofing of vertical brick walls before 2nd layer of PCC I Tower (Zone 1) | J54: Grid A/1-7, F/1-7, A-F/1 | K54: A | L54: 44793
... A59: =1+A58 -> 48 | B59: Sub Structure | C59: Basement | D59: IT/48 | E59: 44791 | G59: Termitte Proofing | H59: Termite Proofingof sum pits I Tower (Zone 1-3) | J59: Grid A-B/8-9, A-B/18-19 | K59: A | L59: 44793
A60: =1+A59 -> 49 | B60: Sub Structure | C60: Basement | D60: IT/49 | E60: 44791 | G60: PCC | H60: 1st layer of PCC of sum pits I Tower (Zone 1-3) | J60: Grid A-B/8-9, A-B/18-19 | K60: A | L60: 44793 | M60: 8 | N60: 11
A61: =1+A60 -> 50 | B61: Sub Structure | C61: Basement | D61: IT/50 | E61: 44791 | G61: Termite Proofing | H61: Termite proofing around sum pits and lift wells I Tower (Zone 1-3) | J61: Grid A-D/8-11, A-D/16-21 | K61: A | L61: 45063
A62: =1+A61 -> 51 | B62: Sub Structure | C62: Basement | D62: IT/51 | E62: 44791 | G62: PCC | H62: 1st layer of PCC around sum pits and lift wells I Tower (Zone 1-3) | J62: Grid A-D/8-11, A-D/16-2) | K62: A | L62: 44793 | M62: 8 | N62: 11
A63: =1+A62 -> 52 | B63: Sub Structure | C63: Basement | D63: IT/52 | E63: 44791 | G63: Plaster work | H63: Internal Plaster work of brick wall of lift well I Tower (Zone 1) | J63: Grid A-B/9-10 | K63: A | L63: 44793
A64: =1+A63 -> 53 | B64: Sub Structure | C64: Basement | D64: IT/53 | E64: 44793 | G64: Surface preparation | H64: Surface preparation after water proofing and llow for 2nd layer of PCC I Tower (Z-1) | J64: Grid A-F/1-7 | K64: A | L64: 44793
A65: =1+A64 -> 54 | B65: Sub Structure | C65: Basement | D65: IT/54 | E65: 44795 | G65: Plaster work | H65: Plaster work of lift well and sum pits I Tower (Zone 1-3) | J65: Grid A-B/8-9, A-B/18-19 | K65: A | L65: 44795
A66: =1+A65 -> 55 | B66: Sub Structure | C66: Basement | D66: IT/55 | E66: 44794 | G66: Termite proofing | H66: Termite proofing around sum pits and lift well I Tower (Zone 3) | J66: Grid A-D/16-21 | K66: A | L66: 44795
A67: =1+A66 -> 56 | B67: Sub Structure | C67: Basement | D67: IT/56 | E67: 44794 | G67: PCC | H67: 1st layer of PCC around sum pits and lift well I Tower (Zone 3) | J67: Grid A-D/16-21 | K67: A | L67: 44795 | M67: 10 | N67: 15
A68: =1+A67 -> 57 | B68: Sub Structure | C68: Basement | D68: IT/57 | E68: 44794 | G68: PCC | H68: 2nd layer of PCC (Th 3") I Tower (Zone 1) | J68: Grid A-F/1-6 | K68: A | L68: 44795 | M68: 10 | N68: 41
A69: =1+A68 -> 58 | B69: Sub Structure | C69: Basement | D69: IT/58 | E69: 44793 | G69: Sand filling | H69: Sand filling around sum pits before laying of 1st layer of PCC I Tower (Zone 1-3) | J69: Grid A-B/8-9, A-B/18-19 | K69: A | L69: 44795
A70: =1+A69 -> 59 | B70: Sub Structure | C70: Basement | D70: IT/59 | E70: 44796 | G70: Surface cleaning | H70: Surface cleaning and llow for water proofing I Tower excluding Lift well | J70: Grid A-F/7-14 | K70: A | L70: 44797
A71: =1+A70 -> 60 | B71: Sub Structure | C71: Basement | D71: IT/60 | E71: 44797 | G71: Surface cleaning | H71: Surface cleaning and allow for water proofing over 1st layer of PCC and vertical brick | J71: Grid A-B/8-9, A-B/9-10 | K71: A | L71: 44799
A72: =1+A71 -> 61 | B72: Sub Structure | C72: Basement | D72: IT/61 | E72: 44800 | G72: Surface cleaning | H72: Surface cleaning and allow for water proofing over 1st layer of PCC and vertical brick | J72: Grid A/7-14 & F/7-14 | K72: A | L72: 44798
A73: =1+A72 -> 62 | B73: Sub Structure | C73: Basement | D73: IT/62 | E73: 44798 | G73: Surface preparation | H73: Surface preparation , compaction and excavation level before termite proofing | J73: Grid F/17-18 | K73: A | L73: 44799
A74: =1+A73 -> 63 | B74: Sub Structure | C74: Basement | D74: IT/63 | E74: 44799 | G74: Water Proofing | H74: Water Proofing over 1st layer of PCC and vertical brick wall | J74: Grid A-F/7-14 | K74: A | L74: 45013
A75: =1+A74 -> 64 | B75: Sub Structure | C75: Basement | D75: IT/64 | E75: 44800 | G75: Water Proofing | H75: Water Proofing over 1st layer of PCC and vertical brick wall I Tower Zone 1 | J75: Grid A-B/8-10 | K75: A | L75: 44800
A76: =1+A75 -> 65 | B76: Sub Structure | C76: Basement | D76: IT/65 | E76: 44800 | G76: Core cutting | H76: Core cutting in 1st layer of PCC for earthing Rod conduit Zone 2 | J76: Grid A-B/11-10 | K76: A | L76: 44800
A77: =1+A76 -> 66 | B77: Sub Structure | C77: Basement | D77: IT/66 | E77: 44800 | G77: Brick work | H77: Brick work for raft external face protection I Tower (Zone 2-3) | J77: Grid F/16-17 | K77: A | L77: 44801
A78: =1+A77 -> 67 | B78: Sub Structure | C78: Basement | D78: IT/67 | E78: 44800 | G78: Plaster work | H78: Plaster work of brick wall for raft external face protection I Tower (Zone 2-3) | J78: Grid F/16-17 | K78: A | L78: 44801
A79: =1+A78 -> 68 | B79: Sub Structure | C79: Basement | D79: IT/68 | E79: 44800 | G79: Termite Proofing | H79: Termite proofing of remaining area I Tower (Zone 3) | J79: Grid F/17-18 | K79: A | L79: 44801
A80: =1+A79 -> 69 | B80: Sub Structure | C80: Basement | D80: IT/69 | E80: 44800 | G80: PCC | H80: 1st layer of PCC of remaining area I Tower (Zone 3) | J80: Grid F/17-18 | K80: A | L80: 44802 | M80: 11 | N80: 23
A81: =1+A80 -> 70 | B81: Sub Structure | C81: Basement | D81: IT/70 | E81: 44800 | G81: PCC | H81: 2nd layer of PCC I Tower Zone 1-2 excluding sum pit | J81: Grid A-F/7-14 | K81: A | L81: 44802 | M81: 12 | N81: 52
A82: =1+A81 -> 71 | B82: Sub Structure | C82: Basement | D82: IT/71 | E82: 44800 | G82: PCC | H82: 2nd layer PCC of sum pit and lift well I Tower Zone 1 | J82: Grid A-B/8-10 | K82: A | L82: 44802 | M82: 13 | N82: 15
A83: =1+A82 -> 72 | B83: Sub Structure | C83: Basement | D83: IT/72 | E83: 44802 | G83: Surface cleaning | H83: Surface cleaning and allow for water proofing over 1st layer of PCC I Tower Zone-3 | J83: Grid A-F/19-26 | K83: A | L83: 44806
A84: =1+A83 -> 73 | B84: Sub Structure | C84: Basement | D84: IT/73 | E84: 44802 | G84: Raft and RCC Wall | H84: Layout of Raft and RCC wall of sump pit & Lift well as per IFC drawings I Tower Z-1 | J84: Grid A-B/8-9 & A-B/9-10 | K84: A | L84: 44802
B85: Sub Structure | C85: Basement | D85: IT/74 | E85: 44847 | G85: Steel Fixing | H85: Steel fixing of column I Tower Zone 2 | J85: Grid A-F/11-15 | K85: A | L85: 44852
A86: =1+A85 -> 1 | B86: Sub Structure | C86: Basement | D86: IT/75 | E86: 44806 | G86: Brick wall rework | H86: Redowork brick wall of I Tower Zone -1 | J86: Grid F/1-5 | K86: A | L86: 44806
A87: =1+A86 -> 2 | B87: Sub Structure | C87: Basement | D87: IT/76 | E87: 44806 | G87: Plaster work | H87: Redo work internal side plaster of brick wall I Tower Zone 1 | J87: Grid F/1-5 | K87: A | L87: 44807
A88: =1+A87 -> 3 | B88: Sub Structure | C88: Basement | D88: IT/77 | E88: 44807 | G88: Brick work | H88: Redo work Brick wall I Tower Zone 2 | J88: Grid F/10-14 | K88: A | L88: 44807
A89: =1+A88 -> 4 | B89: Sub Structure | C89: Basement | D89: IT/78 | E89: 44807 | G89: Brick work | H89: Redo Plaster of brick wall I Tower Zone-2 | J89: Grid F/10-14 | K89: A | L89: 44809
A90: =1+A89 -> 5 | B90: Sub Structure | C90: Basement | D90: IT/79 | E90: 44807 | G90: Surface cleaning | H90: Surface cleaning and allow for water proofing over 1st layer of PCC I Tower | J90: Grid F/14-19 | K90: A | L90: 44809
A91: =1+A90 -> 6 | B91: Sub Structure | C91: Basement | D91: IT/80 | E91: 44807 | G91: Water Proofing | H91: Water proofing over vertical brick wall up to 4 ft height | J91: Grid A/10-12 | K91: A | L91: 44807
A92: =1+A91 -> 7 | B92: Sub Structure | C92: Basement | D92: IT/81 | E92: 44807 | G92: Brick work | H92: Redo work of brick masonry for raft external face protection I Tower | J92: Grid F/17-19 | K92: A | L92: 44807
A93: =1+A92 -> 8 | B93: Sub Structure | C93: Basement | D93: IT/82 | E93: 44807 | G93: Plaster work | H93: Redo work plaster of brick wall for raft external face protection I Tower | J93: Grid F/17-19 | K93: A | L93: 44809
A94: =1+A93 -> 9 | B94: Sub Structure | C94: Basement | D94: IT/83 | E94: 44807 | G94: PCC | H94: 2nd layer of PCC over water proofing before steel fixing and concrete pouring I Tower | J94: Grid F/1-14 | K94: A | L94: 44807
A95: =1+A94 -> 10 | B95: Sub Structure | C95: Basement | D95: IT/84 | E95: 44808 | G95: Water Proofing | H95: Water proofing over 1st layer of PCC and vertical brick wall and allow for 2nd layer | J95: Grid A-F/19-26 | K95: A | L95: 44809
A96: =1+A95 -> 11 | B96: Sub Structure | C96: Basement | D96: IT/85 | E96: 44808 | G96: Concrete pouring | H96: Concrete pouring of Raft of Sump pit and lift well I Tower Zone 1 | J96: Grid A-B/8-10 | K96: A | L96: 44809 | M96: PC-15 | N96: 63
A97: =1+A96 -> 12 | B97: Sub Structure | C97: Basement | D97: IT/86 | E97: 44808 | G97: Surface preparation | H97: Surface preparation/cleaning of 1st layer of PCC and vertical brick wall I Tower | J97: Grid A-B/17-19 | K97: A | L97: 44818
B98: Sub Structure | C98: Basement | D98: IT/87 | E98: 44808 | G98: PCC | H98: 2nd layer of PCC after water proofing layer of Raft I Tower | J98: Grid A-F/19-26 | K98: A | L98: 44813 | M98: PC-14 | N98: 39
B99: Sub Structure | C99: Basement | D99: IT/88 | E99: 44809 | G99: Water Proofing | H99: Water Proofing over 1st layer of PCC and vertical brick walls | J99: Grid A-F/14-19 | K99: A | L99: 44809
B100: Sub Structure | C100: Basement | D100: IT/89 | E100: 44809 | G100: Surface preparation | H100: Surface preparation/cleaning (Redowork) of vertical brick wall and allow for water proofing I Tower | J100: Grid F/1-13 | K100: A | L100: 45063
B101: Sub Structure | C101: Basement | D101: IT/90 | E101: 44808 | G101: RCC wall | H101: Layout of RCC wall and columns of I Tower | J101: Grid A-F/1-5 | K101: A | L101: 44809
B102: Sub Structure | C102: Basement | D102: IT/91 | E102: 44813 | G102: Vertical brick | H102: Redo work of vertical brick wall I Tower Zone 1 | J102: Grid F/1-10 | K102: A | L102: 44813
B103: Sub Structure | C103: Basement | D103: IT/92 | E103: 44813 | G103: Plaster work | H103: Redo work Plaster of vertical brick wall I Tower Zone - 1 | J103: Grid F/1-10 | K103: A | L103: 44813
A104: =1+A97 -> 13 | B104: Sub Structure | C104: Basement | D104: IT/93 | E104: 44815 | G104: RCC Wall | H104: Layout of RCC wall, columns, Stairs, sump pit RCC wall and lift well I Tower Zone | J104: Grid A-F/5-10 | K104: A | L104: 44816
B105: Sub Structure | C105: Basement | D105: IT/94 | E105: 44815 | G105: Brick work | H105: Redo work brick wall I Tower Zone 2 | J105: Grid F/13-17 | K105: R | L105: 44816
...

Sheet Elements
A1: inputs: Don’t delete the highlighted cells | E1: TOT | G1: Sub Str | J1: I-Tower | Y1: L-Tower
E2: QTY | G2: Qty | I2: Qty | J2: Ground | K2: 1st | L2: 2nd | M2: 3rd | N2: 4th | O2: 5th | P2: 6th | Q2: 7th | R2: 8th | S2: 9th | T2: 10th | U2: 11th | V2: mumty | X2: Qty | Y2: Ground | Z2: 1st | AA2: 2nd | AB2: 3rd | AC2: 4th | AD2: 5th | AE2: 6th | AF2: 7th | AG2: 8th | AH2: 9th | AI2: 10th | AJ2: 11th | AK2: mumty
A3: 1 | B3: PCC | C3: 1500 | E3: =G3 -> 1581.5475 | G3: =B!E18 -> 1581.5475
A4: 2 | B4: Raft | C4: 4000 | E4: =G4 -> 8836.5357 | G4: =B!E22 -> 8836.5357
A5: 3 | B5: Foundation | C5: 4000
A6: 4 | B6: Column | C6: 5000 | E6: =G6+I6+X6 -> 2879.6849 | G6: =B!E28 -> 476.50276 | I6: =SUM(J6:U6) -> 1029.3083 | J6: =I!E8 -> 162.9396 | K6: =I!E9 -> 83.522469 | L6: =I!E10 -> 85.221231 | M6: =I!E11 -> 73.896151 | N6: =I!E12 -> 73.896151 | O6: =I!E13 -> 73.896151 | P6: =I!E14 -> 73.896151 | Q6: =I!E15 -> 73.896151 | R6: =I!E16 -> 73.896151 | S6: =I!E17 -> 73.896151 | T6: =I!E18 -> 81.965271 | U6: =I!E19 -> 98.386637 | X6: =SUM(Y6:AK6) -> 1373.8738 | Y6: =L!$E8 -> 215.88435 | Z6: =L!$E9 -> 110.5611 | AA6: =L!$E10 -> 112.96768 | AB6: =L!$E11 -> 97.67882 | AC6: =L!$E12 -> 97.67882 | AD6: =L!$E13 -> 97.67882 | AE6: =L!$E14 -> 97.67882 | AF6: =L!$E15 -> 97.67882 | AG6: =L!$E16 -> 97.67882 | AH6: =L!$E17 -> 97.67882 | AI6: =L!$E18 -> 108.57921 | AJ6: =L!$E19 -> 130.23843 | AK6: =L!$E20 -> 11.891335 | XEE6: =I!XET18 -> 0
A7: 5 | B7: Ret Wall | C7: 4000 | E7: =G7+I7+X7 -> 525.20061 | G7: =B!E38 -> 525.20061
A8: 6 | B8: Lift Well | C8: 5000 | E8: =G8+I8+X8 -> 3240.2471 | G8: =B!E31 -> 259.06122 | I8: =SUM(J8:V8) -> 1341.5974 | J8: =I!$E23 -> 154.58735 | K8: =I!$E24 -> 93.715042 | L8: =I!$E25 -> 93.715042 | M8: =I!$E26 -> 93.715042 | N8: =I!$E27 -> 93.715042 | O8: =I!$E28 -> 93.715042 | P8: =I!$E29 -> 93.715042 | Q8: =I!$E30 -> 93.715042 | R8: =I!$E31 -> 93.715042 | S8: =I!$E32 -> 93.715042 | T8: =I!$E33 -> 102.63354 | U8: =I!$E34 -> 120.47054 | V8: =I!$E35 -> 120.47054 | X8: =SUM(Y8:AK8) -> 1639.5885 | Y8: =L!$E23 -> 188.98728 | Z8: =L!$E24 -> 114.52488 | AA8: =L!$E25 -> 114.52488 | AB8: =L!$E26 -> 114.52488 | AC8: =L!$E27 -> 114.52488 | AD8: =L!$E28 -> 114.52488 | AE8: =L!$E29 -> 114.52488 | AF8: =L!$E30 -> 114.52488 | AG8: =L!$E31 -> 114.52488 | AH8: =L!$E32 -> 114.52488 | AI8: =L!$E33 -> 125.42527 | AJ8: =L!$E34 -> 147.22605 | AK8: =L!$E35 -> 147.22605
A9: 7 | B9: Shear Wall | C9: 5000
A10: 8 | B10: Beam | C10: 4000
A11: 9 | B11: Slab | C11: 4000 | E11: =G11+I11+X11 -> 19035.62 | G11: =B!E34 -> 2477.9276 | I11: =SUM(J11:V11) -> 7105.6387 | J11: =I!$E40 -> 592.30171 | K11: =I!$E41 -> 590.46139 | L11: =I!$E42 -> 590.46139 | M11: =I!$E43 -> 590.46139 | N11: =I!$E44 -> 590.46139 | O11: =I!$E45 -> 590.46139 | P11: =I!$E46 -> 590.46139 | Q11: =I!$E47 -> 590.46139 | R11: =I!$E48 -> 590.46139 | S11: =I!$E49 -> 590.46139 | T11: =I!$E50 -> 590.46139 | U11: =I!$E51 -> 574.18158 | V11: =I!$E52 -> 34.541496 | X11: =SUM(Y11:AK11) -> 9452.0538 | Y11: =L!$E40 -> 785.25277 | Z11: =L!$E41 -> 782.70463 | AA11: =L!$E42 -> 782.70463 | AB11: =L!$E43 -> 782.70463 | AC11: =L!$E44 -> 782.70463 | AD11: =L!$E45 -> 782.70463 | AE11: =L!$E46 -> 782.70463 | AF11: =L!$E47 -> 782.70463 | AG11: =L!$E48 -> 782.70463 | AH11: =L!$E49 -> 782.70463 | AI11: =L!$E50 -> 782.70463 | AJ11: =L!$E51 -> 761.04541 | AK11: =L!$E52 -> 78.70931
A12: 10 | B12: Lintel | C12: 3000 | E12: =G12+I12+X12 -> 426.10616 | I12: =I!E37 -> 184.03256 | X12: =L!E37 -> 242.0736
A13: 11 | B13: Stair | C13: 4000 | E13: =G13+I13+X13 -> 353.90857 | G13: =B!E36 -> 27.18 | I13: =I!E56 -> 163.36429 | X13: =L!E56 -> 163.36429
A14: 12 | B14: Ramp Slab | C14: 4000 | E14: =G14+I14+X14 -> 91.874716 | G14: =B!E25 -> 91.874716
A15: 13 | B15: UGWT Base Slab | C15: 4000 | E15: =G15+I15+X15 -> 97.67882 | G15: =B!E41 -> 97.67882
A16: 14 | B16: UGWT Walls | C16: 4000 | E16: =G16+I16+X16 -> 230.18226 | G16: =B!E42 -> 230.18226
A17: 15 | B17: UGWT Top Slab | C17: 4000 | E17: =G17+I17+X17 -> 62.57107 | G17: =B!E43 -> 62.57107
A18: 16 | B18: Harvest Tank Base Slab | C18: 4000 | E18: =G18+I18+X18 -> 46.291267 | G18: =B!E46 -> 46.291267
A19: 17 | B19: Harvest Tank Walls | C19: 4000 | E19: =G19+I19+X19 -> 102.77511 | G19: =B!E47 -> 102.77511
A20: 18 | B20: Harvest Tank Top Slab | C20: 4000 | E20: =G20+I20+X20 -> 13.476846 | G20: =B!E48 -> 13.476846
A21: 19 | B21: OHWT Base Slab | C21: 4000 | E21: =G21+I21+X21 -> 56.625403 | I21: =I!E59 -> 26.755503 | X21: =L!E59 -> 29.8699
A22: 20 | B22: OHWT Walls | C22: 4000 | E22: =G22+I22+X22 -> 58.041038 | I22: =I!E60 -> 26.897066 | X22: =L!E60 -> 31.143972
A23: 21 | B23: OHWT Top Slab | C23: 4000 | E23: =G23+I23+X23 -> 34.683059 | I23: =I!E61 -> 16.13824 | X23: =L!E61 -> 18.544819
A24: 22 | B24: Pool Base Slab | C24: 4000 | E24: =G24+I24+X24 -> 32.559607 | I24: =I!E64 -> 32.559607
A25: 23 | B25: Pool Walls | C25: 4000 | E25: =G25+I25+X25 -> 16.987621 | I25: =I!E65 -> 16.987621
A26: 24 | B26: Parapet Wall | C26: 3000 | E26: =G26+I26+X26 -> 266.70565 | I26: =I!E54 -> 114.66644 | X26: =L!E54 -> 152.03921
A27: 26
A28: 27
A29: 28
A30: 29
A31: 30
A32: 31
A33: 32
A34: 33 | E34: =SUM(E3:E33) -> 37989.303

Sheet B
B1: LAKE CITY ROOF GARDEN LAHORE APPARTMENTS-PHASE 2 STRUCTURAL WORKS
C4: BILL OF QUANTITIES (STRUCTURAL WORKS)
B5: ITEM NO. | C5: SHORT DESCRIPTION OF WORK TO BE READ IN CONJUNCTION WITH GENERAL SPECIFICATIONS | D5: UNIT | E5: TOTAL QTY | F5: RATE | G5: AMOUNT
B6: 1 | C6: Earth Works
C7: Excavation for basements, raft foundations in existing soil including cost of dressing, leveling and compaction in approved manners and disposal of surplus excavated soil away from site, all excavated area will be proof rolled as directed by the Consultant/Engineer incharge.
B8: a | C8: Excavation | D8: m3 | E8: =705000/(3.281)^3 -> 19960.454 | G8: =E8*F8 -> 0
B10: b | C10: Backfilling using local sand with layer thickness 6" in loose state and compacted upto 95% MDD. | D10: m3 | E10: =55180/(3.281)^3 -> 1562.2949 | G10: =E10*F10 -> 0
B12: 2 | C12: Termite Proofing | G12: =E12*F12 -> 0
C13: Providing and carrying out termite proofing on excavation sides only using "Biflex/ Fiprokill/ Mirage" or an approved equivalent as per manufacturers specification. The work shall be carried out by an approved specialist subcontractor who will provide 10 years warranty stating that in case of infestation during the period of warranty, he will carry out the remedial work without charge to the Employer. complete in all respect and as directed by the Consultants. | G13: =E13*F13 -> 0
B14: a | C14: Excavation bed and sides -7.75 ft from EGL | D14: m3 | E14: =121265/(3.281)^2 -> 11264.788 | G14: =E14*F14 -> 0
B16: 3 | C16: Plain Cement Concrete | F16: 0 | G16: =E16*F16 -> 0
C17: Laying owner supplied concrete from point of delivery, compacting and finishing blinding concrete (1:4:8) in layers and providing proper curing upto the required time as per drawings/ specifications/ directed by the Consultant. | F17: 0 | G17: =E17*F17 -> 0
B18: a | C18: 3" thick two layers of PCC 1:4:8 under Raft/Mat foundations. | D18: m3 | E18: =55860/(3.281)^3 -> 1581.5475 | F18: 10666.591 | G18: =E18*F18 -> 16869720
F19: 0
B20: 4 | C20: Reinforced Cement Concrete Work | F20: 0 | G20: =E20*F20 -> 0
C21: Laying owner supplied concrete from point of delivery, vibrating, compacting, finishing and curing etc. straight or curved, cast in situ reinforced cement concrete at any floor/height/depth, pumped ready mix concrete, 4000 psi and 5000 Psi (mentioned in parenthesis ) minimum cylinder crushing strength at 28 days, mix using Ordinary Portland Grey Cement, fine aggregate Lawrence pur good quality clean sand free from impurities and Sargodha crushed course aggregate 3/4 '' & 1/2" down well-graded, including vibrations through electro mechanical vibrators, steel form work, moulds, false work and their removal, placing of all pipes and embedded items before concreting curing finishing complete but excluding the cost of steel reinforcement complete in all respect as per drawings and as directed by the Consultant/Engineer incharge. | F21: 0 | G21: =E21*F21 -> 0
B22: i | C22: Mat foundations (4000 psi) | D22: m3 | E22: =312105/(3.281)^3 -> 8836.5357 | F22: 14881.069 | G22: =E22*F22 -> 1.3149709e+08
F23: 0
B24: ii | C24: Ramp slab and beams (4000 psi) | F24: 0 | G24: =E24*F24 -> 0
C25: Foundations to GF | D25: m3 | E25: =3245/(3.281)^3 -> 91.874716 | F25: 13856.793 | G25: =E25*F25 -> 1273089
F26: 0
B27: iii | C27: Columns (5000 psi) | F27: 0 | G27: =E27*F27 -> 0
C28: Foundation to Ground Floor | D28: m3 | E28: =16830/(3.281)^3 -> 476.50276 | F28: 24005.356 | G28: =E28*F28 -> 11438619
F29: 0 | G29: =E29*F29 -> 0
B30: iv | C30: Lift wells/shearwalls(5000 psi) | F30: 0 | G30: =E30*F30 -> 0
C31: Foundation to Ground Floor | D31: m3 | E31: =9150/3.281^3 -> 259.06122 | F31: 15881.793 | G31: =E31*F31 -> 4114356.8
F32: 0 | G32: =E32*F32 -> 0
B33: v | C33: Floor slabs and beams (4000 psi) | F33: 0 | G33: =E33*F33 -> 0
C34: GF (7"Th slab+18"drop beams) | D34: m3 | E34: 2477.9276 | F34: 13856.793 | G34: =E34*F34 -> 34336131
F35: 0
B36: vi | C36: Stairs (4000 psi) | D36: m3 | E36: 27.18 | F36: 22262.915 | G36: =E36*F36 -> 605106.02
F37: 0
B38: vii | C38: Retaining walls(4000 psi) | D38: m3 | E38: 525.20061 | F38: 13856.793 | G38: =E38*F38 -> 7277596.4
F39: 0
B40: viii | C40: Under Ground water tank (4000 psi) | F40: 0 | G40: =E40*F40 -> 0
C41: Base slab | D41: m3 | E41: 97.67882 | F41: 16081.943 | G41: =E41*F41 -> 1570865.2
C42: Walls | D42: m3 | E42: 230.18226 | F42: 26854.494 | G42: =E42*F42 -> 6181428.1
C43: Top slab | D43: m3 | E43: 62.57107 | F43: 25865.538 | G43: =E43*F43 -> 1618434.4
F44: 0
B45: ix | C45: Rain harvesting tank (4000 psi) | F45: 0 | G45: =E45*F45 -> 0
C46: Base slab | D46: m3 | E46: 46.291267 | F46: 16081.943 | G46: =E46*F46 -> 744453.52
C47: Walls | D47: m3 | E47: 102.77511 | F47: 26854.494 | G47: =E47*F47 -> 2759973.4
C48: Top slab | D48: m3 | E48: 13.476846 | F48: 25865.538 | G48: =E48*F48 -> 348585.87
F49: 0
B50: 5 | C50: Water Proofing | F50: 0 | G50: =E50*F50 -> 0
B51: a | C51: Providing and Laying of 4mm thick by Highgrip or equivalent modified Torch applied Bituminous water proofing membrane with Primer @0.25 Liters/ Sq. M, over first layers of blinding concrete of Raft/ foundation after applying 1/2" thick plaster laid in Cement Sand mortar (1:3) . The overlap shall not be less than 6", the membrane shall be well incontact with the concrete face, free from air voids, wrinkles and cuts and to be terminated at the level defined in the drawing. | D51: m2 | E51: =115000/(3.281)^2 -> 10682.807 | F51: 1194.9107 | G51: =E51*F51 -> 12765000
B52: b | C52: Providing and Laying of 4mm thick by Higrip or equivalent modified Torch applied Bituminous water proofing membrane with Primer @0.25 Liters/ Sq. M, on external sides of peripheral retaining walls over levelled shoring piles surface( pile gaps to be filled with 1:4:8 PCC( same as item-3) reinforced with 18 gauge wire mesh required and using front form work to contain at place) , complete in all respects as per drawings including 1/2" to 3/4" (1:3) cement local sand plaster cost to get levelled base surface for membrane applying. To avoid sharp bends in membrane 50 x 50 mm chamfer laid in cement sand mortar to be provided under the membrane at the point where retaining wall is joining with the raft/ bed. | D52: m2 | E52: =19500/(3.281)^2 -> 1811.4325 | F52: 1194.9107 | G52: =E52*F52 -> 2164500
B53: c | C53: Providing and fixing of water stopper 4mm thick and 229 mm wide poly vinyl chloride ribbed bar by Marflex or approved equivalent installed in the centre of x-section of the concrete structure joint of retaining walls and water tanks including proper joint welding complete in all respects as per drawings and as directed by the consultant / Engineer. (considering 2 levels in each retaining wall height) | D53: mtr | E53: 1336.48 | F53: 1105.697 | G53: =E53*F53 -> 1477741.9
F54: 0
B55: 6 | C55: Expansion/Isolation joint detail | F55: 0 | G55: =E55*F55 -> 0
C56: Providing, applying and treating expansion/isolation joint. Complete in all respects as per satisfaction of engineer incharge. | F56: 0 | G56: =E56*F56 -> 0
B57: a | C57: 2" x 3" expansion joint maintained with high density thermopore sheet laid at the time of casting slab, applying SIKA primer, inserting polystyrene backup rod filled with polyurethane joint sealant SIKA flex. The joints to be covered with steel joint cover stripe of the design approved by Engineer. The ponding test will be performed by contractor to check the leakage if required by the Engineer | D57: mtr | E57: 289.54587 | F57: 1168.036 | G57: =E57*F57 -> 338200
F58: 0
B59: 7 | C59: Steel Reinforcement | F59: 0
C60: Fabricating/ cut, bend and placing of owner supplied steel from the site stock yard (hot rolled deformed bar of min. yield strength 60,000 psi) for the cement concrete work including testing of bars, providing and binding with annealed wire, removal of rust from the bars, all overlaps, chairs, supports etc. complete in all respect. Only the lengths shown on the drawings at their standard weights shall be paid for in accordance with a bending schedule prepared by the contractor and submitted well in advance to Engineer for approval | F60: 0 | G60: =E60*F60 -> 0
C61: Total Steel Quantity | D61: ton | E61: 1850 | F61: 245607 | G61: =E61*F61 -> 454372950
F62: Total Amount (Rs) | G62: =SUM(G6:G61) -> 6.9175385e+08
G63: 641 Million
F64: Covered Area (Sft) | G64: 115398
F65: Rate/sft | G65: =G62/G64 -> 5994.5046

Sheet I
B1: LAKE CITY ROOF GARDEN LAHORE APPARTMENTS-PHASE 2 STRUCTURAL WORKS I-TOWERS (MATERIAL ONLY)
B3: SR. | C3: ITEM DESCRIPTION | D3: UNIT | E3: TOTAL QTY | F3: RATE | G3: AMOUNT
B4: 1 | C4: Reinforced Cement Concrete Work
C5: Laying owner supplied concrete from point of delivery, vibrating, compacting, finishing and curing etc. straight or curved, cast in situ reinforced cement concrete at any floor/height/depth, pumped ready mix concrete, 4000 psi and 5000 Psi (mentioned in parenthesis ) minimum cylinder crushing strength at 28 days, mix using Ordinary Portland Grey Cement, fine aggregate Lawrence pur good quality clean sand free from impurities and Sargodha crushed course aggregate 3/4 '' & 1/2" down well-graded, including vibrations through electro mechanical vibrators, steel form work, moulds, false work and their removal, placing of all pipes and embedded items before concreting curing finishing complete but excluding the cost of steel reinforcement complete in all respect as per drawings and as directed by the Consultant/Engineer incharge. | G5: =E5*F5 -> 0
B7: i | C7: Columns (5000 psi) | G7: =E7*F7 -> 0
C8: Ground to First Floor | D8: m3 | E8: =5755/3.281^3 -> 162.9396 | F8: 16918.202 | G8: =E8*F8 -> 2756645
C9: 1st to 2nd Floor | D9: m3 | E9: =2950/3.281^3 -> 83.522469 | F9: 16918.202 | G9: =E9*F9 -> 1413050
C10: 2nd to 3rd Floor | D10: m3 | E10: =3010/3.281^3 -> 85.221231 | F10: 16918.202 | G10: =E10*F10 -> 1441790
C11: 3rd to 4th Floor | D11: m3 | E11: =2610/3.281^3 -> 73.896151 | F11: 16918.202 | G11: =E11*F11 -> 1250190
C12: 4th to 5th Floor | D12: m3 | E12: =2610/3.281^3 -> 73.896151 | F12: 16918.202 | G12: =E12*F12 -> 1250190
C13: 5th to 6th Floor | D13: m3 | E13: =2610/3.281^3 -> 73.896151 | F13: 16918.202 | G13: =E13*F13 -> 1250190
C14: 6th to 7th Floor | D14: m3 | E14: =2610/3.281^3 -> 73.896151 | F14: 16918.202 | G14: =E14*F14 -> 1250190
C15: 7th to 8th Floor | D15: m3 | E15: =2610/3.281^3 -> 73.896151 | F15: 16918.202 | G15: =E15*F15 -> 1250190
C16: 8th to 9th Floor | D16: m3 | E16: =2610/3.281^3 -> 73.896151 | F16: 16918.202 | G16: =E16*F16 -> 1250190
C17: 9th to 10th Floor | D17: m3 | E17: =2610/3.281^3 -> 73.896151 | F17: 16918.202 | G17: =E17*F17 -> 1250190
C18: 10th to 11th Floor | D18: m3 | E18: =2895/3.281^3 -> 81.965271 | F18: 16918.202 | G18: =E18*F18 -> 1386705
C19: 11th to Roof | D19: m3 | E19: =3475/3.281^3 -> 98.386637 | F19: 16918.202 | G19: =E19*F19 -> 1664525
B22: ii | C22: Lift wells/shearwalls(5000 psi) | G22: =E22*F22 -> 0
C23: Ground to First Floor | D23: m3 | E23: =5460/3.281^3 -> 154.58735 | F23: 16918.202 | G23: =E23*F23 -> 2615340
C24: 1st to 2nd Floor | D24: m3 | E24: =3310/3.281^3 -> 93.715042 | F24: 16918.202 | G24: =E24*F24 -> 1585490
C25: 2nd to 3rd Floor | D25: m3 | E25: =3310/3.281^3 -> 93.715042 | F25: 16918.202 | G25: =E25*F25 -> 1585490
C26: 3rd to 4th Floor | D26: m3 | E26: =3310/3.281^3 -> 93.715042 | F26: 16918.202 | G26: =E26*F26 -> 1585490
C27: 4th to 5th Floor | D27: m3 | E27: =3310/3.281^3 -> 93.715042 | F27: 16918.202 | G27: =E27*F27 -> 1585490
C28: 5th to 6th Floor | D28: m3 | E28: =3310/3.281^3 -> 93.715042 | F28: 16918.202 | G28: =E28*F28 -> 1585490
C29: 6th to 7th Floor | D29: m3 | E29: =3310/3.281^3 -> 93.715042 | F29: 16918.202 | G29: =E29*F29 -> 1585490
C30: 7th to 8th Floor | D30: m3 | E30: =3310/3.281^3 -> 93.715042 | F30: 16918.202 | G30: =E30*F30 -> 1585490
C31: 8th to 9th Floor | D31: m3 | E31: =3310/3.281^3 -> 93.715042 | F31: 16918.202 | G31: =E31*F31 -> 1585490
C32: 9th to 10th Floor | D32: m3 | E32: =3310/3.281^3 -> 93.715042 | F32: 16918.202 | G32: =E32*F32 -> 1585490
C33: 10th to 11th Floor | D33: m3 | E33: =3625/3.281^3 -> 102.63354 | F33: 16918.202 | G33: =E33*F33 -> 1736375
C34: 11th to Roof | D34: m3 | E34: =4255/3.281^3 -> 120.47054 | F34: 16918.202 | G34: =E34*F34 -> 2038145
C35: Roof to Mummty | D35: m3 | E35: =4255/3.281^3 -> 120.47054 | F35: 16918.202 | G35: =E35*F35 -> 2038145
B37: iii | C37: Lintels (3000 psi) | D37: m3 | E37: =6500/(3.281)^3 -> 184.03256 | F37: 14445.813 | G37: =E37*F37 -> 2658500
B39: iv | C39: Floor slabs and beams (4000 psi) | G39: =E39*F39 -> 0
C40: FF (7"Th slab + 18"drop beams) | D40: m3 | E40: =20920/(3.281)^3 -> 592.30171 | F40: 15258.17 | G40: =E40*F40 -> 9037440
C41: 2nd Floor (7"Th slab+18" beams) | D41: m3 | E41: =20855/(3.281)^3 -> 590.46139 | F41: 15258.17 | G41: =E41*F41 -> 9009360
C42: 3rd Floor (7"Th slab+ 18" drop beams) | D42: m3 | E42: =20855/(3.281)^3 -> 590.46139 | F42: 15258.17 | G42: =E42*F42 -> 9009360
C43: 4th Floor (7"Th slab+18" drop beams) | D43: m3 | E43: =20855/(3.281)^3 -> 590.46139 | F43: 15258.17 | G43: =E43*F43 -> 9009360
C44: 5th Floor (7" TH slab with 18" drop beams) | D44: m3 | E44: =20855/(3.281)^3 -> 590.46139 | F44: 15258.17 | G44: =E44*F44 -> 9009360
C45: 6th Floor (7" TH slab with 18" drop beams) | D45: m3 | E45: =20855/(3.281)^3 -> 590.46139 | F45: 15258.17 | G45: =E45*F45 -> 9009360
C46: 7th Floor (7" TH slab with 18" drop beams) | D46: m3 | E46: =20855/(3.281)^3 -> 590.46139 | F46: 15258.17 | G46: =E46*F46 -> 9009360
C47: 8th Floor (7" TH slab with 18" drop beams) | D47: m3 | E47: =20855/(3.281)^3 -> 590.46139 | F47: 15258.17 | G47: =E47*F47 -> 9009360
C48: 9th Floor (7" TH slab with 18"drop beams) | D48: m3 | E48: =20855/(3.281)^3 -> 590.46139 | F48: 15258.17 | G48: =E48*F48 -> 9009360
C49: 10th Floor (7" TH slab with 18" drop beams) | D49: m3 | E49: =20855/(3.281)^3 -> 590.46139 | F49: 15258.17 | G49: =E49*F49 -> 9009360
C50: 11th Floor (7" TH slab with 18"drop beams) | D50: m3 | E50: =20855/(3.281)^3 -> 590.46139 | F50: 15258.17 | G50: =E50*F50 -> 9009360
C51: Roof (7" TH slab with 18" drop beams) | D51: m3 | E51: =20280/(3.281)^3 -> 574.18158 | F51: 15258.17 | G51: =E51*F51 -> 8760960
C52: Mumty Roof (7" TH slab with 18" drop beams) | D52: m3 | E52: =1220/(3.281)^3 -> 34.541496 | F52: 15258.17 | G52: =E52*F52 -> 527040
G53: =E53*F53 -> 0
B54: v | C54: RCC parapet wall (3000 psi) | D54: m3 | E54: =4050/(3.281)^3 -> 114.66644 | F54: 14445.813 | G54: =E54*F54 -> 1656450
B56: vi | C56: Stairs (4000 psi) | D56: m3 | E56: =5770/(3.281)^3 -> 163.36429 | F56: 15258.17 | G56: =E56*F56 -> 2492640
B58: vii | C58: Over Head water tank(4000 psi)
C59: Base slab | D59: m3 | E59: =945/(3.281)^3 -> 26.755503 | F59: 15258.17 | G59: =E59*F59 -> 408240
C60: Walls | D60: m3 | E60: =950/3.281^3 -> 26.897066 | F60: 15258.17 | G60: =E60*F60 -> 410400
C61: Top slab | D61: m3 | E61: =570/3.281^3 -> 16.13824 | F61: 15258.17 | G61: =E61*F61 -> 246240
B63: viii | C63: Swimming Pool (4000 psi)
C64: Base slab | D64: m3 | E64: =1150/(3.281)^3 -> 32.559607 | F64: 15258.17 | G64: =E64*F64 -> 496800
C65: Walls | D65: m3 | E65: =600/(3.281)^3 -> 16.987621 | F65: 15258.17 | G65: =E65*F65 -> 259200
B67: 2 | C67: Water Proofing | G67: =E67*F67 -> 0
B68: a | C68: Providing and fixing of water stopper 4mm thick and 229 mm wide poly vinyl chloride ribbed bar by Marflex or approved equivalent installed in the centre of x-section of the concrete structure joint of retaining walls and water tanks including proper joint welding complete in all respects as per drawings and as directed by the consultant / Engineer. (considering 2 levels in each retaining wall height) | D68: mtr | E68: =360/(3.281) -> 109.72265 | F68: 0 | G68: =E68*F68 -> 0
B70: 3 | C70: Steel Reinforcement
C71: Fabricating/ cut, bend and placing of owner supplied steel from the site stock yard (hot rolled deformed bar of min. yield strength 60,000 psi) for the cement concrete work including testing of bars, providing and binding with annealed wire, removal of rust from the bars, all overlaps, chairs, supports etc. complete in all respect. Only the lengths shown on the drawings at their standard weights shall be paid for in accordance with a bending schedule prepared by the contractor and submitted well in advance to Engineer for approval | G71: =E71*F71 -> 0
C72: Total Steel Quantity | D72: ton | E72: 1810 | G72: =E72*F72 -> 0
E73: Total Amount (Rs) | G73: =SUM(G4:G72) -> 157158970
E74: Covered Area (Sft) | G74: =393654-115398 -> 278256
E75: Rate/sft | G75: =G73/G74 -> 564.79993

Sheet L
B1: LAKE CITY ROOF GARDEN LAHORE APPARTMENTS-PHASE 2 STRUCTURAL WORKS L-TOWERS (MATERIAL ONLY)
B3: SR. | C3: ITEM DESCRIPTION | D3: UNIT | E3: TOTAL QTY | F3: RATE | G3: AMOUNT
B4: 1 | C4: Reinforced Cement Concrete Work
C5: Laying owner supplied concrete from point of delivery, vibrating, compacting, finishing and curing etc. straight or curved, cast in situ reinforced cement concrete at any floor/height/depth, pumped ready mix concrete, 4000 psi and 5000 Psi (mentioned in parenthesis ) minimum cylinder crushing strength at 28 days, mix using Ordinary Portland Grey Cement, fine aggregate Lawrence pur good quality clean sand free from impurities and Sargodha crushed course aggregate 3/4 '' & 1/2" down well-graded, including vibrations through electro mechanical vibrators, steel form work, moulds, false work and their removal, placing of all pipes and embedded items before concreting curing finishing complete but excluding the cost of steel reinforcement complete in all respect as per drawings and as directed by the Consultant/Engineer incharge. | G5: =E5*F5 -> 0
B7: i | C7: Columns (5000 psi)
C8: Ground to First Floor | D8: m3 | E8: =7625/3.281^3 -> 215.88435 | F8: 16918.202 | G8: =E8*F8 -> 3652375
C9: 1st to 2nd Floor | D9: m3 | E9: =3905/3.281^3 -> 110.5611 | F9: 16918.202 | G9: =E9*F9 -> 1870495
C10: 2nd to 3rd Floor | D10: m3 | E10: =3990/3.281^3 -> 112.96768 | F10: 16918.202 | G10: =E10*F10 -> 1911210
C11: 3rd to 4th Floor | D11: m3 | E11: =3450/3.281^3 -> 97.67882 | F11: 16918.202 | G11: =E11*F11 -> 1652550
C12: 4th to 5th Floor | D12: m3 | E12: =3450/3.281^3 -> 97.67882 | F12: 16918.202 | G12: =E12*F12 -> 1652550
C13: 5th to 6th Floor | D13: m3 | E13: =3450/3.281^3 -> 97.67882 | F13: 16918.202 | G13: =E13*F13 -> 1652550
C14: 6th to 7th Floor | D14: m3 | E14: =3450/3.281^3 -> 97.67882 | F14: 16918.202 | G14: =E14*F14 -> 1652550
C15: 7th to 8th Floor | D15: m3 | E15: =3450/3.281^3 -> 97.67882 | F15: 16918.202 | G15: =E15*F15 -> 1652550
C16: 8th to 9th Floor | D16: m3 | E16: =3450/3.281^3 -> 97.67882 | F16: 16918.202 | G16: =E16*F16 -> 1652550
C17: 9th to 10th Floor | D17: m3 | E17: =3450/3.281^3 -> 97.67882 | F17: 16918.202 | G17: =E17*F17 -> 1652550
C18: 10th to 11th Floor | D18: m3 | E18: =3835/3.281^3 -> 108.57921 | F18: 16918.202 | G18: =E18*F18 -> 1836965
C19: 11th to Roof | D19: m3 | E19: =4600/3.281^3 -> 130.23843 | F19: 16918.202 | G19: =E19*F19 -> 2203400
C20: Roof to Mummty | D20: m3 | E20: =420/3.281^3 -> 11.891335 | F20: 16918.202 | G20: =E20*F20 -> 201180
B22: ii | C22: Lift wells/shearwalls(5000 psi) | G22: =E22*F22 -> 0
C23: Ground to First Floor | D23: m3 | E23: =6675/3.281^3 -> 188.98728 | F23: 16918.202 | G23: =E23*F23 -> 3197325
C24: 1st to 2nd Floor | D24: m3 | E24: =4045/3.281^3 -> 114.52488 | F24: 16918.202 | G24: =E24*F24 -> 1937555
C25: 2nd to 3rd Floor | D25: m3 | E25: =4045/3.281^3 -> 114.52488 | F25: 16918.202 | G25: =E25*F25 -> 1937555
C26: 3rd to 4th Floor | D26: m3 | E26: =4045/3.281^3 -> 114.52488 | F26: 16918.202 | G26: =E26*F26 -> 1937555
C27: 4th to 5th Floor | D27: m3 | E27: =4045/3.281^3 -> 114.52488 | F27: 16918.202 | G27: =E27*F27 -> 1937555
C28: 5th to 6th Floor | D28: m3 | E28: =4045/3.281^3 -> 114.52488 | F28: 16918.202 | G28: =E28*F28 -> 1937555
C29: 6th to 7th Floor | D29: m3 | E29: =4045/3.281^3 -> 114.52488 | F29: 16918.202 | G29: =E29*F29 -> 1937555
C30: 7th to 8th Floor | D30: m3 | E30: =4045/3.281^3 -> 114.52488 | F30: 16918.202 | G30: =E30*F30 -> 1937555
C31: 8th to 9th Floor | D31: m3 | E31: =4045/3.281^3 -> 114.52488 | F31: 16918.202 | G31: =E31*F31 -> 1937555
C32: 9th to 10th Floor | D32: m3 | E32: =4045/3.281^3 -> 114.52488 | F32: 16918.202 | G32: =E32*F32 -> 1937555
C33: 10th to 11th Floor | D33: m3 | E33: =4430/3.281^3 -> 125.42527 | F33: 16918.202 | G33: =E33*F33 -> 2121970
C34: 11th to Roof | D34: m3 | E34: =5200/3.281^3 -> 147.22605 | F34: 16918.202 | G34: =E34*F34 -> 2490800
C35: Roof to Mummty | D35: m3 | E35: =5200/3.281^3 -> 147.22605 | F35: 16918.202 | G35: =E35*F35 -> 2490800
B37: iii | C37: Lintels (3000 psi) | D37: m3 | E37: =8550/(3.281)^3 -> 242.0736 | F37: 14445.813 | G37: =E37*F37 -> 3496950
B39: iv | C39: Floor slabs and beams (4000 psi) | G39: =E39*F39 -> 0
C40: FF (7"Th slab + 18"drop beams) | D40: m3 | E40: =27735/(3.281)^3 -> 785.25277 | F40: 15258.17 | G40: =E40*F40 -> 11981520
C41: 2nd Floor (7"Th slab+18" beams) | D41: m3 | E41: =27645/(3.281)^3 -> 782.70463 | F41: 15258.17 | G41: =E41*F41 -> 11942640
C42: 3rd Floor (7"Th slab+ 18" drop beams) | D42: m3 | E42: =27645/(3.281)^3 -> 782.70463 | F42: 15258.17 | G42: =E42*F42 -> 11942640
C43: 4th Floor (7"Th slab+18" drop beams) | D43: m3 | E43: =27645/(3.281)^3 -> 782.70463 | F43: 15258.17 | G43: =E43*F43 -> 11942640
C44: 5th Floor (7" TH slab with 18" drop beams) | D44: m3 | E44: =27645/(3.281)^3 -> 782.70463 | F44: 15258.17 | G44: =E44*F44 -> 11942640
C45: 6th Floor (7" TH slab with 18" drop beams) | D45: m3 | E45: =27645/(3.281)^3 -> 782.70463 | F45: 15258.17 | G45: =E45*F45 -> 11942640
C46: 7th Floor (7" TH slab with 18" drop beams) | D46: m3 | E46: =27645/(3.281)^3 -> 782.70463 | F46: 15258.17 | G46: =E46*F46 -> 11942640
C47: 8th Floor (7" TH slab with 18" drop beams) | D47: m3 | E47: =27645/(3.281)^3 -> 782.70463 | F47: 15258.17 | G47: =E47*F47 -> 11942640
C48: 9th Floor (7" TH slab with 18"drop beams) | D48: m3 | E48: =27645/(3.281)^3 -> 782.70463 | F48: 15258.17 | G48: =E48*F48 -> 11942640
C49: 10th Floor (7" TH slab with 18" drop beams) | D49: m3 | E49: =27645/(3.281)^3 -> 782.70463 | F49: 15258.17 | G49: =E49*F49 -> 11942640
C50: 11th Floor (7" TH slab with 18"drop beams) | D50: m3 | E50: =27645/(3.281)^3 -> 782.70463 | F50: 15258.17 | G50: =E50*F50 -> 11942640
C51: Roof (7" TH slab with 18" drop beams) | D51: m3 | E51: =26880/(3.281)^3 -> 761.04541 | F51: 15258.17 | G51: =E51*F51 -> 11612160
C52: Mumty Roof (7" TH slab with 18" drop beams) | D52: m3 | E52: =2780/(3.281)^3 -> 78.70931 | F52: 15258.17 | G52: =E52*F52 -> 1200960
G53: =E53*F53 -> 0
B54: v | C54: RCC parapet wall (3000 psi) | D54: m3 | E54: =5370/(3.281)^3 -> 152.03921 | F54: 14445.813 | G54: =E54*F54 -> 2196330
B56: vi | C56: Stairs (4000 psi) | D56: m3 | E56: =5770/(3.281)^3 -> 163.36429 | F56: 15258.17 | G56: =E56*F56 -> 2492640
B58: vii | C58: Over Head water tank(4000 psi)
C59: Base slab | D59: m3 | E59: =1055/(3.281)^3 -> 29.8699 | F59: 15258.17 | G59: =E59*F59 -> 455760
C60: Walls | D60: m3 | E60: =1100/3.281^3 -> 31.143972 | F60: 15258.17 | G60: =E60*F60 -> 475200
C61: Top slab | D61: m3 | E61: =655/3.281^3 -> 18.544819 | F61: 15258.17 | G61: =E61*F61 -> 282960
B63: 2 | C63: Water Proofing | G63: =E63*F63 -> 0
B64: a | C64: Providing and fixing of water stopper 4mm thick and 229 mm wide poly vinyl chloride ribbed bar by Marflex or approved equivalent installed in the centre of x-section of the concrete structure joint of retaining walls and water tanks including proper joint welding complete in all respects as per drawings and as directed by the consultant / Engineer. (considering 2 levels in each retaining wall height) | D64: mtr | E64: =255/(3.281) -> 77.720207 | F64: 0 | G64: =E64*F64 -> 0
B66: 3 | C66: Steel Reinforcement
C67: Fabricating/ cut, bend and placing of owner supplied steel from the site stock yard (hot rolled deformed bar of min. yield strength 60,000 psi) for the cement concrete work including testing of bars, providing and binding with annealed wire, removal of rust from the bars, all overlaps, chairs, supports etc. complete in all respect. Only the lengths shown on the drawings at their standard weights shall be paid for in accordance with a bending schedule prepared by the contractor and submitted well in advance to Engineer for approval | G67: =E67*F67 -> 0
C68: Total Steel Quantity | D68: ton | E68: 2140 | F68: 235968 | G68: =E68*F68 -> 504971520
E69: Total Amount (Rs) | G69: =SUM(G4:G68) -> 709574765
E70: Covered Area (Sft) | G70: 390638
E71: Rate/sft | G71: =G69/G70 -> 1816.4509

Sheet Quotations for Mobile crane
E8: As of: | F8: =TODAY() -> 46010
A10: Quotations for Mobile Crane
A13: S.no | B13: Contractor Ref No. | C13: Submittal Ref | D13: Description | E13: Submission date | F13: Receiving date | G13: Status
A15: 1 | B15: 17 | C15: ICPL/LCD/22/0901 | D15: Quotation for Monthly Rental Mobile Crane | E15: 44805 | F15: 44805 | G15: R
A16: 2 | B16: 20 | C16: ICPL/LCD/22/0902 | D16: Quotation daily rental cost for 25 Ton capacity Mobile crane | E16: 44807 | F16: 44807 | G16: 575000 Approved
A17: 3
A18: 4
A19: 5
A20: 6
A21: 7
A22: 8
A23: 9
A24: 10

Sheet Inventory list
D8: As of: | E8: =TODAY() -> 46010
A11: Lake City Roof Gardens (Inventory List)
A13: S.no | B13: Description | C13: Receiving date | D13: Qty | E13: Size | F13: Remarks
A16: 1 | B16: Office Table (CM Office) | D16: 2 | E16: 2x4 | F16: UNISON
A17: 2 | B17: Executive Revolving Chairs (CM office) | C17: 44810 | D17: 4 | F17: UNISON
A18: 3 | B18: Revolving Chairs net black Low back (CM office) | C18: 44810 | D18: 6 | F18: UNISON
A19: 4 | B19: Visitors steel Chairs (CM Office) | D19: 4 | F19: UNISON
A20: 5 | B20: Bracket Fan (CM Office) | D20: 3 | F20: UNISON
A21: 6 | B21: Exhaust Fan Installed in CM Containers | D21: 3 | F21: UNISON
A22: 7 | B22: Container | D22: 1 | E22: 18x10 | F22: Client
A23: 8 | B23: Container | C23: 13 June and 17 August-22 | D23: 2 | E23: 40x18 | F23: UNISON
A24: 9 | B24: Executive Revolving chair | C24: 44810 | D24: 1 | F24: Client
A25: 10 | B25: Printer CM Office | C25: 44810 | D25: 1 | E25: A4 size | F25: UNISON
A26: 11 | B26: Haier Fridge CM Office | C26: 44814 | D26: 1 | E26: Medium | F26: UNISON
A27: 12 | B27: Haier AC Inverter CM Office | C27: 44814 | D27: 1 | E27: 1.5 Ton | F27: UNISON
A28: 13 | B28: Haier AC Inverter CM Office | C28: 44814 | D28: 1 | E28: 1 Ton | F28: UNISON
A29: 14 | B29: Oven CM Office | C29: 44814 | D29: 1 | F29: UNISON
A30: 15 | B30: Work station CM Office | C30: 44817 | D30: 8 | F30: UNISON
A31: 16 | B31: File Rack CM Office | C31: 44817 | D31: 5 | F31: UNISON
A32: 17 | B32: Executive Table with side rack and Drawer | C32: 44821 | D32: 1 | F32: Client
A33: 18 | B33: Electric Cattle CM Office | C33: 44823 | D33: 1 | F33: UNISON
A34: 19 | B34: Executive Chairs | C34: 44825 | D34: 2 | F34: Client
A35: 20 | B35: Containers for Client | C35: 44833 | D35: 1 | E35: 40x18 | F35: Client
A36: 21 | B36: Water Dispenser Enviro CM Office | C36: 44833 | D36: 1 | F36: UNISON
A37: 22 | B37: Office Table CM Office | C37: 44855 | D37: 4 | E37: 2x4 | F37: 2 client
A38: 23 | B38: Meeting Table | C38: 44854 | D38: 2 | E38: 16x4 | F38: Client
A39: 24 | B39: Revolving Chairs (Net Black) Low back | C39: 44854 | D39: 14 | F39: Client
A40: 25 | B40: Visitors chairs (Stainless Steel) | C40: 44854 | D40: 8 | F40: Client
A41: 26 | B41: File Rack | C41: 44856 | D41: 8 | F41: 3 Client
A42: 27 | B42: DB | C42: 44859 | D42: 4

Sheet UET Test Reports
A10: UET Steel Test Reports
A13: S.no | B13: Description | C13: Submission date | D13: Test Date | E13: Payment date | F13: Status | G13: Normal Fee | H13: Urgent Fee | I13: Total Payment
A15: 44771
A16: 1 | B16: Deformed steel Dia 6 | C16: 44769 | D16: 44771 | E16: 44771 | F16: Ok | G16: 13100 | I16: =SUM(G16+H16) -> 13100
A17: 2 | B17: Deformed steel Dia 8 | C17: 44769 | D17: 44771 | F17: Ok
A18: 44806
A19: 3 | B19: Deformed steel Dia 8 | C19: 44806 | D19: 44806 | E19: 44806 | F19: Ok | G19: 10500 | I19: =G19+H20 -> 21000
A20: 4 | B20: Deformed steel Dia 6 | C20: 44806 | D20: 44806 | E20: 44809 | F20: Ok | H20: 10500
A21: 44809
A22: 5 | B22: Deformed steel Dia 4 | C22: 44809 | D22: 44809 | E22: 44809 | F22: Not ok | H22: 6000 | I22: =G22+H22 -> 6000
A23: 6 | B23: Deformed steel Dia 3 | C23: 44806 | D23: 44809 | E23: 44809 | G23: 4600 | H23: 1150 | I23: =G23+H23 -> 5750
A24: 7 | B24: Total Payment | I24: =SUM(I16:I23) -> 45850

Sheet ICPL L1 Tower IR
C1: PROJECT: CONSTRUCTION OF LAKE CITY ROOF GARDEN APARTMENTS
D3: INSPECTION REQUEST LOG (L1 Tower) | J3: IR STATUS
J4: Fully Approved (A) | L4: =COUNTIFS(K:K,"A") -> 689
J5: Approved with comments (B) | L5: =COUNTIFS(K:K, "B") -> 3
J6: Rejected ( R) | L6: =COUNTIFS(K:K, "R") -> 1
J7: Open/Pending (OP) | L7: =COUNTIFS(K:K, "OP") -> 0
J8: Total | L8: =SUM(L4:L7) -> 693
A10: Sr. | B10: Work Package | C10: Floor | D10: IR No. | E10: Submission Date | F10: Inspection Date | G10: Element | H10: Activity Description | I10: Level | J10: Location/ Grid Ref | K10: IR Status | L10: IR Closing date | M10: Pour Card No. | N10: Concrete Qty (m3) | O10: Attachment | P10: Remarks
A11: 1 | B11: Sub Structure | C11: Basement | D11: L1/1 | E11: 44826 | G11: Tower Crane | H11: Layout of Tower crane foundation Zone 8 | J11: Grid K-M/17-20 | K11: A | L11: 44840 | O11: E:\Soft IRs\ICPL\L1-Tower IR's\new\1.pdf
A12: 2 | B12: Sub Structure | C12: Basement | D12: L1/2 | E12: 44827 | G12: Surface preparation | H12: Excavation, surface preparation and final bed level I Tower Zone 8 | J12: Grid K-M/17-20 | K12: A | L12: 44840 | O12: E:\Soft IRs\ICPL\L1-Tower IR's\new\2.pdf
A13: 3 | B13: Sub Structure | C13: Basement | D13: L1/3 | E13: 44827 | G13: Termite proofing | H13: Termite proofing for Tower Crane Zone 8 | J13: Grid K-M/17-20 | K13: A | L13: 44832 | O13: E:\Soft IRs\ICPL\L1-Tower IR's\new\3.pdf
A14: =1+A13 -> 4 | B14: Sub Structure | C14: Basement | D14: L1/4 | E14: 44828 | G14: PCC | H14: PCC as per IFC drawing | J14: Grid K-M/17-20 | K14: A | L14: 44840 | N14: 16 | O14: E:\Soft IRs\ICPL\L1-Tower IR's\new\4.pdf
A15: =1+A14 -> 5 | B15: Sub Structure | C15: Basement | D15: L1/5 | E15: 44828 | G15: Tower Crane | H15: Layout of Tower Crane foundation and columns as per IFC Zone 8 | J15: Grid K-M/17-20 | K15: A | L15: 44840 | O15: E:\Soft IRs\ICPL\L1-Tower IR's\new\5.pdf
A16: =1+A15 -> 6 | B16: Sub Structure | C16: Basement | D16: L1/6 | E16: 44837 | G16: Tower Crane | H16: Steel fixing of Tower Crane foundation and dowels Zone 8 | J16: Grid K-M/17-20 | K16: A | L16: 44840 | O16: E:\Soft IRs\ICPL\L1-Tower IR's\new\6.pdf
A17: =1+A16 -> 7 | B17: Sub Structure | C17: Basement | D17: L1/7 | E17: 44838 | G17: Raft | H17: Layout and level of raft top of Tower crane columns Zone 8 | J17: Grid K-M/18-19 | K17: A | L17: 44840 | O17: E:\Soft IRs\ICPL\L1-Tower IR's\new\7.pdf
A18: =1+A17 -> 8 | B18: Sub Structure | C18: Basement | D18: L1/8 | E18: 44839 | G18: Raft concrete | H18: Raft concrete pouring 4000 psi | J18: Grid K-M/17-20 | K18: A | L18: 44840 | N18: 65 | O18: E:\Soft IRs\ICPL\L1-Tower IR's\new\8.pdf
A19: =1+A18 -> 9 | B19: Sub Structure | C19: Basement | D19: L1/9 | E19: 44836 | G19: Surface preparation | H19: Layout excavation, surface preparation and final bed level L Tower | J19: Grid G-T/15-26 | K19: A | L19: 44840 | O19: E:\Soft IRs\ICPL\L1-Tower IR's\new\9.pdf
A20: =1+A19 -> 10 | B20: Sub Structure | C20: Basement | D20: L1/10 | E20: 44845 | G20: Surface preparation | H20: Excavation, Surface preparation and final bed level of Lift, service lift and sumpits | J20: Grid G-T/15-26 | K20: A | L20: 44846 | O20: E:\Soft IRs\ICPL\L1-Tower IR's\new\10.pdf
A21: =1+A20 -> 11 | B21: Sub Structure | C21: Basement | D21: L1/11 | E21: 44847 | G21: PCC | H21: 1st layer PCC level Layout of lift, service Lift, sumpit | J21: Grid G-T/15-26 | K21: A | L21: 44851 | M21: PC-19 | N21: 9 | O21: E:\Soft IRs\ICPL\L1-Tower IR's\new\11.pdf
A22: =1+A21 -> 12 | B22: Sub Structure | C22: Basement | D22: L1/12 | E22: 44858 | G22: Brick work | H22: Brick work of lift, service lift, sumpit and allow for plaster | J22: Grid G-T/15-26 | K22: A | L22: 44866 | O22: E:\Soft IRs\ICPL\L1-Tower IR's\new\12.pdf
A23: =1+A22 -> 13 | B23: Sub Structure | C23: Basement | D23: L1/13 | E23: 44858 | G23: Surface preparation | H23: Surface preparation level and allow for termite proofing 1st Layer PCC | J23: Grid F-G/20-26 | K23: A | L23: 44866 | O23: E:\Soft IRs\ICPL\L1-Tower IR's\new\13.pdf
A24: =1+A23 -> 14 | B24: Sub Structure | C24: Basement | D24: L1/14 | E24: 44859 | G24: PCC | H24: 1st layer PCC level and allow for brickwork | J24: Grid F-T/26-26 | K24: A | L24: 44866 | O24: E:\Soft IRs\ICPL\L1-Tower IR's\new\14.pdf
A25: =1+A24 -> 15 | B25: Sub Structure | C25: Basement | D25: L1/15
A26: =1+A25 -> 16 | B26: Sub Structure | C26: Basement | D26: L1/16 | E26: 44859 | G26: Termite proofing | H26: Termite proofing before PCC | J26: Grid F-G/20-26 | K26: A | L26: 44859 | O26: E:\Soft IRs\ICPL\L1-Tower IR's\new\16.pdf
A27: =1+A26 -> 17 | B27: Sub Structure | C27: Basement | D27: L1/17 | E27: 44860 | G27: Brick work | H27: Brick work and allow for plaster of raft protection wall | J27: Grid F-H/26 | K27: A | L27: 44866 | O27: E:\Soft IRs\ICPL\L1-Tower IR's\new\17.pdf
A28: =1+A27 -> 18 | B28: Sub Structure | C28: Basement | D28: L1/18 | E28: 44860 | G28: Surface preparation | H28: Surface preparation and allow for termite proofing | J28: Grid H-L/20-26 | K28: A | L28: 44866 | O28: E:\Soft IRs\ICPL\L1-Tower IR's\new\18.pdf
A29: =1+A28 -> 19 | B29: Sub Structure | C29: Basement | D29: L1/19 | E29: 44860 | G29: Termite proofing | H29: Termite proofing and allow for PCC | J29: Grid H-L/20-26 | K29: A | L29: 44866 | O29: E:\Soft IRs\ICPL\L1-Tower IR's\new\19.pdf
A30: =1+A29 -> 20 | B30: Sub Structure | C30: Basement | D30: L1/20 | E30: 44861 | G30: PCC Level | H30: Layout and 1st PCC Level and allow for bricki work | J30: Grid G-L/20 | K30: A | L30: 44866 | O30: E:\Soft IRs\ICPL\L1-Tower IR's\new\20.pdf
A31: =1+A30 -> 21 | B31: Sub Structure | C31: Basement | D31: L1/21 | E31: 44865 | G31: PCC | H31: 1st layer PCC level and allow for primer and membrane | J31: Grid F-H/11-20 | K31: A | L31: 44866 | O31: E:\Soft IRs\ICPL\L1-Tower IR's\new\21.pdf
B32: Sub Structure | C32: Basement | D32: L1/22 | E32: 44865 | G32: PCC | H32: 1st layer of PCC level and allow for primer and membrane | J32: Grid G-H/20-26 | K32: A | L32: 44866 | O32: E:\Soft IRs\ICPL\L1-Tower IR's\new\22.pdf
B33: Sub Structure | C33: Basement | D33: L1/23 | E33: 44866 | G33: Primer, membrane | H33: Primer and membrane and allow for 2nd layer PCC | J33: Grid G-H/20-26 | K33: A | L33: 44873 | O33: E:\14.Soft IRs\ICPL\L1-Tower IR's\new\23.pdf
B34: Sub Structure | C34: Basement | D34: L1/24 | E34: 44866 | G34: Primer, membrane | H34: Primer and membrane and allow for 2nd layer PCC | J34: Grid F-H/11-20, F/20-26 | K34: A | L34: 44873 | O34: E:\14.Soft IRs\ICPL\L1-Tower IR's\new\24.pdf
B35: Sub Structure | C35: Basement | D35: L1/25 | E35: 44866 | G35: PCC | H35: 2nd layer PCC Level | J35: Grid F-H/15-26 | K35: A | L35: 44873 | O35: E:\14.Soft IRs\ICPL\L1-Tower IR's\new\25.pdf
B36: Sub Structure | C36: Basement | D36: L1/26 | E36: 44866 | G36: Surface preparation | H36: Surface preparation and allow for termite proofing | J36: Grid L-T/15-26 | K36: A | L36: 44873 | O36: E:\14.Soft IRs\ICPL\L1-Tower IR's\new\26.pdf
B37: Sub Structure | C37: Basement | D37: L1/27 | E37: 44866 | G37: Brick work | H37: Brick work and allow for plaster of raft protection wall | J37: Grid H-T/26 | K37: A | L37: 44873 | O37: E:\14.Soft IRs\ICPL\L1-Tower IR's\new\27.pdf
B38: Sub Structure | C38: Basement | D38: L1/28 | E38: 44868 | G38: PCC | H38: 1st layer PCC level and allow for primer and membrane of lift and sumpits | J38: L1 Tower lift,sumpits | K38: A | L38: 44873 | O38: E:\14.Soft IRs\ICPL\L1-Tower IR's\new\28.pdf
B39: Sub Structure | C39: Basement | D39: L1/29 | E39: 44869 | G39: Layout,level | H39: Layout and level of RTW1, columns and service lift and allow for steel | J39: F-H/20-26 | K39: A | L39: 44873 | O39: E:\14.Soft IRs\ICPL\L1-Tower IR's\new\29.pdf
B40: Sub Structure | C40: Basement | D40: L1/30 | E40: 44869 | G40: PCC | H40: 1st layer of PCC and allow for Primer & Mebrane | J40: J-N/20-26 | K40: A | L40: 44873 | O40: E:\14.Soft IRs\ICPL\L1-Tower IR's\new\30.pdf
B41: Sub Structure | C41: Basement | D41: L1/31 | E41: 44869 | G41: PCC | H41: Level of 2nd layer PCC before raft | J41: F-H/11-26 | K41: A | L41: 44873 | O41: E:\14.Soft IRs\ICPL\L1-Tower IR's\new\31.pdf
B42: Sub Structure | C42: Basement | D42: L1/32 | E42: 44869 | G42: Primer | H42: Check primer and membrane and allow for 2nd layer PCC | J42: J-N/20-26 | K42: A | L42: 44882
B43: Sub Structure | C43: Basement | D43: L1/33 | E43: 44870 | G43: Primer and membrane | H43: Primer and membrane of lift and sumpits and allow for 2nd layer of PCC | J43: L1 Tower lift,sumpits | K43: A | L43: 44873 | O43: E:\14.Soft IRs\ICPL\L1-Tower IR's\new\33.pdf
B44: Sub Structure | C44: Basement | D44: L1/34 | E44: 44870 | G44: Layout,level | H44: Level and layout of columns and RTW and allow for steel | J44: Grid H-L/19-26 | K44: A | L44: 44873 | O44: E:\14.Soft IRs\ICPL\L1-Tower IR's\new\26.pdf
B45: Sub Structure | C45: Basement | D45: L1/35 | E45: 44870 | G45: PCC | H45: 1st layer of PCC and allow for primer and membrane L1 Tower | J45: Grid N-T/20-26 | K45: A | L45: 44873 | O45: E:\14.Soft IRs\ICPL\L1-Tower IR's\new\35.pdf
B46: Sub Structure | C46: Basement | D46: L1/36 | E46: 44870 | G46: Primer, membrane | H46: Primer and membrane and allow for 2nd layer of PCC | J46: Grid N-T/20-26 | K46: A | L46: 44873 | O46: E:\14.Soft IRs\ICPL\L1-Tower IR's\new\36.pdf
B47: Sub Structure | C47: Basement | D47: L1/37 | E47: 44872 | G47: Surface preparation | H47: Surface preparation and allow for termite proofing | J47: Grid M-T/15-15 | K47: A | L47: 44879
B48: Sub Structure | C48: Basement | D48: L1/38 | E48: 44872 | G48: Termite proofing | H48: Termite proofing and allow for 1st layer PCC | J48: Grid M-T/15-15 | K48: A | L48: 44879
B49: Sub Structure | C49: Basement | D49: L1/39 | E49: 44872 | G49: Layout | H49: Layout of columns and allow for steel fixing | J49: Grid F-H/12-19 | K49: A | L49: 44879
B50: Sub Structure | C50: Basement | D50: L1/40 | E50: 44872 | G50: Excavation | H50: Excavation level and surface preparation isolated footing and allow for termite proofing | J50: Grid L-M/14-20 | K50: A | L50: 44879
B51: Sub Structure | C51: Basement | D51: L1/41 | E51: 44872 | G51: Termite proofing | H51: Termite proofing of isolated footing and allow for 1st layer of PCC | J51: Grid L-M/14-20 | K51: A | L51: 44879
B52: Sub Structure | C52: Basement | D52: L1/42 | E52: 44872 | G52: Layout,level | H52: Level and layout of columns , RTW, Sumpit, Shear wall and lift and also allow for stee | J52: Grid L-Q/20-26 | K52: A | L52: 44873 | O52: E:\14.Soft IRs\ICPL\L1-Tower IR's\new\42.pdf
B53: Sub Structure | C53: Basement | D53: L1/43 | E53: 44873 | G53: Core cutting | H53: Core cutting in 1st layer of PCC for earthing Rod conduit Zone 4 & 5 | J53: Grid O-R/17-23 | K53: A | L53: 44879
B54: Sub Structure | C54: Basement | D54: L1/44 | E54: 44875 | G54: Termite proofing | H54: Termite proofing and allow for 1st layer PCC | J54: Grid N-N/15-20 | K54: A | L54: 44879
B55: Sub Structure | C55: Basement | D55: L1/45 | E55: 44875 | G55: Surface preparation | H55: Check the surface preparation and allow for brick work | J55: Grid N-N/15-20, L-N/20 | K55: A | L55: 44879
B56: Sub Structure | C56: Basement | D56: L1/46 | E56: 44875 | G56: Brick Work | H56: Brick Work and allow for plaster | J56: Grid N-N/15-20,L-N/20 | K56: A | L56: 44879
B57: Sub Structure | C57: Basement | D57: L1/47 | E57: 44875 | G57: Brick work | H57: Brick work and allow for plaster | J57: Grid G-K/20 | K57: A | L57: 44879
B58: Sub Structure | C58: Basement | D58: L1/48 | E58: 44875 | G58: Plaster | H58: Check the plaster and allow for primer and membrane | J58: Grid G-K/20 | K58: A | L58: 44879
B59: Sub Structure | C59: Basement | D59: L1/49 | E59: 44875 | G59: Boring | H59: Boring in 1st layer of PCC for earthing rod conduit Zone 4 & 5 | J59: Grid O-R/17-23 | K59: A | L59: 22-Nonv-22
B60: Sub Structure | C60: Basement | D60: L1/50 | E60: 44876 | G60: Layout,level | H60: Level and layout of columns and RTW Zone 4 | J60: Grid Q-T/23-26 | K60: A | L60: 44879
B61: Sub Structure | C61: Basement | D61: L1/51 | E61: 44876 | G61: Primer | H61: Check the primer and membrane | J61: Grid G-K/20 | K61: A | L61: 44879
B62: Sub Structure | C62: Basement | D62: L1/52 | E62: 44876 | G62: Steel fixing | H62: Steel fixing of service lift and allow for pouring | J62: Grid H-J/23-24 | K62: A | L62: 44879
B63: Sub Structure | C63: Basement | D63: L1/53 | E63: 44877 | G63: PCC | H63: 1st layer PCC and allow for primer and membrane L1 Tower | J63: Grid N-T/15-20 | K63: A | L63: 44882
B64: Sub Structure | C64: Basement | D64: L1/54 | E64: 44877 | G64: Primer | H64: Primer and membrane and allow for 2nd layer PCC | J64: Grid N-T/15-20 | K64: A | L64: 44887
B65: Sub Structure | C65: Basement | D65: L1/55 | E65: 44877 | G65: Steel fixing | H65: Bottom steel of raft foundation and allow for top steel fixing L1 Tower | J65: Grid G-L/20-26 | K65: A | L65: 44882
B66: Sub Structure | C66: Basement | D66: L1/56 | E66: 44881 | G66: To steel raft | H66: Top steel raft foundation, Dowel of columns and RTW1 and Bottom+Top steel SOG | J66: Grid 18-26/F-L | K66: B | L66: 44887
B67: Sub Structure | C67: Basement | D67: L1/57 | E67: 44881 | G67: Water stopper | H67: Water stopper in raft foundation Zone 4 | J67: Grid 26/G-L | K67: A | L67: 44895
B68: Sub Structure | C68: Basement | D68: L1/58 | E68: 44881 | G68: Construction Joint | H68: Construction Joint as per POUR Plan Zone 4 | J68: Grid 20-26/L & 20/K-M | K68: A | L68: 44895
B69: Sub Structure | C69: Basement | D69: L1/59 | E69: 44881 | G69: Concrete pouring | H69: Concrete Pouring L1 Tower | J69: Grid 20-26/F-L, 18-20/F-K | K69: A | L69: 44887
B70: Sub Structure | C70: Basement | D70: L1/60 | E70: 44881 | G70: Layout,Level | H70: The level and layout of columns, Ramp wall and RTW, Zone 4 L1 Tower | J70: Grid N-T/19-22, T/19-23 | K70: A | L70: 44882
B71: Sub Structure | C71: Basement | D71: L1/61 | E71: 44881 | G71: Earth Rod | H71: Placing of Earth Rod in bore holes as per shop drawing | J71: Grid O-R/17-23 | K71: B | L71: 44887
... B95: Sub Structure | C95: Basement | D95: L1/85 | E95: 44907 | G95: Steel fixing | H95: Check bottom steel fixing of Raft L1 Tower Zone 5 | J95: Grid N-T/15-19 | K95: A | L95: 44916
B96: Sub Structure | C96: Basement | D96: L1/86 | E96: 44912 | G96: Steel fixing | H96: Check top steel fixing of raft L1 Tower and isolated footing CY area | J96: Grid N-T/14-19, M/15-19 | K96: A | L96: 28-Deec-22
B97: Sub Structure | C97: Basement | D97: L1/87 | E97: 44914 | G97: Water stopper | H97: Check horizontal water stopper Zone 5 | J97: Grid T/15-19 | K97: A | L97: 44923
B98: Sub Structure | C98: Basement | D98: L1/88 | E98: 44914 | G98: Concrete pouring | H98: allow for concrete pouring of Raft Zone 5 | J98: Grid N-T/14-19, M/15-19 | K98: A | L98: 44923
B99: Sub Structure | C99: Basement | D99: L1/89 | E99: 44916 | G99: Curing | H99: check curing of raft L1 Tower | J99: Grid L-T/19-26 | K99: A | L99: 44923
B100: Sub Structure | C100: Basement | D100: L1/90 | E100: 44916 | G100: Level, layout | H100: Level, layout of columns, sumpits and shear wall | J100: Grid L-T/14-19 | K100: A | L100: 44923
B101: Sub Structure | C101: Basement | D101: L1/91 | E101: 44928 | F101: 44928 | G101: curing | H101: Check curing of raft zone 5 | J101: Grid N-T/14-19, M/15-19 | K101: A
B102: Sub Structure | C102: Basement | D102: L1/92 | E102: 44938 | G102: Surface preparation | H102: Check surface preparation and allow for primer and membrane Zone 4 & 5 | J102: Grid T/14-26 | K102: A | L102: 44946
B103: Sub Structure | C103: Basement | D103: L1/93 | E103: 44942 | G103: Primer, membrane | H103: Check primer and membrane Zone 4 & 5 | J103: Grid T/14-26 | K103: A | L103: 44946
B104: Sub Structure | C104: Basement | D104: L1/94 | E104: 44944 | G104: Compaction | H104: Check 1st layer compaction backfilling of sand along backside of RTW Zone 4 & 5 | J104: Grid T/14-26 | K104: A | L104: 44946
B105: Sub Structure | C105: Basement | D105: L1/95 | E105: 44944 | G105: Compaction | H105: Check 2nd layer compaction backfilling of sand along backside of RTW Zone 4 & 5 | J105: Grid T/14-26 | K105: A | L105: 44946
B106: Sub Structure | C106: Basement | D106: L1/96 | E106: 44949 | G106: Compaction | H106: Check 3rd layer compaction backfilling of sand along bacisides of RTW level 16.25 to 15.75 Zone 4 & 5 | J106: Grid T/14-26 | K106: A | L106: 44959
B107: Sub Structure | C107: Basement | D107: L1/97 | E107: 44949 | G107: Compaction | H107: Check 4th layer compaction backfilling of sand along bacisides of RTW level 15.75 to 15.25 Zone 4 & 5 | J107: Grid T/14-26 | K107: A | L107: 44959
B108: Sub Structure | C108: Basement | D108: L1/98 | E108: 44949 | G108: Compaction | H108: Check 5th layer compaction backfilling of sand along bacisides of RTW level 15.25 to 14.75 Zone 4 & 5 | J108: Grid T/14-26 | K108: A | L108: 44959
B109: Sub Structure | C109: Basement | D109: L1/99 | E109: 44949 | G109: Compaction | H109: Check 6th layer compaction backfilling of sand along bacisides of RTW level 14.75 to 14.25 Zone 4 & 5 | J109: Grid T/14-26 | K109: A | L109: 44959
B110: Sub Structure | C110: Basement | D110: L1/100 | E110: 44957 | G110: Backfilling | H110: Check backfilling of sand upto level 85.79 RL Zone 4 & 5 | J110: Grid T/14-26 | K110: A | L110: 44963
B111: Sub Structure | C111: Basement | D111: L1/101 | E111: 44958 | G111: Backfilling | H111: Check backfilling of sand along side of L1 Tower Zone 4 | J111: Grid G-T/26 | K111: A | L111: 44963
B112: Sub Structure | C112: Basement | D112: L1/102 | E112: 45007 | G112: RTW Reinforcement | H112: Check RTW reinforcement (L=120Rft) Zone 4 | J112: Grid F-O/26 | K112: A | L112: 45013
B113: Sub Structure | C113: Basement | D113: L1/103 | E113: 45007 | G113: RTW Reinforcement | H113: Check RTW reinforcement (L=72Rft) Zone 4 | J113: Grid O-T/26 | K113: A | L113: 45013
... B137: Sub Structure | C137: Basement | D137: L1/127 | E137: 45032 | G137: Slab reinforcement | H137: Final slab reinforcement and allow for concrete pouring Zone 4 | J137: Grid G-T/26-26, J-N/24-26, N-Q/25-26 | K137: A | L137: 45035
B138: Sub Structure | C138: Basement | D138: L1/128 | E138: 45032 | G138: Level, layout | H138: Check level, layout of slab and columns | I138: (0'-0'') | J138: Grid G-T/26-26, J-N/24-26, N-Q/25-26 | K138: A | L138: 45035
B139: Sub Structure | C139: Basement | D139: L1/129 | E139: 45048 | G139: Reinforcement | H139: Final reinforcement of RTW and allow for placing of concrete Zone 4 L1 Tower | J139: Grid T/16-19 | K139: A | L139: 45054
B140: Sub Structure | C140: Basement | D140: L1/130 | E140: 45050 | G140: Water stopper | H140: Check horizontal and verical water stopper on RTW 60 Rft L1 Tower | J140: Grid L-R/26 | K140: A | L140: 45054
B141: Sub Structure | C141: Basement | D141: L1/131 | E141: 45050 | G141: Water stopper | H141: Check horizontal and vertical water stopper on RTW 66 RFT L1 Tower | J141: Grid R-T/26, T/26-26 | K141: A | L141: 45054
B142: Sub Structure | C142: Basement | D142: L1/132 | E142: 45050 | G142: Water stopper | H142: check horizontal and vertical water stopper on RTW 66 Rft L1 Tower | J142: Grid T/19-26 | K142: A | L142: 45054
B143: Sub Structure | C143: Basement | D143: L1/133 | E143: 45050 | G143: Water stopper | H143: check horizontal and vertical water stopper on RTW 60 Rft L1 Tower | J143: Grid T/16-19 | K143: A | L143: 45054
B144: Sub Structure | C144: Basement | D144: L1/134 | E144: 45054 | G144: Septic Tank | H144: Check Layout of Septic Tank, L1 Tower Zone 4 | J144: Grid F-K/26 | K144: A | L144: 45063
B145: Sub Structure | C145: Basement | D145: L1/135 | E145: 45055 | G145: Beam reinforcement | H145: Check beam reinforcement Zone 4 | J145: Grid G-J/20-26, J-L/20-23 | K145: A | L145: 45063
B146: Sub Structure | C146: Basement | D146: L1/136 | E146: 45056 | G146: Column reinforcement | H146: Check columns (3 Nos) reinforcement and allow for concrete pouring Zone 5 | J146: Grid N/15, N/17-18 | K146: A | L146: 45063
B147: Sub Structure | C147: Basement | D147: L1/137 | E147: 45057 | G147: Thermopore | H147: Check thermopore in expansion joint of column C1, C37 Zone 4 | I147: (-13'-3'' to 0'-0'') | J147: Grid G-G/20-26 | K147: A | L147: 45063
B148: Sub Structure | C148: Basement | D148: L1/138 | E148: 45057 | G148: Slab reinforcement | H148: Check top and bottom slab reinforcement Zone 4 | I148: (+1'-9'') | J148: Grid G-J/20-26, J-L/20-24 | K148: A | L148: 45063
...

Sheet L2 Tower ICPL
C1: PROJECT: CONSTRUCTION OF LAKE CITY ROOF GARDEN APARTMENTS
J2: IR STATUS
D3: INSPECTION REQUEST LOG (L2 Tower) | J3: Fully Approved (A) | L3: =COUNTIFS(K:K,"A") -> 799
J4: Approved with comments (B) | L4: =COUNTIFS(K:K, "B") -> 5
J5: Rejected ( R) | L5: =COUNTIFS(K:K, "R") -> 0
J6: Open/Pending (OP) | L6: =COUNTIFS(K:K, "OP") -> 3
J7: Total | L7: =SUM(L3:L6) -> 807
A9: Sr. | B9: Work Package | C9: Floor | D9: IR No. | E9: Submission date | F9: Inspection Date | G9: Element | H9: Activity Description | J9: Location/ Grid Ref | K9: IR Status | L9: IR Closing date | M9: Pour Card No. | N9: Concrete Qty (m3) | O9: Attachment | P9: Remarks
B10: I TOWER
A11: 1 | B11: Sub Structure | C11: Basement | D11: L2/1 | E11: 44851 | G11: Excavation level | H11: Excavation level and surface preparation of service lift L2 Tower Zone 2 | J11: Grid G-T/1-7 | K11: A | L11: 44854 | O11: E:\Soft IRs\ICPL\L2 -Tower IR's\new\1.pdf
A12: 2 | B12: Sub Structure | C12: Basement | D12: L2/2
A13: 3 | B13: Sub Structure | C13: Basement | D13: L2/3 | E13: 44852 | G13: Layout of PCC | H13: Level and layout of PCC 1st layer of service lift | J13: Grid F-G/1-11 | K13: A | L13: 44854 | O13: E:\Soft IRs\ICPL\L2 -Tower IR's\new\3.pdf
A14: =1+A13 -> 4 | B14: Sub Structure | C14: Basement | D14: L2/4 | E14: 44852 | G14: Excavation level | H14: Excavation level, surface preparation for PCC | J14: Grid G-K/1-7 | K14: A | L14: 44854 | O14: E:\Soft IRs\ICPL\L2 -Tower IR's\new\4.pdf
A15: =1+A14 -> 5 | B15: Sub Structure | C15: Basement | D15: L2/5 | E15: 44853 | G15: 1st PCC level | H15: Layout and 1st PCC level | J15: Grid G-K/1-7, F-G/11-13 | K15: A | L15: 44854 | O15: E:\Soft IRs\ICPL\L2 -Tower IR's\new\5.pdf
A16: =1+A15 -> 6 | B16: Sub Structure | C16: Basement | D16: L2/6 | E16: 44853 | G16: Layout of isolated | H16: Layout of isolated footing for termite proofing and PCC | J16: Grid F-J/7-11 | K16: A | L16: 44854 | O16: E:\Soft IRs\ICPL\L2 -Tower IR's\new\6.pdf
A17: =1+A16 -> 7 | B17: Sub Structure | C17: Basement | D17: L2/7 | E17: 44853 | G17: Brick work | H17: Brickwork of service lift and brickwork for raft protection | J17: Grid F-H/H-J/3-3 | K17: A | L17: 44858 | O17: E:\Soft IRs\ICPL\L2 -Tower IR's\new\7.pdf
A18: =1+A17 -> 8 | B18: Sub Structure | C18: Basement | D18: L2/8 | E18: 44854 | G18: Plaster | H18: Plaster of Raft Protection wall | J18: Grid F-H/1 | K18: A | L18: 44858 | O18: E:\Soft IRs\ICPL\L2 -Tower IR's\new\8.pdf
A19: =1+A18 -> 9 | B19: Sub Structure | C19: Basement | D19: L2/9 | E19: 44858 | G19: Layout | H19: Layout of Service Lift, column, foooting and retaining wall of SOG area for steel fixing | J19: Grid F-J/1-7 & F-H/7-11 | K19: A | L19: 44866 | O19: E:\Soft IRs\ICPL\L2 -Tower IR's\new\9.pdf
A20: =1+A19 -> 10 | B20: Sub Structure | C20: Basement | D20: L2/10 | E20: 44855 | G20: Plaster | H20: Plaster of service lift wall and allow for primer and membrane on wall | J20: Grid H-J/2-4 | K20: A | L20: 44858 | O20: E:\Soft IRs\ICPL\L2 -Tower IR's\new\10.pdf
A21: =1+A20 -> 11 | B21: Sub Structure | C21: Basement | D21: L2/11 | E21: 44855 | G21: Primer | H21: Primer and membrane for 2nd layer of PCC | J21: Grid F-K/1-7 | K21: A | L21: 44858 | O21: E:\Soft IRs\ICPL\L2 -Tower IR's\new\11.pdf
B22: Sub Structure | C22: Basement | D22: L2/12 | E22: 44855 | G22: Level | H22: Level for 2nd layer of PCC of SOG Area L2 Tower | J22: Grid F-K/1-7 & F-H/7-11 | K22: A | L22: 44858 | O22: E:\Soft IRs\ICPL\L2 -Tower IR's\new\12.pdf
A23: =1+A21 -> 12 | B23: Sub Structure | C23: Basement | D23: L2/13 | E23: 44851 | G23: Termite proofing | H23: Termite proofing before PCC | J23: Grid F-K/1-7 & F-H/7-11 | K23: A | L23: 44854 | O23: E:\Soft IRs\ICPL\L2 -Tower IR's\new\13.pdf
A24: =1+A23 -> 13 | B24: Sub Structure | C24: Basement | D24: L2/14 | E24: 44860 | G24: Steel fixing | H24: Steel fixing of Raft L2 Tower | J24: Grid F-G/1-7 | K24: A | L24: 44866 | O24: E:\Soft IRs\ICPL\L2 -Tower IR's\new\14.pdf
A25: =1+A24 -> 14 | B25: Sub Structure | C25: Basement | D25: L2/15 | E25: 44861 | G25: Joint | H25: Construction Joint and chicken Mesh of Pour 6 of L2 Tower | J25: Grid F-G/1-7 & H/7-11 | K25: A | L25: 44866 | O25: E:\Soft IRs\ICPL\L2 -Tower IR's\new\15.pdf
A26: =1+A25 -> 15 | B26: Sub Structure | C26: Basement | D26: L2/16 | E26: 44861 | G26: Water stopper | H26: PVC water stopper placing and fixing in raft foundation Zone 7 | J26: Grid F-G/1 | K26: A | L26: 44873 | O26: E:\14.Soft IRs\ICPL\L2 -Tower IR's\new\16.pdf
A27: =1+A26 -> 16 | B27: Sub Structure | C27: Basement | D27: L2/17 | E27: 44861 | G27: Steel fixing | H27: Steel fixing of SOG Area and footing Zone 8 and allow for pouring | J27: Grid F-G/1-7, F-H/7-11 | K27: A | L27: 44866 | O27: E:\Soft IRs\ICPL\L2 -Tower IR's\new\17.pdf
A28: =1+A27 -> 17 | B28: Sub Structure | C28: Basement | D28: L2/18 | E28: 44861 | G28: Layout, level | H28: Level and layout of SOG Area and isolated footing and allow for termite proofing | J28: Grid F-J/11-20, J-K/17-20 | K28: A | L28: 44873 | O28: E:\14.Soft IRs\ICPL\L2 -Tower IR's\new\18.pdf
A29: =1+A28 -> 18 | B29: Sub Structure | C29: Basement | D29: L2/19 | E29: 44861 | G29: Termite proofing | H29: Termite proofing and allow for 1st layer of PCC of SOG Area | J29: Grid F-J/11-20, J-K/17-20 | K29: A | L29: 44866 | O29: E:\Soft IRs\ICPL\L2 -Tower IR's\new\19.pdf
A30: =1+A29 -> 19 | B30: Sub Structure | C30: Basement | D30: L2/20 | E30: 44863 | G30: Layout, level | H30: RCC raft top level and layout of column and RTW Zone 7 L2 Tower | J30: Grid F/1-13, G-H/1-7 | K30: A | L30: 44866 | O30: E:\Soft IRs\ICPL\L2 -Tower IR's\new\20.pdf
A31: =1+A30 -> 20 | B31: Sub Structure | C31: Basement | D31: L2/21 | E31: 44865 | G31: Steel fixing | H31: Steel fixing of columns and allow for pouring | J31: Grid G/1-11 | K31: A | L31: 44866 | O31: E:\Soft IRs\ICPL\L2 -Tower IR's\new\21.pdf
A32: =1+A31 -> 21 | B32: Sub Structure | C32: Basement | D32: L2/22 | E32: 44870 | G32: Curing | H32: Check the curing of Raft L2 Tower | J32: Grid G-K/1-7, F/1-7 | K32: A | L32: 44879
A33: =1+A32 -> 22 | B33: Sub Structure | C33: Basement | D33: L2/23 | E33: 44873 | G33: Water stopper | H33: PVC vertical water stopper for expansion joint as per IFC | J33: Grid G/1 | K33: A | L33: 44879
A34: =1+A33 -> 23 | B34: Sub Structure | C34: Basement | D34: L2/24 | E34: 44873 | G34: Water stopper | H34: PVC Horizontal water stopper in RCC wall | J34: Grid F-G/1 | K34: A | L34: 44879
A35: =1+A34 -> 24 | B35: Sub Structure | C35: Basement | D35: L2/25 | E35: 44880 | G35: PCC | H35: 1st layer of PCC and allow for primer and membrane for isolated footing | J35: Grid M-M/15-19 | K35: A | L35: 44882
B36: Sub Structure | C36: Basement | D36: L2/26 | E36: 44923 | G36: Level, layout | H36: Excavation, Level, Layout, Surface Bed preparation of Tower Crane | J36: Grid K-M/7-10 | K36: A | L36: 44925
A37: =1+A35 -> 25 | B37: Sub Structure | C37: Basement | D37: L2/27 | E37: 44923 | G37: Termite proofing | H37: Termite Proofing & Allow for PCC of Tower Crane Foundation Zone 8 | J37: Grid K-M/7-10 | K37: A | L37: 44925
A38: =1+A37 -> 26 | B38: Sub Structure | C38: Basement | D38: L2/28 | E38: 44926 | G38: Level, layout | H38: Check level & Layout of PCC layer of Tower Crane Foundation Zone 8 | J38: Grid K-M/7-10 | K38: A | L38: 44928
A39: =1+A38 -> 27 | B39: Sub Structure | C39: Basement | D39: L2/29 | E39: 44931 | G39: Steel fixing | H39: Check top and bottom steel fixing of Tower Crane Foundation Zone 8 SOG | J39: Grid K-M/7-10 | K39: A | L39: 44931
A40: =1+A39 -> 28 | B40: Sub Structure | C40: Basement | D40: L2/30 | E40: 44931 | G40: Concrete Pouring | H40: Allow for concrete pouring of Tower Crane Foundation Zone 8 SOG | J40: Grid K-M/7-10 | K40: A | L40: 44932
A41: =1+A40 -> 29 | B41: Sub Structure | C41: Basement | D41: L2/31 | E41: 44935 | G41: Level, layout | H41: Check top raft level & layout of Tower Crane Zone 8 | J41: Grid K-M/7-10 | K41: A | L41: 44936
A42: =1+A41 -> 30 | B42: Sub Structure | C42: Basement | D42: L2/32 | E42: 44936 | G42: Backfilling | H42: Check 1st layer backfilling of sand along sides of Tower Crane 2 Zone 8 | J42: Grid K-M/7-10 SOG | K42: A | L42: 44943
A43: =1+A42 -> 31 | B43: Sub Structure | C43: Basement | D43: L2/33 | E43: 44936 | G43: Backfilling | H43: Check 2nd layer backfilling of sand along sides of Tower Crane 2 Zone 8 | J43: Grid K-M/7-10 SOG | K43: A | L43: 44943
A44: =1+A43 -> 32 | B44: Sub Structure | C44: Basement | D44: L2/34 | E44: 44937 | G44: Backfilling | H44: Check 3rd layer backfilling of sand along sides of Tower crane 2 Zone 8 SOG | J44: Grid K-M/7-10 | K44: A | L44: 44943
A45: =1+A44 -> 33 | B45: Sub Structure | C45: Basement | D45: L2/35 | E45: 44937 | G45: Backfilling | H45: Check 4th layer backfilling of sand along sides of Tower crane 2 Zone 8 SOG | J45: Grid K-M/7-10 | K45: A | L45: 44943
A46: =1+A45 -> 34 | B46: Sub Structure | C46: Basement | D46: L2/36 | E46: 44938 | G46: Backfilling | H46: Check 5th layer backfilling of sand along sides of Tower crane 2 Zone 8 | J46: Grid K-M/7-10 | K46: A | L46: 44943
A47: =1+A46 -> 35 | B47: Sub Structure | C47: Basement | D47: L2/37 | E47: 44938 | G47: Backfilling | H47: Check 6th layer backfilling of sand along sides of Tower Crane 2 Zone 8 | J47: Grid K-M/7-10 | K47: A | L47: 44943
A48: =1+A47 -> 36 | B48: Sub Structure | C48: Basement | D48: L2/38 | E48: 45024 | G48: Excavation | H48: Check excavation of footing F3 and Sumpit and allow for termite proofing Zone 8 | J48: K8 & K-L/9-10 | K48: A | L48: 45030
A49: =1+A48 -> 37 | B49: Sub Structure | C49: Basement | D49: L2/39 | E49: 45024 | G49: Level, layout | H49: Check level and layout of excavation of footing F3 and Sumpit SP2 Zone 8 | J49: K8 & K-L/9-10 | K49: A | L49: 45030
... A98: =1+A97 -> 86 | B98: Sub Structure | C98: Basement | D98: L2/88 | E98: 45101 | G98: Water stopper | H98: Check horizontal and vertical water stopper on RTW Zone 8 | J98: Grid T/12-14 | K98: A | L98: 45119
B99: Sub Structure | C99: Basement | D99: L2/89 | E99: 45101 | G99: excavation | H99: Check excavation level of L2 Tower Zone 6 & 7 | J99: Grid K-T/1-7, N-T/7-12 | K99: A | L99: 45154
B100: Sub Structure | C100: Basement | D100: L2/90 | E100: 45149 | G100: Surface preparation | H100: Check surface preparation and allow for vertical primer and membrane upto (-5'-6'' Zone 6 & 7 | J100: Grid T/12-14 | K100: A | L100: 45154
B101: Sub Structure | C101: Basement | D101: L2/91 | E101: 45150 | G101: Primer | H101: Check vertical primer and membrane Zone 8 SOG Area | J101: Grid T/12-14 | K101: A | L101: 45154
B102: Sub Structure | C102: Basement | D102: L2/92 | E102: 45150 | G102: Backfilling | H102: Allow for Backfilling along RTW Zone 8 SOG Area | J102: Grid T/12-14 | K102: A | L102: 45154
B103: Sub Structure | C103: Basement | D103: L2/93 | E103: 45202 | G103: Backfilling | H103: Check backfilling of sand along RTW (-15'-3'' to -10'-9'') (6 layers) Zone 8 SOG | J103: Grid T/12-14 | K103: A | L103: 45203
B104: Sub Structure | C104: Basement | D104: L2/94 | E104: 45202 | G104: Backfilling | H104: Check backfilling of Sand along RTW (-10'-9'' to -6'-6'') (6 layers) Zone 8 SOG Area | J104: Grid T/12-14 | K104: A | L104: 45203
A105: =1+A98 -> 87 | B105: Sub Structure | C105: Basement | D105: L2/95 | E105: 45202 | G105: Termite proofing | H105: Check termite proofing along RTW (-15'-3'' to -10'-9'') (6 layers) Zone 8 SOG | J105: Grid T/12-14 | K105: A | L105: 45203
B106: Sub Structure | C106: Basement | D106: L2/96 | E106: 45202 | G106: Termite proofing | H106: Check termite proofing along RTW ( -10'-9' to -6'-6'')') (6 layers) Zone 8 SOG | J106: Grid T/12-14 | K106: A | L106: 45203
B107: Sub Structure | C107: Basement | D107: L2/97 | E107: 45206 | G107: column reinforcement | H107: Check column (15 Nos) reinforcement Zone 8 SOG | J107: Grid M-T/13-15 | K107: A | L107: 45210
B108: Sub Structure | C108: Basement | D108: L2/98 | E108: 45208 | G108: column reinforcement | H108: Check columns (32 Nos) reinforcement Zone 8 SOG | J108: Grid G-H/9-19, M/16, K-M/17-19 | K108: A | L108: 45210
B109: Sub Structure | C109: Basement | D109: L2/99 | E109: 45208 | G109: Thermopore | H109: Check thermopore in expansion joint of columns (9 Nos) (-13'-3'' to 0'-0'') Zone 8 SOG | J109: Grid N-P/15, G/15-19 | K109: A | L109: 45217
B110: Sub Structure | C110: SOG | D110: L2/100 | E110: 45210 | G110: column reinforcement | H110: Check columns (12 Nos) reinforcement and allow for concrete pouring (-13'-3'' to 0'-0'') Zone 8 | J110: Grid K-M/15-18 | K110: A | L110: 45217
B111: Sub Structure | C111: SOG | D111: L2/101 | E111: 45210 | G111: Thermopore | H111: Check Thermopore in expansion joint of columns (6 Nos) (-13'-3'' to 0'-0'') Zone 8 SOG | J111: Grid G/9-14-18 | K111: A | L111: 45217
B112: Sub Structure | C112: Basement | D112: L2/102 | E112: 45211 | G112: column reinforcement | H112: Check columns (10 Nos) reinforcement and allow for concrete pouring Zone 8 SOG | J112: Grid G-M/16-19 | K112: A | L112: 45217
B113: Sub Structure | C113: Basement | D113: L2/103 | E113: 45211 | G113: column reinforcement | H113: Check column (10 Nos) reinforcement and allow for concrete pouring Zone 8 SOG (-13'-3'' to +0'-0'') | J113: Grid G-H & M-Q/13-16 | K113: A | L113: 45217
B114: Sub Structure | C114: Basement | D114: L2/104 | E114: 45213 | G114: column reinforcement | H114: Check column (21 Nos) reinforcement Zone 8 SOG Area (-13'-3'' to +0'-0'') | J114: Grid K-M/8-14 | K114: A | L114: 45217
B115: Sub Structure | C115: Basement | D115: L2/105 | E115: 45216 | G115: column reinforcement | H115: Check columns (6 Nos) reinforcement & allow for concrete pouring Zone 8 SOG (-13'-3'' to +0'-0'') | J115: Grid G-H/14, K-L/13-14 | K115: A | L115: 45217
B116: Sub Structure | C116: GF | D116: L2/106 | E116: 45217 | G116: Beam reinforcement | H116: Check beams reinforcement Zone 8 SOG | J116: Grid G-M/13-19 | K116: A | L116: 45222
B117: Sub Structure | C117: GF | D117: L2/107 | E117: 45217 | F117: 45217 | G117: Thermopore | H117: Check thermopore Sheet along Beams Zone 8 SOG Area | J117: Grid G-M/13-19 | K117: A | L117: 45222
B118: Sub Structure | C118: GF | D118: L2/108 | E118: 45219 | F118: 45219 | G118: Reinforcement | H118: Check slab top and bottom reinforcement Zone 8 SOG Area | J118: Grid G-M/13-19 | K118: A | L118: 45222
B119: Sub Structure | C119: GF | D119: L2/109 | E119: 45219 | F119: 45219 | G119: Slab reinforcement | H119: Check slab reinforcement and allow for concrete pouring Zone 8 SOG Area | J119: Grid G-M/13-19 | K119: A | L119: 45222
B120: Sub Structure | C120: Basement | D120: L2/110 | E120: 45219 | F120: 45219 | G120: column reinforcement | H120: Check column (8 Nos) reinforcement and allow for concrete pouring Zone 8 SOG | I120: (-13'-3'' to 0'-0'') | J120: Grid G-H/13, L-M/12, R-T/13-14 | K120: A | L120: 45222
B121: Sub Structure | C121: GF | D121: L2/111 | E121: 45220 | F121: 45220 | G121: Level, layout | H121: Check level and layout of slab Zone 8 SOG Area | I121: (+0'-00'') | J121: Grid G-M/13-20 | K121: A | L121: 45232
B122: Sub Structure | C122: GF | D122: L2/112 | E122: 45221 | F122: 45221 | G122: column reinforcement | H122: Check column (3 Nos) reinforcement and allow for concrete pouring Zone 8 SOG Area | I122: (-13'-3'' to 0'-0'') | J122: Grid P-Q/15 | K122: A | L122: 45222
B123: Sub Structure | C123: Basement | D123: L2/113 | E123: 45223 | F123: 45223 | G123: column reinforcement | H123: Check columns (5 Nos) reinforcement and allow for concrete pouring Zone 8 SOG | I123: (-13'-3'' to +0'-0'') | J123: Grid G-K/12, G-H/11 | K123: A | L123: 45225
B124: Sub Structure | C124: Basement | D124: L2/114 | E124: 45223 | F124: 45223 | G124: column reinforcement | H124: Check columns (6 Nos) reinforcement and allow for concrete pouring Zone 8 SOG Area | I124: (-13'-3'' to +0'-0'') | J124: Grid G-M/10, K-L/11 | K124: A | L124: 45225
B125: Sub Structure | C125: GF | D125: L2/115 | E125: 45224 | F125: 45224 | G125: column reinforcement | H125: Check columns (12 Nos) reinforcement and allow for concrete pouring Zone 8 SOG Area | I125: (-13'-3'' to +0'-0'') | J125: Grid G-M/8-9, L-M/10 | K125: A | L125: 45225
B126: Sub Structure | C126: GF | D126: L2/116 | E126: 45230 | F126: 45230 | G126: Beam reinforcement | H126: Check beams reinforcement Zone 8 SOG Area | I126: (+0'-00'') | J126: Grid G-M/8-13 | K126: A | L126: 45238
B127: Sub Structure | C127: GF | D127: L2/117 | E127: 45232 | F127: 45232 | G127: Slab reinforcement | H127: Check top and bottom slab reinforcement Zone 8 SOG Area | I127: (+0'-00'') | J127: Grid G-M/9-14 | K127: A | L127: 45238
B128: Sub Structure | C128: GF | D128: L2/118 | E128: 45232 | F128: 45232 | G128: Slab reinforcement | H128: Check slab reinforcement and allow for concrete pouring Zone 8 SOG Area | I128: (+0'-00'') | J128: Grid G-M/9-14 | K128: A | L128: 45238
B129: Sub Structure | C129: GF | D129: L2/119 | E129: 45232 | F129: 45232 | G129: Thermopore | H129: Check thermopore Sheet along Beams Zone 8 SOG Area | I129: (+0'-00'') | J129: Grid G/9-14 | K129: A | L129: 45238
B130: Sub Structure | C130: Basement | D130: L2/120 | E130: 45236 | F130: 45236 | G130: wall reinforcement | H130: check vertical wall reinforcement of under ground water tankd and allow for concrete pouring Z-8 SOG | I130: (-13'-3'' to 10'') | J130: Grid T/13-15 | K130: A | L130: 45238
B131: Sub Structure | C131: Basement | D131: L2/121 | E131: 45233 | F131: 45232 | G131: wall reinforcement | H131: Check vertical wall reinforcement of under ground water tank and allow for concrete pouring Z-8 | J131: Grid T/15-13 | K131: A | L131: 45238
B132: Sub Structure | C132: GF | D132: L2/122 | E132: 45233 | F132: 45233 | G132: Level, layout | H132: Check level and layout of of Slab Zone 8 SOG Area | I132: (+0'-00'') | J132: Grid G-M/9-13 | K132: A | L132: 45233
B133: Sub Structure | C133: GF | D133: L2/123 | E133: 45240 | F133: 45240 | G133: Beam reinforcement | H133: Check beams reinforcement Zone 8 SOG Area | I133: (+0'-00'') | J133: Grid K-U/12-15 | K133: A | L133: 45241
B134: Sub Structure | C134: GF | D134: L2/124 | E134: 45243 | F134: 45242 | G134: Slab reinforcement | H134: Check slab reinforcement and allow for concrete pouring Zone 8 SOG Area | I134: (+0'-00'') | J134: Grid K-U/12-14 | K134: A | L134: 45248
B135: Sub Structure | C135: GF | D135: L2/125 | E135: 45243 | F135: 45243 | G135: Level, layout | H135: Check level and layout of Slab Zone 8 SOG Area | I135: (+0'-00'') | J135: Grid K-U/12-14 | K135: A | L135: 45244
B136: Sub Structure | C136: GF | D136: L2/126 | E136: 45242 | F136: 45242 | G136: Slab reinforcement | H136: Check slab reinforcement and allow for concrete pouring Zone 8 SOG Area | I136: (+0'-00'') | J136: Grid K-U/12-14 | K136: A | L136: 45248
B137: Sub Structure | C137: GF | D137: L2/127 | E137: 45278 | F137: 45278 | G137: Beam reinforcement | H137: Check top and bottom beam reinforcement Zone 8 Courtyard Area | I137: (+0'-00'') | J137: Grid G-N/7-8 | K137: A | L137: 45282
B138: Sub Structure | C138: GF | D138: L2/128 | E138: 45279 | F138: 45279 | G138: Slab reinforcement | H138: Check slab reinforcement and allow for concrete pouring Zone 4 courtyard area | I138: (+0'-00'') | J138: Grid G-N/7-8 | K138: A | L138: 45287
B139: Sub Structure | C139: GF | D139: L2/129 | E139: 45283 | F139: 45283 | G139: Slab level, layout | H139: Check slab level and layout Zone 8 SOG Area | I139: (+0'-00'') | J139: Grid G-N/7-8 | K139: A | L139: 45287
B140: Sub Structure | C140: Basement | D140: L2/130 | E140: 45357 | F140: 45357 | G140: Excavation | H140: Check Trench excavation Zone 7 | K140: OP
B141: Sub Structure | C141: Basement | D141: L2/131 | E141: 45362 | F141: 45362 | G141: compaction | H141: Check dressing and compaction of bed & allow for Anti termite proofing Zone 6 | J141: Grid K-M/1-7, M-O/1-3, O-R/1-2 | K141: A | L141: 45366
B142: Sub Structure | C142: Basement | D142: L2/132 | E142: 45362 | F142: 45362 | G142: Termite proofing | H142: Check anti termite proofing & Allow for 1st layer of PCC Zone 6 | J142: Grid K-M/1-7, M-O/1-3, O-R/1-2 | K142: A | L142: 45366
B143: Sub Structure | C143: Basement | D143: L2/133 | E143: 45362 | F143: 45362 | G143: Excavation | H143: Check excavated L | J143: K-M/1-7, M-O/1-3, O-R/1-2 | K143: A | L143: 45365
B144: Sub Structure | C144: Basement | D144: L2/134 | E144: 45363 | F144: 45363 | G144: PCC Layer | H144: PCC Layer Zone 7 | J144: K-M/1-7, M-O/1-3, O-R/1-2 | K144: A | L144: 45369
B145: Sub Structure | C145: Basement | D145: L2/135 | E145: 45363 | F145: 45363 | G145: Brick work | H145: Check brick work Zone 7 | J145: Grid G-R/1 | K145: A | L145: 45365
B146: Sub Structure | C146: Basement | D146: L2/136 | E146: 45364 | F146: 45364 | G146: Surface | H146: Check top surface of PCC 1st layer and allow for membrane Zone 7 | J146: Grid K-M/1-7, M-O/1-3, O-R/1-2 | K146: A | L146: 45364
B147: Sub Structure | C147: Basement | D147: L2/137 | E147: 45364 | F147: 45364 | G147: sumpit | H147: Check excavated level of sum pit Zone 6 | J147: Grid R-S/8-9 | K147: A | L147: 45369
B148: Sub Structure | C148: Basement | D148: L2/138 | E148: 45364 | F148: 45364 | G148: sumpit | H148: Check compaction and dressing of sumpit SP1 along RTW and allow for PCC Zone 6 | J148: Grid R-S/8-9 | K148: A | L148: 45369
B149: Sub Structure | C149: Basement | D149: L2/139 | E149: 45364 | F149: 45364 | G149: level, layout | H149: Check level and layout of sumpit 1st layer PCC Top Zone 6 | J149: Grid R-S/8-9 | K149: A | L149: 45369
...

Sheet IIL I Tower IR
C1: PROJECT: CONSTRUCTION OF LAKE CITY ROOF GARDEN APARTMENTS
J2: IR STATUS
D3: INSPECTION REQUEST LOG (I Tower) IIL-CSL | J3: Fully Approved (A) | L3: =COUNTIFS(K:K,"A") -> 226
J4: Approved with comments (B) | L4: =COUNTIFS(K:K, "B") -> 34
J5: Rejected ( R) | L5: =COUNTIFS(K:K, "R") -> 3 | N5: As of : | P5: =TODAY() -> 46010
J6: Open/Pending (OP) | L6: =COUNTIFS(K:K, "OP") -> 2
J7: Total | L7: =SUM(L3:L6) -> 265
A9: Sr. | B9: Work Package | C9: Floor | D9: IR No. | E9: Submission Date | F9: Inspection Date | G9: Element | H9: Activity Description | I9: Level | J9: Location/ Grid Ref | K9: IR Status | L9: IR closing Date | M9: Pour Card No. | N9: Concrete Qty (m3) | O9: Attachment | P9: Remarks
A10: 1 | B10: Sub Structure | C10: Basement | D10: IT/1 | E10: 44821 | G10: Retaining wall | H10: Inspection of retaining wall, starter | J10: Grid F-G/7-8 | K10: A | L10: 44824 | O10: E:\Soft IRs\IIL\I Tower\1.pdf
A11: 2 | B11: Sub Structure | C11: Basement | D11: IT/2 | E11: 44830 | G11: Formwork | H11: Inspection of columns, formwork | J11: Grid 7/F | K11: A | L11: 44839 | O11: E:\Soft IRs\IIL\I Tower\2.pdf
A12: 3 | B12: Sub Structure | C12: Basement | D12: IT/3 | E12: 44831 | G12: Wall starter | H12: Inspection of retaining wall starter formwork | J12: Grid 7-8, 12-3 | K12: A | L12: 44839 | O12: E:\Soft IRs\IIL\I Tower\3.pdf
A13: 4 | B13: Sub Structure | C13: Basement | D13: IT/4 | E13: 44834 | G13: Formwork | H13: Inspection of retaining wall formwork before concrete | J13: Grid A-F/G-1 | K13: A | L13: 44839 | O13: E:\Soft IRs\IIL\I Tower\4.pdf
A14: 5 | B14: Sub Structure | C14: Basement | D14: IT/5 | E14: 44834 | G14: Formwork | H14: Inspection of retaining wall formwork after concrete | J14: Grid A-F/G-1 | K14: A | L14: 44840 | O14: E:\Soft IRs\IIL\I Tower\5.pdf
A15: 6 | B15: Sub Structure | C15: Basement | D15: IT/6 | E15: 44838 | G15: Retaining wall | H15: Inspection of retaining wall, starter | J15: Grid 12-13, 15-16 | K15: A | L15: 44840 | O15: E:\Soft IRs\IIL\I Tower\6.pdf
A16: 7 | B16: Sub Structure | C16: Basement | D16: IT/7 | E16: 44838 | G16: Formwork | H16: Inspection of formwork of Columns | J16: Grid 8-A & 8-F | K16: A | L16: 44840 | O16: E:\Soft IRs\IIL\I Tower\7.pdf
A17: 8 | B17: Sub Structure | C17: Basement | D17: IT/7A | E17: 44841 | G17: Retaining wall | H17: Inspection of retaining wall formwork before concrete | J17: Grid btw 1, Grid 10 btw 11 | K17: A | L17: 44844 | O17: E:\Soft IRs\IIL\I Tower\7A.pdf
A18: 9 | B18: Sub Structure | C18: Basement | D18: IT/8 | E18: 44842 | G18: Formwork | H18: Inspection of columns formwork before concrete C20, C21 and C22 | J18: Grid 8-B & 8-D & 9-F | K18: A | L18: 44846 | O18: E:\Soft IRs\IIL\I Tower\8.pdf
A19: 10 | B19: Sub Structure | C19: Basement | D19: IT/9 | E19: 44843 | G19: Formwork | H19: Inspection of columns formwork after concrete C19, C20, C21 & C22 | J19: Grid 8-A, 8-F, 8-B & 8-D, 9-F | K19: A | L19: 44844 | O19: E:\Soft IRs\IIL\I Tower\9.pdf
A20: 11 | B20: Sub Structure | C20: Basement | D20: IT/10 | E20: 44843 | G20: Retaining wall | H20: Inspection of retaining wall formwork after concrete | J20: Grid btw 1, grid 10 btw 11 | K20: A | L20: 44843 | O20: E:\Soft IRs\IIL\I Tower\10.pdf
A21: 12 | B21: Sub Structure | C21: Basement | D21: IT/11 | E21: 44844 | G21: Retaining wall | H21: Inspection of retaining wall formwork starter | J21: Grid 15 btw 16 to Grid 20 | K21: A | L21: 44846 | O21: E:\Soft IRs\IIL\I Tower\11.pdf
... A31: 22 | B31: Sub Structure | C31: Basement | D31: IT/21 | E31: 44866 | G31: Column work | H31: Inspection of columns after pouring | J31: Grid G to 11 | K31: A | L31: 44842 | O31: E:\14.Soft IRs\IIL\I Tower\21.pdf
A32: 23 | B32: Sub Structure | C32: Basement | D32: IT/22 | E32: 44867 | G32: Formwork | H32: Inspection of formwork Zone 2 Retaining wall | J32: Zone 2 | K32: R | L32: 44879
A33: 24 | B33: Sub Structure | C33: Basement | D33: IT/23 | E33: 44872 | G33: RTW Inspection | H33: Inspection of formwork retaining wall Zone 1 F to G | J33: Grid F to G | K33: A | L33: 45023
A34: 25 | B34: Sub Structure | C34: Basement | D34: IT/24 | E34: 44872 | G34: Slab formwork | H34: Inspection of slab formwork layout and level Zone 1 | J34: Grid 8 to btw 10-11 | K34: A | L34: 44999
A35: 26 | B35: Sub Structure | C35: Basement | D35: IT/25 | E35: 44873 | G35: Slab formwork | H35: Inspection of slab formwork layout and level | J35: Grid F to G | K35: A | L35: 45023
A36: 27 | B36: Sub Structure | C36: Basement | D36: IT/26 | E36: 44873 | G36: Formwork | H36: Inspection of Formwork retaining wall Zone 1 F to G after concrete | J36: Grid 1 F to G | K36: A | L36: 44999
A37: 28 | B37: Sub Structure | C37: Basement | D37: IT/27 | E37: 44873 | G37: Shoring | H37: Inspection of Shoring Zone 1 | J37: Grid A to G | K37: A | L37: 45023
A38: 29 | B38: Sub Structure | C38: Basement | D38: IT/28 | E38: 44874 | G38: Retaining wall | H38: Inspection of retaining wall Zone 2 | J38: Grid center of 10 & 11 to grid center of 16 & 17 | K38: A | L38: 45023
A39: 30 | B39: Sub Structure | C39: Basement | D39: IT/29 | E39: 44874 | G39: Columns formwork | H39: Inspection of column formwork | J39: Grid 12B, 13A, 13B, 14A, 14B, 14D, 15B, 15D, 16B, 16D, 16F | K39: A | L39: 45023
A40: 31 | B40: Sub Structure | C40: Basement | D40: IT/30 | E40: 44879 | G40: slab formwork | H40: Inspection of slab formwork Zone 1 | J40: Grid 1 to center of 10 to 11, A to G | K40: A | L40: 44887
A41: 32 | B41: Sub Structure | C41: Basement | D41: IT/31 | E41: 44880 | G41: RW Formwork | H41: Inspection of formwork after pouring Zone 2 Retaining wall | J41: Grid A to F, center of 10,11 to 16,17 | K41: A | L41: 44887
A42: 33 | B42: Sub Structure | C42: Basement | D42: IT/32 | E42: 44884 | G42: Slab | H42: Inspection of slab Zone 1 | J42: Grid 3 to center of 10 to 11, B to F | K42: A | L42: 44887
A43: 34 | B43: Sub Structure | C43: Basement | D43: IT/33 | E43: 44886 | G43: Columns formwork | H43: Inspection of columns formwork Zone 2 | J43: Grid A11, F14, A15, A16 | K43: A | L43: 44895
... A55: 46 | B55: Sub Structure | C55: Basement | D55: IT/45 | E55: 44898 | G55: RW Formwork | H55: Inspection of retaining wall formwork Zone 3 | J55: Grid B-F, 17-23 & A | K55: A | L55: 44902
A56: 47 | B56: Sub Structure | C56: Basement | D56: IT/46
A57: 48 | B57: Sub Structure | C57: Basement | D57: IT/47 | E57: 44898 | G57: Column formwork | H57: Inspection of column formwork Zone 3 | J57: Grid 23A, 25A, 26A | K57: A | L57: 44902
A58: 49 | B58: Sub Structure | C58: Basement | D58: IT/48 | E58: 44898 | G58: columns formwork 3 | H58: Inspection of column formwork 3 before concrete Zone 3 | J58: Grid A-E/19-26 | K58: A | L58: 44908
A59: 50 | B59: Sub Structure | C59: Basement | D59: IT/49 | E59: 44900 | G59: Shoring, formwork | H59: Inspection of shoring and formwork stability Zone 2 | J59: Grid 11-16 | K59: A | L59: 44908
A60: 51 | B60: Sub Structure | C60: Basement | D60: IT/50 | E60: 44900 | G60: Pouring | H60: Final inspection before pouring Zone 2 | J60: Grid 11-17 | K60: A | L60: 44908
A61: 52 | B61: Sub Structure | C61: Basement | D61: IT/51 | E61: 44900 | G61: Pouring | H61: Inspection of Z3 column before pouring Zone 3 | J61: Grid 19-26, D-F/ | K61: A | L61: 44908
A62: 53 | B62: Sub Structure | C62: Basement | D62: IT/52 | E62: 44902 | G62: Pouring | H62: Inspection of Z3 column after concrete pouring Zone 3 | J62: Grid 17-26, A-F | K62: A | L62: 44908
A63: 54 | B63: Sub Structure | C63: Basement | D63: IT/53 | E63: 44903 | G63: Pouring | H63: Inspection of Zone 3 column before pouring Zone 3 | J63: Grid 18-26 | K63: A | L63: 44908
A64: 55 | B64: Sub Structure | C64: Basement | D64: IT/54 | E64: 44903 | G64: Pouring | H64: Inspection of Zone 3 column after pouring | J64: Grid G, 18-26 | K64: A | L64: 44908
A65: 56 | B65: Sub Structure | C65: Basement | D65: IT/55 | E65: 44905 | G65: Pouring | H65: Inspection of Zone 1 column before pouring Zone 1 | J65: Grid 1-4, A-F | K65: A | L65: 44908
A66: 57 | B66: Sub Structure | C66: Basement | D66: IT/56 | E66: 44904 | G66: Concrete | H66: Inspection of Zone 3 RW before concrete | J66: Grid A-G | K66: A | L66: 44908
A67: 58 | B67: Sub Structure | C67: Basement | D67: IT/57 | E67: 44905 | G67: RW | H67: Inspection of RW after concrete | J67: Grid A-G | K67: A | L67: 44916
A68: 59 | B68: Sub Structure | C68: Basement | D68: IT/58 | E68: 44906 | G68: Pouring | H68: Inspection of Zone 1 column after pouring | J68: Grid 1-4, A-F | K68: A | L68: 44908
... A79: 70 | B79: I Tower | C79: Ground | D79: IT/69 | E79: 44913 | G79: columns | H79: Inspection of column formwork Zone 1 GF before concrete | J79: Grid C20 to C24 | K79: A | L79: 44915
B80: I Tower | C80: Ground | D80: IT/70 A | E80: 44913 | G80: Column | H80: Inspection of column formwork Zone 1 GF after concrete | J80: Grid 1 to 10 and A to F | K80: A | L80: 44915
A81: 72 | B81: I Tower | C81: Ground | D81: IT/71 | E81: 44914 | G81: SW | H81: Inspection of shear wall formwork lower portion before concrete GF | J81: Grid btw 8 to 9, A to E | K81: A | L81: 44915
A82: 73 | B82: I Tower | C82: Ground | D82: IT/72 | E82: 44914 | G82: SW | H82: Inspection of shear wall formwork lower portion after concrete Z1 GF | J82: Grid btw 8 to 9 A to E | K82: A | L82: 44915
A83: 74 | B83: Sub Structure | C83: Basement | D83: IT/73 | E83: 44915 | G83: Starter | H83: Inspection of starter formwork of RTW | J83: Grid 14 to 19-20 | K83: A | L83: 44923
A84: 75 | B84: Sub Structure | C84: Basement | D84: IT/74 | E84: 44915 | G84: Shoring | H84: Inspection of shoring stability for slab Zone 3 | J84: Grid A to B btw 16/17, 26 | K84: A | L84: 44922
A85: 76 | B85: I Tower | C85: Ground | D85: IT/75 | E85: 44916 | G85: columns | H85: Inspection of column formwork before concrete Zone 1 GF | J85: Grid C21, C24, C22 | K85: A | L85: 44922
A86: 77 | B86: I Tower | C86: Ground | D86: IT/76 | E86: 44916 | G86: columns | H86: Inspection of column formwork after concrete Zone 1 GF | J86: Grid C21, C24, C22 | K86: A | L86: 44922
A87: 78 | B87: I Tower | C87: Ground | D87: IT/77 | E87: 44917 | G87: SW | H87: Inspection of Shear wall formwork before concrete Zone 1GF | J87: Grid btw 8 to 9 A to E | K87: A | L87: 44923
A88: 79 | B88: I Tower | C88: Ground | D88: IT/78 | E88: 44917 | G88: SW | H88: Inspection of shear wall formwork 2nd height after concrete Zone 1 GF | J88: Grid btw 8 to 9 A to F | K88: A | L88: 44923
A89: 80 | B89: I Tower | C89: Ground | D89: IT/79 | E89: 44918 | G89: Column | H89: Inspection of column formwork 1st height before concrete Zone 2 GF | J89: Grid 11A, 11B, 11D, 11F, 12F | K89: A | L89: 44922
A90: 81 | B90: I Tower | C90: Ground | D90: IT/80 | E90: 44918 | G90: Column | H90: Inspection of column formwork 1st height after concrete Zone 2 GF | J90: Grid 11A, 11B, 11D, 11F | K90: A | L90: 44922
A91: 82 | B91: I Tower | C91: Ground | D91: IT/81 | E91: 44918 | G91: Core wall | H91: Inspection of formwork core wall before concrete Zone 1 GF | J91: Grid 9-10, A to C | K91: A | L91: 44925
A92: 83 | B92: I Tower | C92: Ground | D92: IT/82 | E92: 44918 | G92: Core wall | H92: Inspection of formwork Core wall after concrete Zone 1 GF | J92: Grid 9-10, A to C | K92: A | L92: 44925
... A100: 91 | B100: I Tower | C100: Ground | D100: IT/90 | E100: 44925 | G100: Core wall | H100: Inspection of core wall 2nd height before concrete Zone 1 GF | J100: Grid 9-10 & A to C | K100: A | L100: 44928
A101: 92 | B101: I Tower | C101: Ground | D101: IT/91
A102: 93 | B102: I Tower | C102: Ground | D102: IT/92 | E102: 44925 | G102: Columns formwork | H102: Inspection of columns formwork before concrete Zone 2 GF | J102: Grid 16A, 15A, and 14A, 14B, 14D | K102: A | L102: 44927
A103: 94 | B103: I Tower | C103: Ground | D103: IT/93
A104: 95 | B104: I Tower | C104: Ground | D104: IT/94 | E104: 44927 | G104: Columns formwork | H104: Inspection of columns formwork before concrete Zone 2 GF | J104: Grid 16B, 16D and 16A, 15A, 15B, 15D, 15F | K104: A | L104: 44928
A105: 96 | B105: I Tower | C105: Ground | D105: IT/95
A106: 97 | B106: I Tower | C106: Ground | D106: IT/96 | E106: 44927 | G106: SW formwork | H106: Inspection of formwork shear wall before concrete SW1, SW2 Zone 3 | J106: Grid 17F | K106: A | L106: 44928
A107: 98 | B107: I Tower | C107: Ground | D107: IT/97
A108: 99 | B108: I Tower | C108: Ground | D108: IT/98 | E108: 44928 | G108: Columns formwork | H108: Inspection of formwork of columns Zone 3 GF before concrete | J108: Grid 19A, 21B, 21S, 18D, 18F, 17D, and 17F, 16F and 16B, 16D | K108: A | L108: 44928
A109: 100 | B109: I Tower | C109: Ground | D109: IT/99
A110: 101 | B110: I Tower | C110: Ground | D110: IT/100 | E110: 44929 | G110: SW formwork | H110: Inspection of SW formwork before concrete Zone 2 - 3 | J110: Grid 16F, 17D, 18D, & 18F, 19F 21D, 21B, 23A, 21A | K110: A | L110: 44936
A111: 102 | B111: I Tower | C111: Ground | D111: IT/101
A112: 103 | B112: I Tower | C112: Ground | D112: IT/102 | E112: 44931 | G112: Columns formwork | H112: Inspection of columns formwork before concrete | J112: Grid 19B, 19D, 23B, 23D, 23F, 18F, 19A, 19F, 21A, 21B, 21D, 23A | K112: A | L112: 44931
A113: 104 | B113: I Tower | C113: Ground | D113: IT/103 | E113: 44931 | G113: Columns formwork | H113: Inspection of columns formwork after concrete | J113: Grid 19B, 19D, 23B, 23D, 23F, 18F, 19A, 19F, 21A, 21B, 21D, 23A | K113: OP
A114: 105 | B114: I Tower | C114: Ground | D114: IT/104 | E114: 44931 | G114: Shoring | H114: Inspection of shoring stability GF Zone 1 | J114: Grid 1-10/11, A to F | K114: OP
A115: 106 | B115: I Tower | C115: Ground | D115: IT/105 | E115: 44932 | G115: Slab | H115: Inspection of slab formwork layout and level Zone 2 GF | J115: Grid A to F, center 10/11-15 | K115: A | L115: 44933
A116: 107 | B116: I Tower | C116: Ground | D116: IT/106 | E116: 44933 | G116: Columns formwork | H116: Inspection of columns formwork before concrete Zone 3 GF | J116: Grid 24B, 24D, 24F and 19B, 19D, 23B, 23D, 23F | K116: A | L116: 44933
A117: 108 | B117: I Tower | C117: Ground | D117: IT/107 | E117: 44935 | G117: Columns formwork | H117: Inspection of columns formwork before concrete Zone 3 GF | J117: Grid 25A, 26A, 26B, 26 B/C, 26D, 26D/E, 26F, 23Fand 24B | K117: A | L117: 44936
A118: 109 | B118: I Tower | C118: Ground | D118: IT/108 | E118: 44936 | G118: Slab formwork | H118: Inspection of slab formwork layout and level Zone 2 GF | J118: Grid A to F, center 15 to bw 16/17, 17 & balcony formwork 13-16 | K118: A | L118: 44946
A119: 110 | B119: I Tower | C119: Ground | D119: IT/109 | E119: 44940 | G119: Core wall | H119: Inspection of core wall Zone 3 GF | J119: Grid 17-18 & A-B | K119: A | L119: 44943
A120: 111 | B120: I Tower | C120: 1st Floor | D120: IT/110 | E120: 44942 | G120: Column Formwork | H120: Inspection of column formwork Zone 1 1st Floor before concrete | J120: Grid 1A, 1B, 1C, 1E, 1F, 2A, 4A, 3B | K120: A | L120: 44943
A121: 112 | B121: I Tower | C121: 2nd Floor | D121: IT/111 | E121: 44945 | G121: Columns Formwork | H121: Inspection of formwork columns Zone 1 1st floor before concrete | J121: Grid 3d, 3f, 6A, 6B, 6D, 6F, 8D, 8F | K121: A | L121: 44946
A122: 113 | B122: I Tower | C122: Ground | D122: IT/112 | E122: 44947 | G122: Core Wall | H122: Inspection of core wall Zone 3 GF Formwork before concrete 2nd height | J122: Grid 17-18, A-B | K122: A | L122: 44959
A123: 114 | B123: I Tower | C123: Ground | D123: IT/113 | E123: 44947 | G123: Slab formwork | H123: Inspection of slab formwork Zone 3 GF Layout, level | J123: Grid A-F/16-17, Balcony 17-21 and A-F | K123: B | L123: 44959
A124: 115 | B124: I Tower | C124: Ground | D124: IT/114 | E124: 44952 | G124: Canopy formwork | H124: Inspection of canopy formwork 5 nos Zone 1 GF | J124: Grid 1 to 10-11 and A to F | K124: A | L124: 44959
A125: 116 | B125: I Tower | C125: Ground | D125: IT/115 | E125: 44952 | G125: Canopy formwork | H125: Inspection of canopy formwork 5 nos Zone 3 GF | J125: Grid 16-17 to 26 and A to F | K125: A | L125: 44959
A126: 117 | B126: I Tower | C126: 1st Floor | D126: IT/116 | E126: 44952 | G126: Columns formwork | H126: Inspection of columns formwok 1st Floor Zone 1 before concrete | J126: Grid 8A, 8B, 9D, 9F, 10D, 10F SW1, SW2 Grid 8-9 and B-E | K126: A | L126: 44959
... A178: 170 | B178: I Tower | C178: 5th Floor | D178: IT/168 | E178: 45026 | G178: Column formwork | H178: Inspection of columns formwork Zone 5 (18 Nos) | J178: Grid 11-16 & A-F | K178: A | L178: 45030
A179: 171 | B179: I Tower | C179: 4th floor | D179: IT/169
A180: 172 | B180: I Tower | C180: 5th Floor | D180: IT/170 | E180: 45029 | G180: Slab formwork | H180: Inspection of slab formwork Zone 1, layout, level before concrete | J180: Grid 1 to 10-11 | K180: A | L180: 45035
A181: 173 | B181: I Tower | C181: 6th Floor | D181: IT/171 | E181: 45032 | G181: Slab formwork | H181: Inspection of slab formwork Zone 1 (+73.75') | J181: Grid 1 & 10 to 11 | K181: A | L181: 45054
A182: 174 | B182: I Tower | C182: 6th floor | D182: IT/172 | E182: 45045 | G182: Slab formwork | H182: Inspection of slab formwork Zone 2 | I182: (+73.75') | J182: Grid 10 to 11 & 16 to 17 | K182: A | L182: 45054
A183: 175 | B183: I Tower | C183: 5th Floor | D183: IT/173 | E183: 45046 | G183: Columns formwork | H183: Inspection of columns formwork Zone 3 | J183: Grid 17 to 18 | K183: A | L183: 45054
A184: 176 | B184: I Tower | C184: 5th Floor | D184: IT/174 | E184: 45047 | G184: Columns formwork | H184: Inspection of columns formwork Zone 3 (5 Nos) columns Zone 3 | J184: Grid 19 to 21 | K184: A | L184: 45054
A185: 177 | B185: I Tower | C185: 5th Floor | D185: IT/175 | E185: 45047 | G185: Shear wall formwork | H185: Inspection of shear wall formwork Zone 3 (2 Nos) before concrete | J185: Grid 18 to 19 | K185: A | L185: 45054
A186: 178 | B186: I Tower | C186: 5th Floor | D186: IT/176 | E186: 45048 | G186: Columns formwork | H186: Inspection of columns formwork Zone 3 (11 Nos) before concrete Zone 3 | J186: Grid 21-26 to F-G | K186: A | L186: 45054
A187: 179 | B187: I Tower | C187: 5th Floor | D187: IT/177 | E187: 45052 | G187: Slab formwork | H187: Inspection of slab formwork Zone | J187: Grid 16-17 to 26 | K187: A | L187: 45063
A188: 180 | B188: I Tower | C188: 5th Floor | D188: IT/178 | E188: 45052 | G188: Core wall formwork | H188: Inspection of core wall formwork Zone 3 before concrete Zone 3 | J188: Grid 17-18 to A-B | K188: B | L188: 45054
A189: 181 | B189: I Tower | C189: Basement | D189: IT/179 | E189: 45052 | G189: RW Starter | H189: Inspection of RW Starter Zone 8 | J189: Grid 12-15 and U onwards | K189: A | L189: 45054
...

Sheet IIL L1 Tower IR
C1: PROJECT: CONSTRUCTION OF LAKE CITY ROOF GARDEN APARTMENTS
J2: IR STATUS
D3: INSPECTION REQUEST LOG (L1 Tower) IIL-CSL | J3: Fully Approved (A) | L3: =COUNTIFS(K:K,"A") -> 119
J4: Approved with comments (B) | L4: =COUNTIFS(K:K, "B") -> 54
J5: Rejected ( R) | L5: =COUNTIFS(K:K, "R") -> 1 | N5: As of : | O5: =TODAY() -> 46010
J6: Open/Pending (OP) | L6: =COUNTIFS(K:K, "OP") -> 2
J7: Total | L7: =SUM(L3:L6) -> 176
A9: Sr. | B9: Work Package | C9: Floor | D9: IR No. | E9: Submission Date | F9: Inspection Date | G9: Element | H9: Activity Description | I9: Level | J9: Location/ Grid Ref | K9: IR Status | L9: IR closing Date | M9: Pour Card No. | N9: Concrete Qty (m3) | O9: Status
A10: 1 | B10: Sub Structure | C10: Basement | D10: L1-T/01 | E10: 45013 | G10: RW formwork | H10: Inspection of RW formwork Zone 4 | J10: Grid G to L after 26 | K10: A | L10: 45019
A11: 2 | B11: Sub Structure | C11: Basement | D11: L1-T/02 | E11: 45014 | G11: Column formwork | H11: Inspection of columns formwork Zone 4 before concrete (11 Nos) | J11: Grid 22-26 and G-R | K11: A | L11: 45019
A12: 3 | B12: Sub Structure | C12: Basement | D12: L1-T/03 | E12: 45016 | G12: Column formwork | H12: Inspection of columns formwork Zone 4 before concrete (14 Nos) | J12: Grid 22-26 and K-U | K12: A | L12: 45019
A13: =1+A12 -> 4 | B13: Sub Structure | C13: Basement | D13: L1-T/04 | E13: 45017 | G13: Column formwork | H13: Inspection of columns formwork Zone 4 Basement before concrete (8 Nos) | J13: Grid 20-21 and H-M | K13: A | L13: 45022
A14: =1+A13 -> 5 | B14: Sub Structure | C14: Basement | D14: L1-T/05 | E14: 45023 | G14: RW formwork | H14: Inspection of RW formwork Zone 4 | J14: Grid L to T after 26 | K14: A | L14: 45026
A15: =1+A14 -> 6 | B15: Sub Structure | C15: Basement | D15: L1-T/06 | E15: 45023 | G15: Column formwork | H15: Inspection of columns formwork Zone 4 &5 before concrete | J15: Grid 15-22 and G-U | K15: A | L15: 45026
A16: =1+A15 -> 7 | B16: Sub Structure | C16: Basement | D16: L1-T/07 | E16: 45023 | G16: RW formwork | H16: Inspection of RW formwork Zone 4 | J16: Grid L to T after T till end | K16: A | L16: 45026
A17: =1+A16 -> 8 | B17: Sub Structure | C17: Basement | D17: L1-T/08 | E17: 45026 | G17: Column formwork | H17: Inspection of column formwork before concrete Zone 5 | J17: Grid 15-19, Q-S | K17: A | L17: 45030
A18: =1+A17 -> 9 | B18: Sub Structure | C18: Basement | D18: L1-T/09 | E18: 45026 | G18: RW formwork | H18: Inspection of RW Formwork Zone 4 | J18: Grid 22-26 after U | K18: A | L18: 45030
A19: =1+A18 -> 10 | B19: Sub Structure | C19: Basement | D19: L1-T/10 | E19: 45026 | G19: CW formwork | H19: Inspection of CW formwork before concrete Zone 4 | J19: Grid H-J and 23-24 | K19: A | L19: 45030
A20: =1+A19 -> 11 | B20: Sub Structure | C20: Basement | D20: L1-T/11 | E20: 45032 | G20: Slab formwork | H20: Inspection of slab formwork Zone 4 down part basement floor | J20: Grid G-U & 23 to 26 | K20: A | L20: 45054
B21: Sub Structure | C21: Basement | D21: L1-T/12 | E21: 45048 | G21: RW formwork | H21: Inspection of RW Basement Zone 6 | J21: Grid 16-17 to 20-21 & S | K21: A | L21: 45054
A22: =1+A20 -> 12 | B22: Sub Structure | C22: Basement | D22: L1-T/13 | E22: 45051 | G22: Slab formwork | H22: Inspection of Slab formwork Zone 4 uppaart Floor layout level | J22: Grid G-U & 20-26 | K22: A | L22: 45063
A23: =1+A22 -> 13 | B23: Sub Structure | C23: Basement | D23: L1-T/14 | E23: 45056 | G23: Slab formwork | H23: Inspection of slab formwork Zone 5 down part basement floor, | J23: Grid N-U, 15-26 | K23: A | L23: 45069
A24: =1+A23 -> 14 | B24: Sub Structure | C24: Basement | D24: L1-T/15 | E24: 45058 | G24: RW Formwork | H24: Inspection of RW formwork Zone 4 | J24: Grid after U & 15-17 | K24: A | L24: 45063
A25: =1+A24 -> 15 | B25: Sub Structure | C25: Basement | D25: L1-T/16 | E25: 45063 | G25: Lift CW formwork | H25: Inspection of Lift CW formwork Zone 4 basement before concrete | J25: Grid N-Q and 20-22 | K25: B | L25: 45069
A26: =1+A25 -> 16 | B26: Sub Structure | C26: Basement | D26: L1-T/17 | E26: 45065 | G26: Slab formwork | H26: Inspection of slab formwork Zone 4 & 5 up part basement floor | J26: Grid N-S & 15-26 | K26: B | L26: 45072
A27: =1+A26 -> 17 | B27: Sub Structure | C27: Basement | D27: L1-T/18 | E27: 45062 | G27: Column formwork | H27: Inspection of column formwork Zone 5 Basement floor before concrete | J27: Grid 15-19 and N-Q | K27: B | L27: 45061
A28: =1+A27 -> 18 | B28: Sub Structure | C28: Basement | D28: L1-T/19 | E28: 45073 | G28: Column formwork | H28: Inspection of column formwork 1st height Zone 4 before concrete | J28: Grid 20-26 and G-M | K28: A | L28: 45076
A29: =1+A28 -> 19 | B29: Sub Structure | C29: Basement | D29: L1-T/20 | E29: 45073 | G29: Column formwork | H29: Inspection of column formwork 2nd height Zone 4 before concrete | J29: Grid 20-26 and G-M | K29: A | L29: 45076
A30: =1+A29 -> 20 | B30: Sub Structure | C30: Basement | D30: L1-T/21 | E30: 45076 | G30: Column formwork | H30: Inspection of columns formwork Zone 4 before concrete (9 Nos) | J30: Grid 20-26 and G-M | K30: A | L30: 45093
A31: =1+A30 -> 21 | B31: Sub Structure | C31: Basement | D31: L1-T/22 | E31: 45076 | G31: Column formwork | H31: Inspection of columns formwork Zone 4 before concrete (4 Nos) | J31: Grid 20-26 and G-M | K31: A | L31: 45093
B32: Sub Structure | C32: Ground floor | D32: L1-T/23 | E32: 45076 | G32: CW formwork | H32: Inspection of Service CW formwork Zone 4 before concrete (1 Nos) | J32: Grid H-J and 23-24 | K32: A | L32: 45093
B33: Sub Structure | C33: Ground floor | D33: L1-T/24 | E33: 45078 | G33: Service lift formwork | H33: Inspection of service lift formwork Zone 4 | J33: upper portion | K33: A | L33: 45093
B34: Sub Structure | C34: Ground floor | D34: L1-T/25 | E34: 45081 | G34: Slab formwork | H34: Inspection of slab formwork Zone 4 before cW, layout, level | J34: Grid G-M & 20-26 | K34: A | L34: 45093
B35: Sub Structure | C35: Ground floor | D35: L1-T/26 | E35: 45079 | G35: Column formwork | H35: Inspection of columns formwork Zone 4 & 5 before concrete (7 Nos) | J35: Grid 18-26 and Q-U | K35: A | L35: 45093
B36: Sub Structure | C36: Ground floor | D36: L1-T/27 | E36: 45080 | G36: Column formwork | H36: Inspection of columns formwork Zone 4 before concrete (8 Nos) | J36: Grid 20-26 and N-S | K36: A | L36: 45093
B37: Sub Structure | C37: Ground floor | D37: L1-T/28 | E37: 45081 | G37: CW formwork | H37: Inspection of CW formwork Zone 4 before concrete | J37: Grid N-Q and 20-22 | K37: A | L37: 45093
B38: Sub Structure | C38: Ground floor | D38: L1-T/29 | E38: 45081 | G38: Column formwork | H38: Inspection of columns formwork (6 Nos) Zone 4 & 5 before concrete | J38: Grid 15-26 and U | K38: A | L38: 45093
B39: Sub Structure | C39: Ground floor | D39: L1-T/30 | E39: 45083 | G39: Column formwork | H39: Inspection of columns formwork Zone 5 before concrete | J39: Grid 15-19 and N-U | K39: A | L39: 45093
B40: Sub Structure | C40: Ground floor | D40: L1-T/31 | E40: 45085 | G40: Column formwork | H40: Inspection of columns formwork 3 Nos 2nd height 10 Nos Zone 5 GF before concrete | J40: Grid 15-19 and N-U | K40: A | L40: 45093
B41: Sub Structure | C41: Ground floor | D41: L1-T/32 | E41: 45085 | G41: CW formwork | H41: Inspection of CW Formwork Zone 4 2nd height before concrete | J41: Grid N-Q and 20-22 | K41: A | L41: 45093
B42: Sub Structure | C42: Ground floor | D42: L1-T/33 | E42: 45087 | G42: Slab formwork | H42: Inspection of slab formwork Zone 4 remaining part, layout, level | J42: Grid N-U & 20-26 | K42: A | L42: 45093
B43: Sub Structure | C43: Ground floor | D43: L1-T/34 | E43: 45085 | G43: Column formwork | H43: Inspection of columns formwork (4 Nos) 1st height Zone 5 before concrete | J43: Grid 15-18 and S | K43: A | L43: 45093
... B52: Sub Structure | C52: 1st Floor | D52: L1-T/43 | E52: 45122 | G52: Slab formwork | H52: Inspection of slab formwork Zone 4 layout and level | J52: Grid G-S & 20-26 | K52: A | L52: 45154
B53: Sub Structure | C53: Ground floor | D53: L1-T/44
B54: Sub Structure | C54: 1st floor | D54: L1-T/45 | E54: 45122 | G54: Column formwork | H54: Inspection of columns formwork Zone 4 before concrete (8 NOS) | J54: Grid 18-21 and N-U | K54: A | L54: 44928
B55: Sub Structure | C55: Ground floor | D55: L1-T/46 | E55: 45125 | G55: Column formwork | H55: Inspection of columns formwork (12 Nos) before concrete | J55: Grid 15-17 and N-U | K55: A | L55: 45134
B56: Sub Structure | C56: 2nd Floor | D56: L1-T/47 | E56: 45138 | G56: Column formwork | H56: Inspection of columns formwork (14 Nos) Zone 4 before concrete | J56: Grid G to N, 3 to 7 | K56: A | L56: 45154
B57: Sub Structure | C57: 2nd Floor | D57: L1-T/48 | E57: 45140 | G57: Column formwork | H57: Inspection of columns (7 Nos) formwork Zone 4 before concrete | J57: Grid G to N, 26 | K57: A | L57: 45154
B58: Sub Structure | C58: 2nd Floor | D58: L1-T/49 | E58: 45140 | G58: CW Service | H58: Inspection of Service CW formwork Zone 4 before concrete | J58: Grid H-J and 23-24 | K58: A | L58: 45154
B59: Sub Structure | C59: 1st Floor | D59: L1-T/50 | E59: 45141 | G59: Slab formwork | H59: Inspection of slab formwork Zone 5 layout, level | J59: Grid N-U, 15-26 | K59: A | L59: 45154
B60: Sub Structure | C60: 2nd Floor | D60: L1-T/51 | E60: 45142 | G60: Column formwork | H60: Inspection of columns (3 Nos) formwork Zone 4 before concrete | J60: Grid P-Q, 24-26 | K60: A | L60: 45154
B61: Sub Structure | C61: 2nd Floor | D61: L1-T/52 | E61: 45143 | G61: CW formwork | H61: Inspection of CW formwork Zone 4 before concrete | J61: Grid N-Q and 20-22 | K61: B | L61: 45154
B62: Sub Structure | C62: 2nd Floor | D62: L1-T/53 | E62: 45154 | G62: Slab formwork | H62: Inspection of slab formwork Zone 4 , layout and level | J62: Grid G-S & 20-26 | K62: A | L62: 45170
B63: Sub Structure | C63: 2nd Floor | D63: L1-T/54 | E63: 45159 | G63: Column formwork | H63: Inspection of columns formwork Zone 5 (11 Nos) before concrete | J63: Grid 15-17 and N-U | K63: A | L63: 45166
B64: Sub Structure | C64: 3rd floor | D64: L1-T/55 | E64: 45163 | G64: Column formwork | H64: Inspection of columns formwork (12 Nos) before concrete | J64: Grdi 20-26 and G-L | K64: A | L64: 45170
B65: Sub Structure | C65: 3rd floor | D65: L1-T/56 | E65: 45164 | G65: Column formwork | H65: Inspection of columns formwork (7 Nos) Zone 4 before concrete | J65: Grid 20-26 and G-M | K65: A | L65: 45175
... B82: Sub Structure | C82: 4th Floor | D82: L1-T/73 | E82: 45215 | G82: Column formwork | H82: Inspection of column (15 Nos) formwork Zone 5 before concrete | J82: Grid 18-15 & N-U | K82: A | L82: 45217
B83: Sub Structure | C83: 4th Floor | D83: L1-T/74 | E83: 45224 | F83: 45223 | G83: CW formwork | H83: Inspection of CW formwork Zone 4 before concrete | J83: Grid N-Q and 20-22 | K83: B | L83: 45226
B84: Sub Structure | C84: 4th Floor | D84: L1-T/75 | E84: 45218 | G84: Column formwork | H84: Inspection of (15 Nos) formwork Zone 5 | J84: Grid 26-15 & N-U | K84: A | L84: 45217
B85: Sub Structure | C85: 5th Floor | D85: L1-T/76 | E85: 45218 | F85: 45218 | G85: Slab formwork | H85: Inspection of slab formwork Zone 4 layout and level | J85: Grid G-M & 20-26 | K85: A | L85: 45223
B86: Sub Structure | C86: 4th Floor | D86: L1-T/77 | E86: 45220 | F86: 45220 | G86: Column formwork | H86: Inspection of column formwrok (3 Nos) Zone 4 & 5 before concrete | J86: Grid 24-26 & N-Q | K86: A | L86: 45223
B87: Sub Structure | C87: 4th Floor | D87: L1-T/78 | E87: 45222 | F87: 45222 | G87: Slab formwork | H87: Inspection of slab formwork Zone 5 layout and level | J87: Grid N-U & 15-26 | K87: B | L87: 45227
B88: Sub Structure | C88: 6th Floor | D88: L1-T/79 | E88: 45228 | F88: 45228 | G88: column formwork | H88: Inspection of column formwork (6 Nos) Zone 4 before concrete | J88: Grid 20-26 & K-M | K88: B | L88: 45230
B89: Sub Structure | C89: 5th Floor | D89: L1-T/80 | E89: 45229 | F89: 45229 | G89: Column formwork | H89: Inspection of columns (16 Nos) formwork Zone 5 before concrete | J89: Grid 15-18 & N-U | K89: A | L89: 45230
B90: Sub Structure | C90: 5th Floor | D90: L1-T/81 | E90: 45230 | F90: 45230 | G90: Column formwork | H90: Inspection of column (4 Nos) formwork Zone 5 before concrete | J90: Grid 19 & N-U | K90: A | L90: 45238
B91: Sub Structure | C91: 5th Floor | D91: L1-T/82 | E91: 45230 | F91: 45231 | G91: Column formwork | H91: Inspection of column (13 Nos) formwork zone 5 before concrete | J91: Grid 20-26 & N-U | K91: B | L91: 45232
B92: Sub Structure | C92: 6th Floor | D92: L1-T/83 | E92: 45230 | F92: 45229 | G92: column formwork | H92: Inspection of column (6 Nos) formwork Zone 4 before concrete | J92: Grid 20-26 & L-G | K92: A | L92: 45238
B93: Sub Structure | C93: 6th Floor | D93: L1-T/84 | E93: 45230 | F93: 45231 | G93: Column formwork | H93: Inspection of columns (6 Nos) formwork Zone 4 before concrete | J93: Grid 20-26 & G-J | K93: A | L93: 45248
B94: Sub Structure | C94: 6th Floor | D94: L1-T/85 | E94: 45230 | F94: 45231 | G94: CW formwork | H94: Inspection of CW formwork Zone 4 before concrete | J94: Grid H-J & 23-24 | K94: A | L94: 45232
B95: Sub Structure | C95: 5th Floor | D95: L1-T/86 | E95: 45232 | F95: 45233 | G95: CW formwork | H95: Inspection of CW formwork Zone 4 & 5 before concrete | J95: Grid N-Q and 22 btw 23-24 | K95: B | L95: 45236
B96: Sub Structure | C96: 5th Floor | D96: L1-T/87 | E96: 45234 | F96: 45235 | G96: Slab formwork | H96: Inspection of slab formwork Zone 4 & 5 layout and level | J96: Grid N-U & 15-26 | K96: B | L96: 45240
... B111: Sub Structure | C111: 7th Floor | D111: L1-T/102 | E111: 45264 | F111: 45264 | G111: Column formwork | H111: Inspection of columns (12 Nos) formwork Zone 5 before concrete | J111: Grid 15-17 & N-U | K111: A | L111: 45265
B112: Sub Structure | C112: 7th Floor | D112: L1-T/103 | E112: 45265 | F112: 45265 | G112: Ducts opening | H112: Inspection of Ducts openings size and location Zone 4 | J112: Grid G-R & 20-26 | K112: OP
B113: Sub Structure | C113: 7th Floor | D113: L1-T/104 | E113: 45269 | F113: 45268 | G113: slab formwork | H113: Inspection of slab formwork Zone 4 & 5 layout and level | J113: Grid N-U & 15-26 | K113: B | L113: 45282
B114: Sub Structure | C114: 8th Floor | D114: L1-T/105 | E114: 45271 | F114: 45271 | G114: Column formwork | H114: Inspection of columns (10 Nos) formwork Zone 4 before concrete | J114: Grid 20-22 & G-M | K114: A | L114: 45278
B115: Sub Structure | C115: 8th Floor | D115: L1-T/106 | E115: 45272 | F115: 45272 | G115: Column formwork | H115: Inspection of columns (6 Nos) formwork Zone 4 before concrete | J115: Grid 24-26 & G-N | K115: A | L115: 45278
B116: Sub Structure | C116: 8th Floor | D116: L1-T/107 | E116: 45273 | F116: 45273 | G116: CW formwork | H116: Inspection of CW formwork Zone 4 before concrete | J116: Grid H-J and 23-24 | K116: A | L116: 45278
B117: Sub Structure | C117: 8th Floor | D117: L1-T/108 | E117: 45273 | F117: 45273 | G117: Column formwork | H117: Inspection of columns (9 Nos) formwork Zone 4 before concrete | J117: Grid 26 & G-R | K117: A | L117: 45278
B118: Sub Structure | C118: 7th Floor | D118: L1-T/109 | E118: 45276 | F118: 45276 | G118: CW formwork | H118: Inspection of CW formwork Zone 4 before concrete | J118: Grid 22 btw 23 to 20 & N to Q | K118: B | L118: 45282
B119: Sub Structure | C119: 8th Floor | D119: L1-T/110 | E119: 45279 | F119: 45279 | G119: Slab formwork | H119: Inspection of slab formwork Zone 4, layout and level | J119: Grid G-R & 20-26 | K119: B | L119: 45287
B120: Sub Structure | C120: 8th Floor | D120: L1-T/111 | E120: 45279 | F120: 45279 | G120: Column formwork | H120: Inspection of columns (4 Nos) formwork Zone 4 before concrete | J120: Grid 19-24 & S-T | K120: A | L120: 45282
B121: Sub Structure | C121: 8th Floor | D121: L1-T/112 | E121: 45280 | F121: 45280 | G121: Column formwork | H121: Inspection of columns (12 Nos) formwork Zone 5 before concrete | J121: Grid 18-26 & N-U | K121: A | L121: 45282
B122: Sub Structure | C122: 8th Floor | D122: L1-T/113 | E122: 45281 | F122: 45281 | G122: Column formwork | H122: Inspection of columns (12 Nos) formwork Zone 5 before concrete | J122: Grid 15-17 & N-U | K122: A | L122: 45282
B123: Sub Structure | C123: 7th Floor | D123: L1-T/114 | E123: 45288 | F123: 45288 | G123: slab formwork | H123: Inspection of slab formwork Zone 4 & 5 layout, level | I123: (+106'-9'') | J123: Grid N-U & 15-26 | K123: B | L123: 45300
B124: Sub Structure | C124: 9th Floor | D124: L1-T/115 | E124: 45289 | F124: 45289 | G124: Column formwork | H124: Inspection of columns (10 Nos) formwork Zone 4 before concrete | I124: (+106'-9'') | J124: Grid 20-22 & G-M | K124: A | L124: 45294
B125: Sub Structure | C125: 9th Floor | D125: L1-T/116 | E125: 45290 | F125: 45290 | G125: Column formwork | H125: Inspection of columns (8 Nos) Zone 4 before concrete | I125: (+106'-9'') | J125: Grid 24-26 & G-Q | K125: A | L125: 45294
B126: Sub Structure | C126: 9th Floor | D126: L1-T/117 | E126: 45292 | F126: 45292 | G126: Column formwork | H126: Inspection of columns (7 Nos) formwork Zone 4 before concrete | I126: (+106'-9'') | J126: Grid 22-26 & G-R | K126: A | L126: 45294
B127: Sub Structure | C127: 9th Floor | D127: L1-T/118 | E127: 45292 | F127: 45292 | G127: CW formwork | H127: Inspection of CW formwork Service Zone 4 before concrete | J127: Grid H-J and 23-24 | K127: A | L127: 45294
B128: Sub Structure | C128: Courtyard | D128: L1-T/119 | E128: 45292 | F128: 45293 | G128: Tank Wall fomrowkr | H128: Inspection of Tank Wall formwork (1 Nos) courtyard non tower area | J128: Grid 12-15 & after U | K128: A | L128: 45294
B129: Sub Structure | C129: 9th Floor | D129: L1-T/120 | E129: 45292 | F129: 45292 | G129: Column formwork | H129: Inspection of columns (2 Nos) formwork Zone 4 before concrete | I129: (+106'-9'') | J129: Grid 26 & G-H | K129: A | L129: 45294
B130: Sub Structure | C130: 9th Floor | D130: L1-T/121 | E130: 45294 | F130: 45295 | G130: CW formwork | H130: Inspection of CW formwork Zone 4 before concrete | I130: (+106'-9'') | J130: Grid 23 to 20 & N to Q | K130: B | L130: 45300
B131: Sub Structure | C131: 9th Floor | D131: L1-T/122 | E131: 45295 | F131: 45296 | G131: slab formwork | H131: Inspection of slab formwork Zone 4 layout, level | I131: (+117'-9'') | J131: Grid G-R & 20-26 | K131: B | L131: 45308
B132: Sub Structure | C132: 9th Floor | D132: L1-T/123 | E132: 45296 | F132: 45296 | G132: Column formwork | H132: Inspection of columns (7 Nos) formwork Zone 4 before concrete | I132: (+106'-9'') | J132: Grid 19-26 & N-T | K132: A | L132: 45300
B133: Sub Structure | C133: 9th Floor | D133: L1-T/124 | E133: 45297 | F133: 45298 | G133: Column formwork | H133: Inspection of column (15 Nos) formwork Zone 5 before concrete | I133: (+106'-9'') | J133: Grid 16-26 & N-U | K133: A | L133: 45300
B134: Sub Structure | C134: 9th Floor | D134: L1-T/125 | E134: 45300 | F134: 45300 | G134: Column formwork | H134: Inspection of columns (6 Nos) formwork Zone 5 before concrete | I134: (+106'-9'') | J134: Grid 15-16 & N-U | K134: A | L134: 45308
B135: Sub Structure | C135: 10th Floor | D135: L1-T/126 | E135: 45302 | F135: 45302 | G135: slab formwork | H135: Inspection of slab formwork Zone 4 & 5 level, layout | I135: (+117'-9'') | J135: Grid N-U & 15-26 | K135: B | L135: 45315
B136: Sub Structure | C136: 10th Floor | D136: L1-T/127 | E136: 45302 | F136: 45302 | G136: Column formwork | H136: Inspection of columns (12 Nos) formwork before concrete | I136: (+117'-9'') | J136: Grid 20-24 & G-N | K136: B | L136: 45308
B137: Sub Structure | C137: 10th Floor | D137: L1-T/128 | E137: 45304 | F137: 45304 | G137: SL formwork | H137: Inspection of Service lift formwork Zone 4 before concrete | I137: (+117'-9'') | J137: Grid H-J, 23-24 | K137: A | L137: 45308
B138: Sub Structure | C138: 10th Floor | D138: L1-T/129 | E138: 45304 | F138: 45304 | G138: Column formwork | H138: Inspection of column formwork Zone 4 before concrete | I138: (+117'-9'') | J138: Grid 20-26 & G-T | K138: A | L138: 45308
B139: Sub Structure | C139: 10th Floor | D139: L1-T/130
...

Sheet GE I Tower
C1: PROJECT: CONSTRUCTION OF LAKE CITY ROOF GARDEN APARTMENTS
J2: IR STATUS
D3: INSPECTION REQUEST LOG (I Tower) | J3: Fully Approved (A) | L3: =COUNTIFS(K:K,"A") -> 954
J4: Approved with comments (B) | L4: =COUNTIFS(K:K, "B") -> 333
J5: Rejected ( R) | L5: =COUNTIFS(K:K, "R") -> 82
J6: Open/Pending (OP) | L6: =COUNTIFS(K:K, "OP") -> 32
J7: Total | L7: =SUM(L3:L6) -> 1401
A9: Sr. | B9: Work Package | C9: Floor | D9: IR No. | E9: Submission date | F9: Inspection Date | G9: Element | H9: Activity Description | I9: Level | J9: Location/ Grid Ref | K9: IR Status | L9: IR Closing date | M9: Pour Card No. | N9: Concrete Qty (m3) | O9: Remarks
B10: I TOWER
A11: 1 | B11: Sub Structure | C11: 1st Floor | D11: IT/1 | E11: 45286 | F11: 45286 | G11: brick work | H11: Check layout and allow to start the brick masonry work | J11: Grid A-F/1 | K11: A | L11: 45308
A12: 2 | B12: Sub Structure | C12: 2nd Floor | D12: IT/2 | E12: 45291 | F12: 45291 | G12: brick work | H12: Check layout and allow to start the brick masonry work | J12: Grid A-F/1, A-F/26, A/1-26, F/1-26 | K12: A | L12: 45308
A13: 3 | B13: Sub Structure | C13: 3rd Floor | D13: IT/3 | E13: 45299 | F13: 45300 | G13: brick work | H13: Check the layout and allow to start brick masonry on external sides of building | J13: Grid A-F/1, A-F/26, A/1-26, F/1-26 | K13: A | L13: 45308
A14: 4 | B14: Sub Structure | C14: Basement | D14: IT/4
A15: 5 | B15: Sub Structure | C15: 1st Floor | D15: IT/5 | E15: 45299 | F15: 45300 | G15: masonry work | H15: Check the masonry brick of external sides of building | J15: Grid A-F/1, A-F/26, A/1-26, F/1-26 | K15: B | L15: 45315
A16: 6 | B16: Sub Structure | C16: 5th Floor | D16: IT/6 | E16: 45300 | F16: 45301 | G16: layout | H16: Check the layout of brick and allow the brick work | J16: Grid A-F/1-26 | K16: A | L16: 45308
A17: 7 | B17: Sub Structure | C17: 1st Floor | D17: IT/7 | E17: 45301 | F17: 45302 | G17: formwork | H17: Check formwork of vertical band and allow for concrete work | J17: Grid F/9-10 | K17: A | L17: 45315
A18: 8 | B18: Sub Structure | C18: 4th Floor | D18: IT/8 | E18: 45302 | F18: 45303 | G18: layout | H18: Check layout and allow to start brick work Zone 1 on external sides | J18: Grid 1-9/A-F | K18: A | L18: 45308
A19: 9 | B19: Sub Structure | C19: 1st Floor | D19: IT/9 | E19: 45303 | F19: 45304 | G19: concrete work | H19: Check the formwork of vertical band & allow to start the concrete work | J19: Grid F/11-12 | K19: B | L19: 45315
A20: 10 | B20: Sub Structure | C20: 2nd Floor | D20: IT/10 | E20: 45303 | F20: 45304 | G20: brick work | H20: Check the complete brick work of external sies | J20: Grid A-F/1-26 | K20: B | L20: 45315
A21: 11 | B21: Sub Structure | C21: 1st Floor | D21: IT/11 | E21: 45306 | F21: 45307 | G21: vertical formwork | H21: Check vertical formwork and allow to start the concrete work | J21: Grid F/6-8 | K21: R | L21: 45315
A22: 12 | B22: Sub Structure | C22: 3rd Floor | D22: IT/12 | E22: 45306 | F22: 45307 | G22: masonry work | H22: Check brick masonry work Zone 1 on external sides of building | J22: Grid A-F/1-9 | K22: B | L22: 45315
A23: 13 | B23: Sub Structure | C23: 4th Floor | D23: IT/13 | E23: 45306 | F23: 45307 | G23: layout | H23: Check the layout and allow to start brick masonry on external sides of building | J23: Grid A-F/1-26 | K23: A | L23: 45321
A24: 14 | B24: Sub Structure | C24: 3rd Floor | D24: IT/14 | E24: 45307 | F24: 45308 | G24: masonry work | H24: Check the brick masonry bwork Zone 3 on external sides | J24: Grid A-F/18-26 | K24: B | L24: 45315
A25: 15 | B25: Sub Structure | C25: 5th Floor | D25: IT/15 | E25: 45307 | F25: 45308 | G25: masonry work | H25: Check the brick masonry bwork Zone 1 on external sides | J25: Grid A-F/1-9 | K25: B | L25: 45315
A26: 16 | B26: Sub Structure | C26: 6th Floor | D26: IT/16 | E26: 45307 | F26: 45308 | G26: masonry work | H26: Check layout and allow to start the brick masonry work Zone 1 | J26: Grid A-F/1-9 | K26: A | L26: 45315
... A29: 19 | B29: Sub Structure | C29: 1st Floor | D29: IT/19 | E29: 45310 | F29: 45310 | G29: formwork | H29: Check vertical band formwork and allow to start the concrete work | J29: Grid F/15-16 | K29: A | L29: 45315
A30: 20 | B30: Sub Structure | C30: 2nd Floor | D30: IT/20 | E30: 45310 | F30: 45310 | G30: formwork | H30: Check reinforcement and formwork of beam/slab and allow to start the work | I30: (30') | J30: Grid F/9-10, 11-12, 13-14 | K30: A | L30: 45315
A31: 21 | B31: Sub Structure | C31: 1st Floor | D31: IT/21 | E31: 45311 | F31: 45312 | G31: formwork | H31: Check formwork vertical band and allow to start the concrete work | J31: Grid F/6-8 | K31: B | L31: 45315
A32: 22 | B32: Sub Structure | C32: 1st Floor | D32: IT/22 | E32: 45313 | F32: 45314 | G32: formwork | H32: Check vertical band formwork and allow to start the concrete work | J32: Grid F/17-18, C-E/1 | K32: A | L32: 45315
A33: 23 | B33: Sub Structure | C33: 7th Floor | D33: IT/23 | E33: 45313 | F33: 45314 | G33: layout | H33: Check the layout and allow to start brick masonry of external sides of building | J33: Grid A-F/1-26 | K33: A | L33: 45315
A34: 24 | B34: Sub Structure | C34: 8th Floor | D34: IT/24 | E34: 45315 | F34: 45316 | G34: layout | H34: Check layout and allow to start the brick masonry of external sides of building | J34: Grid A-F/1-26 | K34: A | L34: 45321
A35: 25 | B35: Sub Structure | C35: 2nd Floor | D35: IT/25 | E35: 45315 | F35: 45316 | G35: vertical layout | H35: Check vertical layout band | I35: (+30') | J35: Grid F/6-21 | K35: OP
A36: 26 | B36: Sub Structure | C36: 1st Floor | D36: IT/26 | E36: 45315 | F36: 45316 | G36: formwork | H36: Check formwork of FB3, SEC 3b--3B & allow to start the concrete work | I36: (+19') | J36: Grid F/6-12 | K36: A | L36: 45321
A37: 27 | B37: Sub Structure | C37: 1st Floor | D37: IT/27 | E37: 45315 | F37: 45316 | G37: vertical formwork | H37: Check vertical formwork and allow to start the concrete work | I37: (+19') | J37: Grid F/19-21 | K37: A | L37: 45321
A38: 28 | B38: Sub Structure | C38: 2nd Floor | D38: IT/28 | E38: 45315 | F38: 45316 | G38: vertical reinforcement | H38: Check vertical reinforcement and allow to start the formwork | I38: (+30') | J38: Grid F/6-21 | K38: R | L38: 45316
A39: 29 | B39: Sub Structure | C39: 2nd Floor | D39: IT/29 | E39: 45316 | F39: 45315 | G39: reinforcement | H39: Check formwork and reinforcement of beam & allow to start the concrete work | I39: (+30') | J39: Grid F/6-8, 15-16, 17-18, 19-21 | K39: A | L39: 45337
A40: 30 | B40: Sub Structure | C40: 3rd Floor | D40: IT/30 | E40: 45316 | F40: 45317 | G40: brick work | H40: Check brick masonry work Zone 2 | J40: Grid A-F/9-18 | K40: B | L40: 45321
A41: 31 | B41: Sub Structure | C41: 4th Floor | D41: IT/31 | E41: 45316 | F41: 45317 | G41: brick work | H41: Check the brick masonry work | I41: (+52') | J41: Grid A-F/1-26 | K41: B | L41: 45321
A42: 32 | B42: Sub Structure | C42: 5th Floor | D42: IT/32 | E42: 45316 | F42: 45317 | G42: brick work | H42: Kindly brick masonry work Zone 3 | J42: Grid A-F/18-26 | K42: B | L42: 45321
A43: 33 | B43: Sub Structure | C43: 2nd Floor | D43: IT/33 | E43: 45318 | F43: 45318 | G43: reinforcement | H43: Check vertical reinforcement and allow to start the formwork | I43: (+30') | J43: Grid F/9-14 | K43: A | L43: 45321
A44: 34 | B44: Sub Structure | C44: 2nd Floor | D44: IT/34 | E44: 45318 | F44: 45319 | G44: formwork | H44: Check vertical formwork and allow to start the concrete work | I44: (+30') | J44: Grid F/9-14 | K44: A | L44: 45321
A45: 35 | B45: Sub Structure | C45: 2nd Floor | D45: IT/35 | E45: 45320 | F45: 45320 | G45: reinforcement | H45: Check vertical band reinforcement and allow to start the formwork | I45: (+30') | J45: Grid F/6-8, 15-16 | K45: A | L45: 45339
A46: 36 | B46: Sub Structure | C46: 2nd Floor | D46: IT/36 | E46: 45320 | F46: 45321 | G46: formwork | H46: Check formwork and allow to start the concrete work | I46: (+30') | J46: Grid F/6-8, 15-16, | K46: A | L46: 45328
A47: 37 | B47: Sub Structure | C47: 1st Floor | D47: IT/37 | E47: 45320 | F47: 45321 | G47: reinforcement | H47: Check reinforcement and allow to start the formwork | I47: (+19'') | J47: Grid F/6-21 | K47: A | L47: 45324
A48: 38 | B48: Sub Structure | C48: 1st floor | D48: IT/38 | E48: 45320 | F48: 45321 | G48: formwork | H48: Check formwork and allow to start concrete work | I48: (+19') | J48: Grid F/13-21 | K48: B | L48: 45328
A49: 39 | B49: Sub Structure | C49: 1st Floor | D49: IT/39 | E49: 45321 | F49: 45321 | G49: reinforcement | H49: Check reinforcement and allow to start ehe formwork | I49: (+19.00) | J49: Grid F/8-9 | K49: A | L49: 45337
A50: 40 | B50: Sub Structure | C50: 1st floor | D50: IT/40 | E50: 45321 | F50: 45321 | G50: formwork | H50: Check formwork and allow to start the concrete work | I50: (+19') | J50: Grid F/8-9 | K50: B | L50: 45328
A51: 41 | B51: Sub Structure | C51: 1st Floor | D51: IT/41 | E51: 45321 | F51: 45322 | G51: vertical reinforcement | H51: Check vertical band reinforcement and allow to start the formwork | I51: (+19') | J51: Grid A-B/1, C-E/26 | K51: A | L51: 45324
A52: 42 | B52: Sub Structure | C52: 1st Floor | D52: IT/42 | E52: 45321 | F52: 45322 | G52: vertical reinforcement | H52: Check vertical band formwork and allow to start the concrete work | I52: (+19') | J52: Grid A-B/1, C-E/26 | K52: B | L52: 45328
A53: 43 | B53: Sub Structure | C53: 2nd Floor | D53: IT/43 | E53: 45321 | F53: 45322 | G53: vertical reinforcement | H53: Check vertical band reinforcement and allow to start the formwork | I53: (+30') | J53: Grid F/17-21 | K53: A | L53: 45324
A54: 44 | B54: Sub Structure | C54: 2nd Floor | D54: IT/44 | E54: 45321 | F54: 45322 | G54: vertical reinforcement | H54: Check vertical band reinforcement and allow to start the formwork | I54: (+30') | J54: Grid F/17-21 | K54: A | L54: 45328
A55: 45 | B55: Sub Structure | C55: 3rd Floor | D55: IT/45 | E55: 45321 | F55: 45322 | G55: layout | H55: Check layout and allow to start brick masonry on external sides of building | J55: Grid A-F/1-26 | K55: A | L55: 45328
A56: 46 | B56: Sub Structure | C56: 5th Floor | D56: IT/46 | E56: 45292 | F56: 45324 | G56: masonry work | H56: Check the brick masonry work Zone 2 | J56: Grid A-F/9-18 | K56: B | L56: 45328
A57: 47 | B57: Sub Structure | C57: 6th Floor | D57: IT/47 | E57: 45292 | F57: 45324 | G57: masonry work | H57: Check the brick masonry work Zone | I57: (+74') | J57: Grid A-F/1-26 | K57: B | L57: 45328
A58: 48 | B58: Sub Structure | C58: 7th Flor | D58: IT/48 | E58: 45292 | F58: 45324 | G58: masonry work | H58: Check the brick masonry work Zone | I58: (+85') | J58: Grid A-F/1-26 | K58: B | L58: 45328
A59: 49 | B59: Sub Structure | C59: 2nd Floor | D59: IT/49 | E59: 45292 | F59: 45324 | G59: reinforcement | H59: Check formwork and reinforcement of beams / slab and allow to start the concrete work | I59: (+30') | J59: Grid A-E/1, A-E/26 | K59: A | L59: 45337
A60: 50 | B60: Sub Structure | C60: 2nd Floor | D60: IT/50 | E60: 45325 | F60: 45325 | G60: reinforcement | H60: Check reinforcement and formwork of beam/slab and allow to start the concrete | I60: (+40.75'') | J60: Grid F/6-10,C-E/1 | K60: A | L60: 45341
A61: 51 | B61: Sub Structure | C61: 10th Floor | D61: IT/51 | E61: 45294 | F61: 45294 | G61: masonry work | H61: Check layout and allow to start the masonry work on external sides | J61: Grid A-F/1-26 | K61: A | L61: 45328
A62: 52 | B62: Sub Structure | C62: 3rd Floor | D62: IT/52 | E62: 45331 | F62: 45331 | G62: reinforcement | H62: Check reinforcement and formwork and allow to start the concrete work | I62: (+40.75'') | J62: Grid F/6-10, A-E/1 | K62: A | L62: 45339
A63: 53 | B63: Sub Structure | C63: 3rd Floor | D63: IT/53 | E63: 45332 | F63: 45332 | G63: concrete work | H63: Check reinforcement and formwork and allow to start the concrete work | I63: (+40.75) | J63: Grid F/6-10 | K63: B | L63: 45337
A64: 54 | B64: Sub Structure | C64: 3rd Floor | D64: IT/54 | E64: 45332 | F64: 45334 | G64: slab reinforcement | H64: Check slab and beam reinforcement and allow to start the formwork Zone 2 | I64: (+40.75) | J64: Grid F/11-16 | K64: B | L64: 45337
A65: 55 | B65: Sub Structure | C65: 4th Floor | D65: IT/55 | E65: 45303 | F65: 45304 | G65: reinforcement | H65: Check vertical reinforcement and allow to start the formwork | I65: (+51.75') | J65: Grid F/6-10 | K65: A | L65: 45337
A66: 56 | B66: Sub Structure | C66: 4th Floor | D66: IT/56 | E66: 45303 | F66: 45304 | G66: formwork | H66: Check vertical formwork and allow to start the concrete work | I66: (+51.75') | J66: Grid F/6-10 | K66: B | L66: 45339
A67: 57 | B67: Sub Structure | C67: 8th Floor | D67: IT/57 | E67: 45303 | F67: 45304 | G67: masonry work | H67: Check brick masonry work | I67: (+96') | J67: Grid A-F/1-26 | K67: B | L67: 45341
A68: 58 | B68: Sub Structure | C68: 9th Floor | D68: IT/58 | E68: 45303 | F68: 45304 | G68: masonry work | H68: Check brick masonry work of external sides | I68: (+107'-0) | J68: Grid A-F/1-26 | K68: B | L68: 45341
A69: 59 | B69: Sub Structure | C69: 3rd floor | D69: IT/59 | E69: 45336 | F69: 45337 | G69: vertical formwork | H69: Check vertical formwork bends & allow to start the concrete work | I69: (+40.75') | J69: Grid F/11-16 | K69: B | L69: 45341
A70: 60 | B70: Sub Structure | C70: 3rd Floor | D70: IT/60 | E70: 45337 | F70: 45338 | G70: slab reinforcement | H70: Check formwork and slab reinforcement Zone 3 | I70: (+40.75) | J70: Grid F/17-21 | K70: A | L70: 45341
A71: 61 | B71: Sub Structure | C71: 4th Floor | D71: IT/61 | E71: 45337 | F71: 45337 | G71: reinforcement | H71: Check vertical band reinforcement and allow to start the formwork | I71: (+51.75) | J71: Grid F/11-12 | K71: A | L71: 45339
A72: 62 | B72: Sub Structure | C72: 4th Floor | D72: IT/62 | E72: 45337 | F72: 45338 | G72: formwork | H72: Check vertical bends formwork and allow to start the concrete work | I72: (+51.75) | J72: Grid F/11-12 | K72: B | L72: 45341
A73: 63 | B73: Sub Structure | C73: 11th Floor | D73: IT/63 | E73: 45337 | F73: 45338 | G73: layout | H73: Check layout and allow to start the brick work Zone 1 | J73: Grid A-F/1-10 | K73: A | L73: 45341
A74: 64 | B74: Sub Structure | C74: 3rd Floor | D74: IT/64 | E74: 45338 | F74: 45339 | G74: beam formwork | H74: Check beam formwork and allow to start the reinforcement Zone 2 | I74: (+40.75) | J74: Grid F/11-16 | K74: B | L74: 45349
A75: 65 | B75: Sub Structure | C75: 3rd Floor | D75: IT/65 | E75: 45338 | F75: 45339 | G75: reinforcement | H75: Check vertical bends reinforcement and allow to start the formwork | I75: (+40.75) | J75: Grid F/17-21 | K75: A | L75: 45349
A76: 66 | B76: Sub Structure | C76: 5th Floor | D76: IT/66 | E76: 45341 | F76: 45341 | G76: slab/beam formwork | H76: Check slab/beam formwork and allow to start the reinforcement Zone 1 | I76: (+62.75') | J76: Grid F/6-10 | K76: A | L76: 45357
A77: 67 | B77: Sub Structure | C77: 4th Floor | D77: IT/67 | E77: 45341 | F77: 45342 | G77: vertical reinforcement | H77: Check vertical band reinforcement and allow to start formwork | I77: (+51.75) | J77: Grid F/13-21 | K77: A | L77: 45349
A78: 68 | B78: Sub Structure | C78: 4th Floor | D78: IT/68 | E78: 45341 | F78: 45342 | G78: vertical bends | H78: Check vertical bends formwork and allow to start the concrete work | I78: (+51.75) | J78: Grid F/13-16 | K78: A | L78: 45349
A79: 69 | B79: Sub Structure | C79: 3rd floor | D79: IT/69 | E79: 45343 | F79: 45343 | G79: reinforcement | H79: Check beam reinforcement and allow to start the formwork Zone 3 | I79: (+40.75) | J79: Grid F/17-21 | K79: B | L79: 45349
A80: 70 | B80: Sub Structure | C80: 3rd floor | D80: IT/70 | E80: 45343 | F80: 45343 | G80: formwork | H80: Check beam formwork and allow to start the concrete work Zone 3 | I80: (+40.75) | J80: Grid F/17-21 | K80: R | L80: 45384
A81: 71 | B81: Sub Structure | C81: 5th Floor | D81: IT/71 | E81: 45343 | F81: 45344 | G81: reinforcement | H81: Check vertical reinforcement and allow to start the formwork | I81: (+62.75) | J81: Grid F/6-10 | K81: A | L81: 45348
A82: 72 | B82: Sub Structure | C82: 5th Floor | D82: IT/72 | E82: 45343 | F82: 45344 | G82: formwork | H82: Check vertical bends formwork and allow to start the concrete work | I82: (+62.75) | J82: Grid F/6-10 | K82: B | L82: 45357
A83: 73 | B83: Sub Structure | C83: 4th Floor | D83: IT/73 | E83: 45344 | F83: 45344 | G83: vertical formwork | H83: Check vertical bends formwork and allow to start the concrete work | I83: (+51.75') | J83: Grid F/17-18, | K83: B | L83: 45349
A84: 74 | B84: Sub Structure | C84: 10ht Floor | D84: IT/74 | E84: 45344 | F84: 45345 | G84: mosonry work | H84: Check brick masonry work | I84: (+118.00) | J84: Grid A-F/1-26 | K84: B | L84: 45357
A85: 75 | B85: Sub Structure | C85: 5th Floor | D85: IT/75 | E85: 45345 | F85: 45345 | G85: slab formwork | H85: Check slab formwork and allow to start the reinforcement Zone 2 | I85: (+62.75') | J85: Grid F/11-12 | K85: B | L85: 45349
... A120: 110 | B120: Sub Structure | C120: 7th Floor | D120: IT/110 | E120: 45360 | F120: 45361 | G120: formwork | H120: Check vertical bends formwork and allow to start the concrete work | I120: (+84.75) | J120: Grid F/11-14 | K120: B | L120: 45369
A121: 111 | B121: Sub Structure | C121: 7th Floor | D121: IT/111 | E121: 45362 | F121: 45362 | G121: reinforcement | H121: Check vertical bends formwork & allow to start the formwork | J121: Grid F/15-16 | K121: A | L121: 45365
A122: 112 | B122: Sub Structure | C122: 7th Floor | D122: IT/112 | E122: 45362 | F122: 45362 | G122: formwork | H122: Check vertical bends formwork and allow to start the concrete work | I122: (+84.75) | J122: Grid F/15-16 | K122: B | L122: 45364
A123: 113 | B123: Sub Structure | C123: 6th Floor | D123: IT/113 | E123: 45362 | F123: 45362 | G123: reinforcement | H123: Check vertical bends reifnrocement and allow to start the formwork | I123: (+73.75) | J123: Grid F/19-21 | K123: A | L123: 45366
A124: 114 | B124: Sub Structure | C124: 5th Floor | D124: IT/114 | E124: 45362 | F124: 45362 | G124: beam formwork | H124: Check beam formwork and allow to start the concrete work Zone 2 | I124: (+62.75) | J124: Grid F/14-16 | K124: B | L124: 45364
A125: 115 | B125: Sub Structure | C125: 6th Floor | D125: IT/114A | E125: 45362 | F125: 45362 | G125: formwork | H125: Check vertical bends formwork and allow to start the concrete work | I125: (+73.75) | J125: Grid F/19-21 | K125: A | L125: 45364
A126: 116 | B126: Sub Structure | C126: 2nd floor | D126: IT/115 | E126: 45367 | F126: 45367 | G126: layout | H126: Check layout and allow to start the internal brick masonry work | I126: (+30.0) | J126: Grid C-F/8-13 | K126: B | L126: 45369
A127: 117 | B127: Sub Structure | C127: 7th Floor | D127: IT/116 | E127: 45363 | F127: 45363 | G127: reinforcement | H127: Check vertical bends reinforcement and allow to start the formwork | I127: (+84.75) | J127: Grid F/17-18 | K127: A | L127: 45373
A128: 118 | B128: Sub Structure | C128: 7th Floor | D128: IT/117 | E128: 45363 | F128: 45363 | G128: formwork | H128: Check vertical bends formwork and allow to start the concrete work | I128: (+84.75) | J128: Grid F/17-18 | K128: B | L128: 45369
A129: 119 | B129: Sub Structure | C129: 1st Floor | D129: IT/118 | E129: 45367 | F129: 45367 | G129: reinforcement | H129: Check reinforcement of RCC Lintels (14 Nos) and allow to start the concrete work | I129: (+19.0'') | K129: A | L129: 45373
A130: 120 | B130: Sub Structure | C130: 2nd Floor | D130: IT/119 | E130: 45369 | F130: 45369 | G130: layout | H130: Check layout and allow to start internal brick masonry | I130: (+30.00') | J130: Grid C-F/12-19 | K130: B | L130: 45373
A131: 121 | B131: Sub Structure | C131: 1st floor | D131: IT/120 | E131: 45368 | F131: 45368 | G131: Lintel reinforcement | H131: Check RCC Lintels reinforcement and allow to start the concrete work | I131: (+19.00'') | J131: Grid A/110 | K131: A | L131: 45373
A132: 122 | B132: Sub Structure | C132: 1st floor | D132: IT/121 | E132: 45371 | F132: 45371 | G132: Lintel reinforcement | H132: Check RCC Lintels Zone 3 | I132: (+19.00'') | J132: Grid A/110 | K132: A | L132: 45416
A133: 123 | B133: Sub Structure | C133: 1st Floor | D133: IT/122 | E133: 45376 | F133: 45376 | G133: Lintel reinforcement | H133: Check RCC lintels reinforcement and allow to start the concrete work | I133: (+19.00'') | J133: Grid A/110 | K133: A | L133: 45384
A134: 124 | B134: Sub Structure | C134: 2nd Floor | D134: IT/123 | E134: 45378 | F134: 45379 | G134: reinforcement | H134: Check RCC Lintels reinforcement and allow to start the concret work Zone 1 | I134: (+30.00) | J134: Grid A/111 | K134: A | L134: 45384
A135: 125 | B135: Sub Structure | C135: 11th Floor | D135: IT/124 | E135: 45379 | F135: 45379 | G135: brick work | H135: Check completed external brick masonry work | I135: (+131.00) | J135: Grid A-F/1-26 | K135: OP
A136: 126 | B136: Sub Structure | C136: 1st Floor | D136: IT/125 | E136: 45379 | F136: 45380 | G136: masonry work | H136: Check internal brick masonry work | I136: (+19.00) | J136: Grid A-F/1-9 | K136: B | L136: 45387
A137: 127 | B137: Sub Structure | C137: 1st Floor | D137: IT/126 | E137: 45379 | F137: 45380 | G137: masonry work | H137: Check internal brick masonry work | I137: (+19.00) | J137: Grid A-C/10-17, C-F/16-19 | K137: B | L137: 45404
...

Sheet GE L2 Tower 
C1: PROJECT: CONSTRUCTION OF LAKE CITY ROOF GARDEN APARTMENTS
J2: IR STATUS
D3: INSPECTION REQUEST LOG (L2 Tower) | J3: Fully Approved (A) | L3: =COUNTIFS(K:K,"A") -> 663
J4: Approved with comments (B) | L4: =COUNTIFS(K:K, "B") -> 73
J5: Rejected ( R) | L5: =COUNTIFS(K:K, "R") -> 19
J6: Open/Pending (OP) | L6: =COUNTIFS(K:K, "OP") -> 19
J7: Total | L7: =SUM(L3:L6) -> 774
A9: Sr. | B9: Work Package | C9: Floor | D9: IR No. | E9: Submission date | F9: Inspection Date | G9: Element | H9: Activity Description | I9: Level | J9: Location/ Grid Ref | K9: IR Status | L9: IR Closing date | M9: Pour Card No. | N9: Concrete Qty (m3) | O9: Remarks
B10: I TOWER
A11: 1 | B11: Sub Structure | C11: basement | D11: LT-2-001 | E11: 45436 | F11: 45432 | G11: column formwork | H11: Check columns (10 Nos) formwork Zone 6 & 7 | I11: (-11.75) | J11: Grid Q-T/1, T/3-11 | K11: A | L11: 45441
A12: 2 | B12: Sub Structure | C12: basement | D12: LT-2-002 | E12: 45436 | F12: 45433 | G12: vertical formwork | H12: Check columns (11 Nos) formwork Zone 7 | I12: (-11.75) | J12: Grid G-P/1, L-M/7, N/3 | K12: B | L12: 45441
A13: 3 | B13: Sub Structure | C13: basement | D13: LT-2-003 | E13: 45436 | F13: 45434 | G13: vertical formwork | H13: Check vertical columns (6 Nos) formwork Zone 6 & 7 | I13: (-11.75) | J13: Grid R-T/12, H-K/7, G/3, N/10 | K13: A | L13: 45441
A14: 4 | B14: Sub Structure | C14: basement | D14: LT-2-004 | E14: 45436 | F14: 45435 | G14: vertical formwork | H14: Check columns (5 Nos) formwork Zone 6 & 7 | I14: (-11.75) | J14: Grid R/12, N/12, G/3-6 | K14: B | L14: 45441
A15: 5 | B15: Sub Structure | C15: basement | D15: LT-2-005 | E15: 45436 | F15: 45436 | G15: vertical formwork | H15: Check columns (5 Nos) formwork Zone 6 & 7 | I15: (-11.75) | J15: Grid T/12, G/7, K-L/5 | K15: A | L15: 45441
A16: 6 | B16: Sub Structure | C16: basement | D16: LT-2-006 | E16: 45437 | F16: 45437 | G16: column formwork | H16: Check vertical columns (3 Nos) formwork Zone 6 | I16: (-11.75) | J16: Grid R/12, N/10-11 | K16: B | L16: 45444
A17: 7 | B17: Sub Structure | C17: basement | D17: LT-2-007 | E17: 45439 | F17: 45439 | G17: column formwork | H17: Check vertical columns (5 Nos) formwork Zone 6 & 7 | I17: (-11.75) | J17: Grid L/5, N/9, P-R/10, P/11 | K17: A | L17: 45444
A18: 8 | B18: Sub Structure | C18: basement | D18: LT-2-008 | E18: 45440 | F18: 45440 | G18: column formwork | H18: Check columns (5 Nos) formwork Zone 6 & 7 | I18: (-11.75) | J18: Grid M/5, N/8, P-R/9, R/11 | K18: A | L18: 45446
A19: 9 | B19: Sub Structure | C19: basement | D19: LT-2-009 | E19: 45441 | F19: 45441 | G19: column formwork | H19: Check columns (5 Nos) formwork Zone 6 & 7 | I19: (-11.75) | J19: Grid M/3, P/3, R/3, P/8, R/8 | K19: A | L19: 45446
A20: 10 | B20: Sub Structure | C20: basement | D20: LT-2-010 | E20: 45443 | F20: 45443 | G20: RW formwork | H20: Check RW formwork Zone 6 | I20: (-11.75) | J20: Grid 10-13 | K20: B | L20: 45450
A21: 11 | B21: Sub Structure | C21: basement | D21: LT-2-011 | E21: 45444 | F21: 45444 | G21: column formwork | H21: Check columns (2 Nos) formwork Zone 7 | I21: (-11.75) | J21: Grid R/5, R/7 | K21: A | L21: 45450
A22: 12 | B22: Sub Structure | C22: basement | D22: LT-2-012 | E22: 45448 | F22: 45448 | G22: ramp formwork | H22: Check ramp formwork Zone 6 | I22: (-11.75 to +0.0) | J22: Grid Q-S/6-12 | K22: B | L22: 45455
... A36: 26 | B36: Sub Structure | C36: basement | D36: LT-2-026 | E36: 45481 | F36: 45481 | G36: lift stair formwork | H36: Check lift & stair formwork Zone 7 | I36: (-11.75') | J36: Grid N-P/4-7 | K36: B | L36: 45483
A37: 27 | B37: Sub Structure | C37: basement | D37: LT-2-027
A38: 28 | B38: Sub Structure | C38: basement | D38: LT-2-028 | E38: 45484 | F38: 45484 | G38: beam formwork | H38: Check beam formwork & SOG Zone 7 | I38: (+0.000) | J38: Grid S-U/1-7 | K38: B | L38: 45491
A39: 29 | B39: Sub Structure | C39: basement | D39: LT-2-029 | E39: 45486 | F39: 45486 | G39: beam formwork | H39: Check beam and slab formwork Zone 7 | I39: (+2.0) | J39: Grid N-S/1-7 | K39: B | L39: 45493
A40: 30 | B40: Sub Structure | C40: basement | D40: LT-2-030 | E40: 45493 | F40: 45493 | G40: formwork | H40: Check columns (5 Nos) formwork Zone 6 | I40: (+0.00) | J40: Grid U/8, U/10, U/9, U/11, U/12 | K40: A | L40: 45496
A41: 31 | B41: Sub Structure | C41: basement | D41: LT-2-031 | E41: 45494 | F41: 45494 | G41: formwork | H41: Check columns (5 Nos) formwork Zone 6 | I41: (+0.00) | J41: Grid N/12, S/10, S/11, S/12 | K41: A | L41: 45496
A42: 32 | B42: Sub Structure | C42: basement | D42: LT-2-032 | E42: 45494 | F42: 45494 | G42: formwork | H42: Check vertical columns (6 Nos) formwork Zone 7 | I42: (+0.00) | J42: Grid G/1, G/5, G/7, H/1, H/7, J/1 | K42: B | L42: 45496
A43: 33 | B43: Sub Structure | C43: 1st floor | D43: LT-2-033 | E43: 45495 | F43: 45495 | G43: formwork | H43: Check vertical column formwork (4 Nos) Zone 6 | I43: (+0.00) | J43: grid U/9, U/10, U/11, U/12 | K43: A | L43: 45496
A44: 34 | B44: Sub Structure | C44: GF | D44: LT-2-034 | E44: 45495 | F44: 45495 | G44: formwork | H44: Check vertical columns (5 Nos) formwork Zone 6 & 7 | I44: (+0.00) | J44: Grid H/5, K/7, L/7, N/9, N/10 | K44: B | L44: 45496
A45: 35 | B45: Sub Structure | C45: GF | D45: LT-2-035 | E45: 45495 | F45: 45495 | G45: formwork | H45: Check formwork of vertical columns (2 Nos) Zone 6 | I45: (+0.00) | J45: Grid S/9, Q/11 | K45: A | L45: 45499
A46: 36 | B46: Sub Structure | C46: basement | D46: LT-2-036 | E46: 45496 | F46: 45496 | G46: formwork | H46: Check vertical column formwork (6 Nos) for first height Zone 6 & 7 | I46: (+0.00) | J46: Grid G/2, L/1, M/1, M/7, N/8 | K46: A | L46: 45499
A47: 37 | B47: Sub Structure | C47: GF | D47: LT-2-037 | E47: 45496 | F47: 45496 | G47: formwork | H47: Check vertical columns (6 Nos) formwork Zone 6 & 7 | I47: (+0.00) | J47: Grid H/5, N/9, N/10, N/12, S/12, U/8 | K47: A | L47: 45499
A48: 38 | B48: Sub Structure | C48: GF | D48: LT-2-038 | E48: 45496 | F48: 45496 | G48: formwork | H48: Check vertical columns formwork Zone 6 | I48: (+0.00) | J48: Grid M/3, M/5, N/3, P/1, Q/1, Q/9/ P/10, P/12, R/1, T/1, U/1 | K48: A | L48: 45499
A49: 39 | B49: Sub Structure | C49: GF | D49: LT-2-039 | E49: 45497 | F49: 45497 | G49: formwork | H49: Check vertical columns (4 Nos) for second height Zone 7 | I49: (+0.00) | J49: Grid G/5, G/7, H/7, K/7 | K49: B | L49: 45499
... A67: 57 | B67: Sub Structure | C67: 1st floor | D67: LT-2-057 | E67: 45514 | F67: 45514 | G67: column formwork | H67: Check columns (8 Nos) formwork Zone 7 | I67: (+18.75) | J67: Grid G/5, 7, H/5,7, K/5, L/5, 7 | K67: A | L67: 45517
A68: 58 | B68: Sub Structure | D68: LT-2-058
A69: 59 | B69: Sub Structure | C69: 1st floor | D69: LT-2-059 | E69: 45516 | F69: 45516 | G69: column formwork | H69: Check columns (7 Nos) formwork Zone 7 | I69: (+18.75) | J69: Grid G/1, H/1, J/1, K/1, L/1, M/1, R/1 | K69: B | L69: 45519
A70: 60 | B70: Sub Structure | C70: 1st floor | D70: LT-2-060 | E70: 45516 | F70: 45516 | G70: column formwork | H70: Check columns (7 Nos) formwork Zone 7 | I70: (+18.75) | J70: Grid G/3, K/3, L/3, M/3, L/5, L/7, S/8 | K70: A | L70: 45519
A71: 61 | B71: Sub Structure | C71: 1st floor | D71: LT-2-061 | E71: 45516 | F71: 45516 | G71: lift formwork | H71: Check lift service formwork Zone 7 | I71: (+18.75) | J71: Grid H-J/3-4 | K71: A | L71: 45525
A72: 62 | B72: Sub Structure | C72: 1st floor | D72: LT-2-062 | E72: 45517 | F72: 45517 | G72: column formwork | H72: Check columns (7 Nos) formwork Zone 7 | I72: (+18.75) | J72: Grid N/3, Q/3, S/3,7, U/3-4, U/6 | K72: B | L72: 45524
A73: 63 | B73: Sub Structure | C73: 1st floor | D73: LT-2-063 | E73: 45517 | F73: 45517 | G73: column formwork | H73: Check columns (4 Nos) formwork Zone 7 | I73: (+18.75) | J73: Grid P/1, Q/1, T/1, U/1 | K73: B | L73: 45524
A74: 64 | B74: Sub Structure | C74: 2nd floor | D74: LT-2-064 | E74: 45520 | F74: 45520 | G74: beam formwork | H74: Check beam and slab formwork Zone 6 | I74: (+29.75) | J74: Grid M-U/7-12 | K74: B | L74: 45528
A75: 65 | B75: Sub Structure | C75: 1st floor | D75: LT-2-065 | E75: 45523 | F75: 45523 | G75: lift formwork | H75: Check lift & stair walls formwork Zone 7 | I75: (+18.75) | J75: Grid N-P/4-7 | K75: B | L75: 45525
A76: 66 | B76: Sub Structure | C76: 2nd floor | D76: LT-2-066 | E76: 45523 | F76: 45523 | G76: slab formwork | H76: Check beam & slab formwork Zone 7 | I76: (+29.75) | J76: Grid G-N/1-8 | K76: B | L76: 45532
A77: 67 | B77: Sub Structure | C77: 2nd floor | D77: LT-2-067 | E77: 45532 | F77: 45532 | G77: column formwork | H77: Check columns (5 Nos) formwork Zone 7 | I77: (+29.75) | J77: Grid S/8, S/10, S/11-12 | K77: A | L77: 45538
A78: 68 | B78: Sub Structure | C78: 2nd floor | D78: LT-2-068 | E78: 45532 | F78: 45532 | G78: column formwork | H78: Check columns (5 Nos) formwork Zone 7 | I78: (+29.75) | J78: Grid U/8-11, S/12 | K78: A | L78: 45538
A79: 69 | B79: Sub Structure | C79: 2nd floor | D79: LT-2-069 | E79: 45533 | F79: 45533 | G79: formwork | H79: Check vertical columns formwork Zone 7 | I79: (+29.75) | J79: Grid S/3,5 T/1, U/3-4 | K79: A | L79: 45538
A80: 70 | B80: Sub Structure | C80: basement | D80: LT-2-070 | E80: 45534 | F80: 45534 | G80: formwork | H80: Check formwork of internal walls of septic tank Zone 7 | I80: (-11.75) | J80: Grid G-L/1-1 | K80: A | L80: 45538
... A114: 104 | B114: Sub Structure | C114: 4th floor | D114: LT-2-104 | E114: 45559 | F114: 45559 | G114: formwork | H114: Check beam & slab formwork zone 7 | I114: (+51.75) | J114: Grid G-U/1-8 | K114: B | L114: 45567
A115: 105 | B115: Sub Structure | C115: 4th floor | D115: LT-2-105 | E115: 45559 | F115: 45559 | G115: formwork | H115: Check slab/beam formwork zone 7 | I115: (+51.75) | J115: Grid G-K/1-5 | K115: OP
A116: 106 | B116: Sub Structure | C116: 4th floor | D116: LT-2-106 | E116: 45560 | F116: 45560 | G116: formwork | H116: Check columns (10 Nos) formwork zone 7 | I116: (+51.75 to +62.75) | J116: Grid U/6,8,9,10,11,12,S/7,8,9,10 | K116: A | L116: 45565
A117: 107 | B117: Sub Structure | C117: 4th floor | D117: LT-2-107 | E117: 45561 | F117: 45561 | G117: formwork | H117: Check columns (10 Nos), shear wall (1 Nos) formwork zone 6 | I117: (+51.75 to +62.75) | J117: Grid N/8-12, Q/8-12, S/11-12 | K117: A | L117: 45565
A118: 108 | B118: Sub Structure | C118: 4th floor | D118: LT-2-108 | E118: 45565 | F118: 45565 | G118: formwork | H118: Check columns (10 Nos) formwork and one no shear wall zone 6 & 7 | I118: (+51.75 to +62.75) | J118: Grid U/1,3,4, T/1, S/3,5, R/1, Q/1,3 P/1, N/11 | K118: A | L118: 45567
A119: 109 | B119: Sub Structure | C119: 4th floor | D119: LT-2-109 | E119: 45566 | F119: 45566 | G119: formwork | H119: Check columns (10 Nos) formwork zone 7 | I119: (+51.75 to +62.75) | J119: Grid K/1-5, L/1-5, M/1-5, N/3 | K119: A | L119: 45569
A120: 110 | B120: Sub Structure | C120: 6th floor | D120: LT-2-110 | E120: 45567 | F120: 45567 | G120: formwork | H120: Check beam / slab formwork zone 6 | I120: (+62.75) | J120: Grid M-U/8-12 | K120: B | L120: 45576
A121: 111 | B121: Sub Structure | C121: 4th floor | D121: LT-2-111 | E121: 45567 | F121: 45567 | G121: formwork | H121: Check columns (10 Nos) formwork zone 7 | I121: (+51.75 to +62.75) | J121: Grid G/1,3,5,7, H/1,5,7,J/1, K/7, L/7, M/7 | K121: A | L121: 45574
A122: 112 | B122: Sub Structure | C122: 4th floor | D122: LT-2-112 | E122: 45569 | F122: 45569 | G122: formwork | H122: Check lift formwork and stair case shear wall zone 7 | I122: (+51.75 to +62.75) | J122: Grid N-R/4-7 | K122: A | L122: 45574
A123: 113 | B123: Sub Structure | C123: basement | D123: LT-2-113 | E123: 45570 | F123: 45570 | G123: formwork | H123: Check internal wall formwork of rain water tank zone 7 | I123: (-11.75 to +0.00) | J123: Grid L-Q/1 | K123: B | L123: 45574
A124: 114 | B124: Sub Structure | C124: 5th floor | D124: LT-2-114 | E124: 45572 | F124: 45572 | G124: formwork | H124: Check beam & slab formwork zone 7 | I124: (+62.0) | J124: Grid G-U/1-8 | K124: B | L124: 45589
A125: 115 | B125: Sub Structure | C125: 4th floor | D125: LT-2-115 | E125: 45574 | F125: 45573 | G125: formwork | H125: Check service lift formwork zone 7 | I125: (+51.75 to +62.75) | J125: Grid H-J/3-4 | K125: A | L125: 45576
A126: 116 | B126: Sub Structure | C126: 5th floor | D126: LT-2-116 | E126: 45575 | F126: 45575 | G126: formwork | H126: Check columns (10 Nos) formworik zone 6 | I126: (+62.75 to +73.75) | J126: Grid U/8-12, S/8-12 | K126: A | L126: 45576
A127: 117 | B127: Sub Structure | C127: basement | D127: LT-2-117 | E127: 45575 | F127: 45575 | G127: formwork | H127: Check external wall water tank formwork zone 7 | I127: (-11.75 to +0'-00'') | J127: Grid L-Q/1 | K127: A | L127: 45580
... A143: 133 | B143: Sub Structure | C143: 6th floor | D143: LT-2-133 | E143: 45592 | F143: 45592 | G143: formwork | H143: Check columns (11 Nos) formwork zone 7 | I143: (+73.75 to +84.75) | J143: Grid N/3, Q/3, R/1, S/3,5, T/1, U/1,3,4,6 | K143: A | L143: 45596
B144: Sub Structure | C144: basement | D144: LT-2-134 | E144: 45593 | F144: 45593 | G144: formwork | H144: Check rain water harvesting tank slab/sog formowrk zone 7 | I144: (+0'-00'') | J144: Grid P-T/1, T/1-3 | K144: A | L144: 45602
B145: Sub Structure | C145: 6th floor | D145: LT-2-135 | E145: 45593 | F145: 45593 | G145: formwork | H145: Check columns (7 Nos) formwork zone 7 | I145: (+73.75 to +84.75) | J145: Grid P/1, M/1,3,5,7, L/5,7 | K145: A | L145: 45596
B146: Sub Structure | C146: 6th floor | D146: LT-2-136 | E146: 45594 | F146: 45594 | G146: formwork | H146: Check columns (7 Nos) formwork zone 7 | I146: (+73.75 to +84.75) | J146: Grid L/1, L/3, K/1,3,5, J/1, H/5 | K146: A | L146: 45602
B147: Sub Structure | C147: 7th floor | D147: LT-2-137 | E147: 45594 | F147: 45594 | G147: formwork | H147: Check beam and slab formwork zone 6 & 7 | I147: (+84.75) | J147: Grid M-U/5-12 | K147: B | L147: 45602
B148: Sub Structure | C148: 6th floor | D148: LT-2-138 | E148: 45595 | F148: 45595 | G148: formwork | H148: Check columns (5 Nos) formwork zone 7 | I148: (+73.75 to +84.75) | J148: Grid G/3,5,7, H/7, K/7 | K148: A | L148: 45602
B149: Sub Structure | C149: 6th floor | D149: LT-2-139 | E149: 45595 | F149: 45596 | G149: formwork | H149: Check lift & stair formwork zone 7 | I149: (+73.75 to +84.75) | J149: Grid N-R/4-7 | K149: A | L149: 45602
B150: Sub Structure | C150: 6th floor | D150: LT-2-140 | E150: 45598 | F150: 45598 | G150: formwork | H150: Check service lift formwork zone 7 | I150: (+73.75 to +84.75) | J150: Grid H-J/3-4 | K150: A | L150: 45602
B151: Sub Structure | C151: 6th floor | D151: LT-2-141 | E151: 45598 | F151: 45598 | G151: formwork | H151: Check columns (2 Nos) formwork zone 7 | I151: (+73.75 to +84.75) | J151: Grid G/1, H/1 | K151: A | L151: 45602
B152: Sub Structure | C152: 7th floor | D152: LT-2-142 | E152: 45600 | F152: 45601 | G152: formwork | H152: Check beam & slab formwork zone 7 | I152: (+84.75) | J152: Grid G-U/1-9 | K152: B | L152: 45605
